subject,predicate,object,weight
file:_local/pbp_transcripts/PbP10 - The Second Camp.md,contains,chunk_168646,
file:_local/pbp_transcripts/PbP10 - The Second Camp.md,contains,chunk_168647,
file:_local/pbp_transcripts/PbP10 - The Second Camp.md,contains,chunk_168648,
file:_local/pbp_transcripts/PbP10 - The Second Camp.md,contains,chunk_168649,
file:_local/pbp_transcripts/PbP10 - The Second Camp.md,contains,chunk_168650,
file:_local/pbp_transcripts/PbP10 - The Second Camp.md,contains,chunk_168651,
file:_local/pbp_transcripts/PbP10 - The Second Camp.md,contains,chunk_168653,
file:_local/pbp_transcripts/PbP10 - The Second Camp.md,contains,chunk_168654,
file:_local/pbp_transcripts/PbP10 - The Second Camp.md,contains,chunk_168655,
file:_local/pbp_transcripts/PbP10 - The Second Camp.md,contains,chunk_168656,
file:_local/pbp_transcripts/PbP10 - The Second Camp.md,contains,chunk_168657,
file:_local/pbp_transcripts/PbP10 - The Second Camp.md,contains,chunk_168658,
file:_local/pbp_transcripts/PbP10 - The Second Camp.md,contains,chunk_168660,
file:_local/pbp_transcripts/PbP10 - The Second Camp.md,contains,chunk_168661,
file:_local/pbp_transcripts/PbP10 - The Second Camp.md,contains,chunk_168662,
file:_local/pbp_transcripts/PbP10 - The Second Camp.md,contains,chunk_168663,
file:_local/pbp_transcripts/PbP10 - The Second Camp.md,contains,chunk_168664,
file:_local/pbp_transcripts/PbP10 - The Second Camp.md,contains,chunk_168665,
file:_local/pbp_transcripts/PbP10 - The Second Camp.md,contains,chunk_168666,
file:_local/pbp_transcripts/PbP10 - The Second Camp.md,contains,chunk_168671,
file:_local/pbp_transcripts/PbP10 - The Second Camp.md,contains,chunk_168672,
file:_local/pbp_transcripts/PbP10 - The Second Camp.md,contains,chunk_168673,
file:_local/pbp_transcripts/PbP10 - The Second Camp.md,contains,chunk_168675,
file:_local/pbp_transcripts/PbP10 - The Second Camp.md,contains,chunk_168676,
file:_local/pbp_transcripts/PbP10 - The Second Camp.md,contains,chunk_168677,
file:_local/pbp_transcripts/PbP10 - The Second Camp.md,contains,chunk_168678,
file:_local/pbp_transcripts/PbP10 - The Second Camp.md,contains,chunk_168680,
file:_local/pbp_transcripts/PbP10 - The Second Camp.md,contains,chunk_168682,
file:_local/pbp_transcripts/PbP10 - The Second Camp.md,contains,chunk_168683,
file:_local/pbp_transcripts/PbP10 - The Second Camp.md,contains,chunk_168684,
file:_local/pbp_transcripts/PbP10 - The Second Camp.md,contains,chunk_168686,
file:_local/pbp_transcripts/PbP10 - The Second Camp.md,contains,chunk_168687,
file:_local/pbp_transcripts/PbP10 - The Second Camp.md,contains,chunk_168688,
file:_local/pbp_transcripts/PbP10 - The Second Camp.md,contains,chunk_168689,
file:_local/pbp_transcripts/PbP10 - The Second Camp.md,contains,chunk_168690,
file:_local/pbp_transcripts/PbP10 - The Second Camp.md,contains,chunk_168691,
file:_local/pbp_transcripts/PbP10 - The Second Camp.md,contains,chunk_168692,
file:_local/pbp_transcripts/PbP10 - The Second Camp.md,contains,chunk_168693,
file:_local/pbp_transcripts/PbP10 - The Second Camp.md,contains,chunk_168694,
file:_local/pbp_transcripts/PbP10 - The Second Camp.md,contains,chunk_168695,
file:_local/pbp_transcripts/PbP10 - The Second Camp.md,contains,chunk_168696,
file:_local/pbp_transcripts/PbP10 - The Second Camp.md,contains,chunk_168697,
file:_local/pbp_transcripts/PbP10 - The Second Camp.md,contains,chunk_168698,
file:_local/pbp_transcripts/PbP10 - The Second Camp.md,contains,chunk_168700,
file:_local/pbp_transcripts/PbP10 - The Second Camp.md,contains,chunk_168704,
file:_local/pbp_transcripts/PbP10 - The Second Camp.md,contains,chunk_168705,
file:_local/pbp_transcripts/PbP10 - The Second Camp.md,contains,chunk_168706,
file:_local/pbp_transcripts/PbP10 - The Second Camp.md,contains,chunk_168707,
file:_local/pbp_transcripts/PbP10 - The Second Camp.md,contains,chunk_168710,
file:_local/pbp_transcripts/PbP10 - The Second Camp.md,contains,chunk_168711,
file:_local/pbp_transcripts/PbP10 - The Second Camp.md,contains,chunk_168712,
file:_local/pbp_transcripts/PbP10 - The Second Camp.md,contains,chunk_168713,
file:_local/pbp_transcripts/PbP10 - The Second Camp.md,contains,chunk_168715,
file:_local/pbp_transcripts/PbP10 - The Second Camp.md,contains,chunk_168717,
file:_local/pbp_transcripts/PbP10 - The Second Camp.md,contains,chunk_168718,
file:_local/pbp_transcripts/PbP10 - The Second Camp.md,contains,chunk_168719,
file:_local/pbp_transcripts/PbP10 - The Second Camp.md,contains,chunk_168720,
file:_local/pbp_transcripts/PbP11 - Lia and the Tolanites.md,contains,chunk_168722,
file:_local/pbp_transcripts/PbP11 - Lia and the Tolanites.md,contains,chunk_168724,
file:_local/pbp_transcripts/PbP11 - Lia and the Tolanites.md,contains,chunk_168725,
file:_local/pbp_transcripts/PbP11 - Lia and the Tolanites.md,contains,chunk_168729,
file:_local/pbp_transcripts/PbP11 - Lia and the Tolanites.md,contains,chunk_168730,
file:_local/pbp_transcripts/PbP11 - Lia and the Tolanites.md,contains,chunk_168733,
file:_local/pbp_transcripts/PbP11 - Lia and the Tolanites.md,contains,chunk_168734,
file:_local/pbp_transcripts/PbP11 - Lia and the Tolanites.md,contains,chunk_168736,
file:_local/pbp_transcripts/PbP11 - Lia and the Tolanites.md,contains,chunk_168739,
file:_local/pbp_transcripts/PbP11 - Lia and the Tolanites.md,contains,chunk_168740,
file:_local/pbp_transcripts/PbP11 - Lia and the Tolanites.md,contains,chunk_168741,
file:_local/pbp_transcripts/PbP11 - Lia and the Tolanites.md,contains,chunk_168742,
file:_local/pbp_transcripts/PbP11 - Lia and the Tolanites.md,contains,chunk_168743,
file:_local/pbp_transcripts/PbP11 - Lia and the Tolanites.md,contains,chunk_168744,
file:_local/pbp_transcripts/PbP11 - Lia and the Tolanites.md,contains,chunk_168746,
file:_local/pbp_transcripts/PbP11 - Lia and the Tolanites.md,contains,chunk_168747,
file:_local/pbp_transcripts/PbP11 - Lia and the Tolanites.md,contains,chunk_168748,
file:_local/pbp_transcripts/PbP11 - Lia and the Tolanites.md,contains,chunk_168749,
file:_local/pbp_transcripts/PbP11 - Lia and the Tolanites.md,contains,chunk_168750,
file:_local/pbp_transcripts/PbP11 - Lia and the Tolanites.md,contains,chunk_168751,
file:_local/pbp_transcripts/PbP11 - Lia and the Tolanites.md,contains,chunk_168752,
file:_local/pbp_transcripts/PbP11 - Lia and the Tolanites.md,contains,chunk_168754,
file:_local/pbp_transcripts/PbP11 - Lia and the Tolanites.md,contains,chunk_168755,
file:_local/pbp_transcripts/PbP11 - Lia and the Tolanites.md,contains,chunk_168756,
file:_local/pbp_transcripts/PbP11 - Lia and the Tolanites.md,contains,chunk_168758,
file:_local/pbp_transcripts/PbP11 - Lia and the Tolanites.md,contains,chunk_168759,
file:_local/pbp_transcripts/PbP11 - Lia and the Tolanites.md,contains,chunk_168760,
file:_local/pbp_transcripts/PbP11 - Lia and the Tolanites.md,contains,chunk_168761,
file:_local/pbp_transcripts/PbP11 - Lia and the Tolanites.md,contains,chunk_168762,
file:_local/pbp_transcripts/PbP11 - Lia and the Tolanites.md,contains,chunk_168763,
file:_local/pbp_transcripts/PbP11 - Lia and the Tolanites.md,contains,chunk_168764,
file:_local/pbp_transcripts/PbP11 - Lia and the Tolanites.md,contains,chunk_168765,
file:_local/pbp_transcripts/PbP11 - Lia and the Tolanites.md,contains,chunk_168766,
file:_local/pbp_transcripts/PbP11 - Lia and the Tolanites.md,contains,chunk_168767,
file:_local/pbp_transcripts/PbP11 - Lia and the Tolanites.md,contains,chunk_168768,
file:_local/pbp_transcripts/PbP11 - Lia and the Tolanites.md,contains,chunk_168769,
file:_local/pbp_transcripts/PbP11 - Lia and the Tolanites.md,contains,chunk_168770,
file:_local/pbp_transcripts/PbP11 - Lia and the Tolanites.md,contains,chunk_168771,
file:_local/pbp_transcripts/PbP11 - Lia and the Tolanites.md,contains,chunk_168772,
file:_local/pbp_transcripts/PbP11 - Lia and the Tolanites.md,contains,chunk_168773,
file:_local/pbp_transcripts/PbP11 - Lia and the Tolanites.md,contains,chunk_168774,
file:_local/pbp_transcripts/PbP11 - Lia and the Tolanites.md,contains,chunk_168777,
file:_local/pbp_transcripts/PbP11 - Lia and the Tolanites.md,contains,chunk_168779,
file:_local/pbp_transcripts/PbP11 - Lia and the Tolanites.md,contains,chunk_168782,
file:_local/pbp_transcripts/PbP11 - Lia and the Tolanites.md,contains,chunk_168783,
file:_local/pbp_transcripts/PbP11 - Lia and the Tolanites.md,contains,chunk_168784,
file:_local/pbp_transcripts/PbP11 - Lia and the Tolanites.md,contains,chunk_168786,
file:_local/pbp_transcripts/PbP11 - Lia and the Tolanites.md,contains,chunk_168788,
file:_local/pbp_transcripts/PbP11 - Lia and the Tolanites.md,contains,chunk_168789,
file:_local/pbp_transcripts/PbP12 - Meeting in the Vestry.md,contains,chunk_168791,
file:_local/pbp_transcripts/PbP12 - Meeting in the Vestry.md,contains,chunk_168792,
file:_local/pbp_transcripts/PbP12 - Meeting in the Vestry.md,contains,chunk_168793,
file:_local/pbp_transcripts/PbP12 - Meeting in the Vestry.md,contains,chunk_168794,
file:_local/pbp_transcripts/PbP12 - Meeting in the Vestry.md,contains,chunk_168795,
file:_local/pbp_transcripts/PbP12 - Meeting in the Vestry.md,contains,chunk_168796,
file:_local/pbp_transcripts/PbP12 - Meeting in the Vestry.md,contains,chunk_168797,
file:_local/pbp_transcripts/PbP12 - Meeting in the Vestry.md,contains,chunk_168800,
file:_local/pbp_transcripts/PbP12 - Meeting in the Vestry.md,contains,chunk_168804,
file:_local/pbp_transcripts/PbP12 - Meeting in the Vestry.md,contains,chunk_168805,
file:_local/pbp_transcripts/PbP12 - Meeting in the Vestry.md,contains,chunk_168808,
file:_local/pbp_transcripts/PbP12 - Meeting in the Vestry.md,contains,chunk_168810,
file:_local/pbp_transcripts/PbP12 - Meeting in the Vestry.md,contains,chunk_168811,
file:_local/pbp_transcripts/PbP12 - Meeting in the Vestry.md,contains,chunk_168812,
file:_local/pbp_transcripts/PbP12 - Meeting in the Vestry.md,contains,chunk_168813,
file:_local/pbp_transcripts/PbP12 - Meeting in the Vestry.md,contains,chunk_168814,
file:_local/pbp_transcripts/PbP12 - Meeting in the Vestry.md,contains,chunk_168815,
file:_local/pbp_transcripts/PbP12 - Meeting in the Vestry.md,contains,chunk_168816,
file:_local/pbp_transcripts/PbP12 - Meeting in the Vestry.md,contains,chunk_168817,
file:_local/pbp_transcripts/PbP12 - Meeting in the Vestry.md,contains,chunk_168818,
file:_local/pbp_transcripts/PbP12 - Meeting in the Vestry.md,contains,chunk_168819,
file:_local/pbp_transcripts/PbP12 - Meeting in the Vestry.md,contains,chunk_168820,
file:_local/pbp_transcripts/PbP12 - Meeting in the Vestry.md,contains,chunk_168821,
file:_local/pbp_transcripts/PbP12 - Meeting in the Vestry.md,contains,chunk_168822,
file:_local/pbp_transcripts/PbP12 - Meeting in the Vestry.md,contains,chunk_168823,
file:_local/pbp_transcripts/PbP12 - Meeting in the Vestry.md,contains,chunk_168824,
file:_local/pbp_transcripts/PbP12 - Meeting in the Vestry.md,contains,chunk_168825,
file:_local/pbp_transcripts/PbP12 - Meeting in the Vestry.md,contains,chunk_168826,
file:_local/pbp_transcripts/PbP12 - Meeting in the Vestry.md,contains,chunk_168827,
file:_local/pbp_transcripts/PbP12 - Meeting in the Vestry.md,contains,chunk_168828,
file:_local/pbp_transcripts/PbP12 - Meeting in the Vestry.md,contains,chunk_168829,
file:_local/pbp_transcripts/PbP12 - Meeting in the Vestry.md,contains,chunk_168831,
file:_local/pbp_transcripts/PbP12 - Meeting in the Vestry.md,contains,chunk_168832,
file:_local/pbp_transcripts/PbP12 - Meeting in the Vestry.md,contains,chunk_168833,
file:_local/pbp_transcripts/PbP12 - Meeting in the Vestry.md,contains,chunk_168834,
file:_local/pbp_transcripts/PbP12 - Meeting in the Vestry.md,contains,chunk_168835,
file:_local/pbp_transcripts/PbP12 - Meeting in the Vestry.md,contains,chunk_168836,
file:_local/pbp_transcripts/PbP12 - Meeting in the Vestry.md,contains,chunk_168837,
file:_local/pbp_transcripts/PbP12 - Meeting in the Vestry.md,contains,chunk_168839,
file:_local/pbp_transcripts/PbP12 - Meeting in the Vestry.md,contains,chunk_168840,
file:_local/pbp_transcripts/PbP12 - Meeting in the Vestry.md,contains,chunk_168841,
file:_local/pbp_transcripts/PbP12 - Meeting in the Vestry.md,contains,chunk_168842,
file:_local/pbp_transcripts/PbP12 - Meeting in the Vestry.md,contains,chunk_168843,
file:_local/pbp_transcripts/PbP12 - Meeting in the Vestry.md,contains,chunk_168844,
file:_local/pbp_transcripts/PbP12 - Meeting in the Vestry.md,contains,chunk_168845,
file:_local/pbp_transcripts/PbP12 - Meeting in the Vestry.md,contains,chunk_168847,
file:_local/pbp_transcripts/PbP12 - Meeting in the Vestry.md,contains,chunk_168848,
file:_local/pbp_transcripts/PbP12 - Meeting in the Vestry.md,contains,chunk_168851,
file:_local/pbp_transcripts/PbP12 - Meeting in the Vestry.md,contains,chunk_168852,
file:_local/pbp_transcripts/PbP12 - Meeting in the Vestry.md,contains,chunk_168853,
file:_local/pbp_transcripts/PbP12 - Meeting in the Vestry.md,contains,chunk_168855,
file:_local/pbp_transcripts/PbP12 - Meeting in the Vestry.md,contains,chunk_168856,
file:_local/pbp_transcripts/PbP12 - Meeting in the Vestry.md,contains,chunk_168857,
file:_local/pbp_transcripts/PbP12 - Meeting in the Vestry.md,contains,chunk_168858,
file:_local/pbp_transcripts/PbP12 - Meeting in the Vestry.md,contains,chunk_168861,
file:_local/pbp_transcripts/PbP12 - Meeting in the Vestry.md,contains,chunk_168862,
file:_local/pbp_transcripts/PbP12 - Meeting in the Vestry.md,contains,chunk_168864,
file:_local/pbp_transcripts/PbP12 - Meeting in the Vestry.md,contains,chunk_168865,
file:_local/pbp_transcripts/PbP12 - Meeting in the Vestry.md,contains,chunk_168867,
file:_local/pbp_transcripts/PbP12 - Meeting in the Vestry.md,contains,chunk_168868,
file:_local/pbp_transcripts/PbP12 - Meeting in the Vestry.md,contains,chunk_168869,
file:_local/pbp_transcripts/PbP12 - Meeting in the Vestry.md,contains,chunk_168870,
file:_local/pbp_transcripts/PbP12 - Meeting in the Vestry.md,contains,chunk_168874,
file:_local/pbp_transcripts/PbP12 - Meeting in the Vestry.md,contains,chunk_168875,
file:_local/pbp_transcripts/PbP12 - Meeting in the Vestry.md,contains,chunk_168876,
file:_local/pbp_transcripts/PbP12 - Meeting in the Vestry.md,contains,chunk_168878,
file:_local/pbp_transcripts/PbP12 - Meeting in the Vestry.md,contains,chunk_168880,
file:_local/pbp_transcripts/PbP12 - Meeting in the Vestry.md,contains,chunk_168881,
file:_local/pbp_transcripts/PbP12 - Meeting in the Vestry.md,contains,chunk_168882,
file:_local/pbp_transcripts/PbP12 - Meeting in the Vestry.md,contains,chunk_168883,
file:_local/pbp_transcripts/PbP12 - Meeting in the Vestry.md,contains,chunk_168884,
file:_local/pbp_transcripts/PbP12 - Meeting in the Vestry.md,contains,chunk_168885,
file:_local/pbp_transcripts/PbP12 - Meeting in the Vestry.md,contains,chunk_168886,
file:_local/pbp_transcripts/PbP12 - Meeting in the Vestry.md,contains,chunk_168888,
file:_local/pbp_transcripts/PbP12 - Meeting in the Vestry.md,contains,chunk_168889,
file:_local/pbp_transcripts/PbP12 - Meeting in the Vestry.md,contains,chunk_168890,
file:_local/pbp_transcripts/PbP12 - Meeting in the Vestry.md,contains,chunk_168891,
file:_local/pbp_transcripts/PbP12 - Meeting in the Vestry.md,contains,chunk_168892,
file:_local/pbp_transcripts/PbP12 - Meeting in the Vestry.md,contains,chunk_168893,
file:_local/pbp_transcripts/PbP12 - Meeting in the Vestry.md,contains,chunk_168895,
file:_local/pbp_transcripts/PbP12 - Meeting in the Vestry.md,contains,chunk_168897,
file:_local/pbp_transcripts/PbP12 - Meeting in the Vestry.md,contains,chunk_168898,
file:_local/pbp_transcripts/PbP12 - Meeting in the Vestry.md,contains,chunk_168899,
file:_local/pbp_transcripts/PbP12 - Meeting in the Vestry.md,contains,chunk_168900,
file:_local/pbp_transcripts/PbP12 - Meeting in the Vestry.md,contains,chunk_168901,
file:_local/pbp_transcripts/PbP12 - Meeting in the Vestry.md,contains,chunk_168902,
file:_local/pbp_transcripts/PbP12 - Meeting in the Vestry.md,contains,chunk_168903,
file:_local/pbp_transcripts/PbP12 - Meeting in the Vestry.md,contains,chunk_168904,
file:_local/pbp_transcripts/PbP12 - Meeting in the Vestry.md,contains,chunk_168905,
file:_local/pbp_transcripts/PbP12 - Meeting in the Vestry.md,contains,chunk_168906,
file:_local/pbp_transcripts/PbP12 - Meeting in the Vestry.md,contains,chunk_168907,
file:_local/pbp_transcripts/PbP12 - Meeting in the Vestry.md,contains,chunk_168909,
file:_local/pbp_transcripts/PbP12 - Meeting in the Vestry.md,contains,chunk_168910,
file:_local/pbp_transcripts/PbP12 - Meeting in the Vestry.md,contains,chunk_168914,
file:_local/pbp_transcripts/PbP12 - Meeting in the Vestry.md,contains,chunk_168915,
file:_local/pbp_transcripts/PbP12 - Meeting in the Vestry.md,contains,chunk_168916,
file:_local/pbp_transcripts/PbP12 - Meeting in the Vestry.md,contains,chunk_168917,
file:_local/pbp_transcripts/PbP12 - Meeting in the Vestry.md,contains,chunk_168919,
file:_local/pbp_transcripts/PbP12 - Meeting in the Vestry.md,contains,chunk_168924,
file:_local/pbp_transcripts/PbP12 - Meeting in the Vestry.md,contains,chunk_168929,
file:_local/pbp_transcripts/PbP12 - Meeting in the Vestry.md,contains,chunk_168930,
file:_local/pbp_transcripts/PbP12 - Meeting in the Vestry.md,contains,chunk_168931,
file:_local/pbp_transcripts/PbP12 - Meeting in the Vestry.md,contains,chunk_168932,
file:_local/pbp_transcripts/PbP12 - Meeting in the Vestry.md,contains,chunk_168933,
file:_local/pbp_transcripts/PbP12 - Meeting in the Vestry.md,contains,chunk_168934,
file:_local/pbp_transcripts/PbP12 - Meeting in the Vestry.md,contains,chunk_168935,
file:_local/pbp_transcripts/PbP12 - Meeting in the Vestry.md,contains,chunk_168936,
file:_local/pbp_transcripts/PbP12 - Meeting in the Vestry.md,contains,chunk_168937,
file:_local/pbp_transcripts/PbP12 - Meeting in the Vestry.md,contains,chunk_168938,
file:_local/pbp_transcripts/PbP12 - Meeting in the Vestry.md,contains,chunk_168939,
file:_local/pbp_transcripts/PbP12 - Meeting in the Vestry.md,contains,chunk_168940,
file:_local/pbp_transcripts/PbP12 - Meeting in the Vestry.md,contains,chunk_168941,
file:_local/pbp_transcripts/PbP12 - Meeting in the Vestry.md,contains,chunk_168942,
file:_local/pbp_transcripts/PbP12 - Meeting in the Vestry.md,contains,chunk_168943,
file:_local/pbp_transcripts/PbP12 - Meeting in the Vestry.md,contains,chunk_168944,
file:_local/pbp_transcripts/PbP12 - Meeting in the Vestry.md,contains,chunk_168945,
file:_local/pbp_transcripts/PbP12 - Meeting in the Vestry.md,contains,chunk_168946,
file:_local/pbp_transcripts/PbP12 - Meeting in the Vestry.md,contains,chunk_168947,
file:_local/pbp_transcripts/PbP12 - Meeting in the Vestry.md,contains,chunk_168948,
file:_local/pbp_transcripts/PbP12 - Meeting in the Vestry.md,contains,chunk_168949,
file:_local/pbp_transcripts/PbP12 - Meeting in the Vestry.md,contains,chunk_168950,
file:_local/pbp_transcripts/PbP12 - Meeting in the Vestry.md,contains,chunk_168952,
file:_local/pbp_transcripts/PbP12 - Meeting in the Vestry.md,contains,chunk_168953,
file:_local/pbp_transcripts/PbP12 - Meeting in the Vestry.md,contains,chunk_168954,
file:_local/pbp_transcripts/PbP12 - Meeting in the Vestry.md,contains,chunk_168955,
file:_local/pbp_transcripts/PbP12 - Meeting in the Vestry.md,contains,chunk_168956,
file:_local/pbp_transcripts/PbP12 - Meeting in the Vestry.md,contains,chunk_168957,
file:_local/pbp_transcripts/PbP12 - Meeting in the Vestry.md,contains,chunk_168958,
file:_local/pbp_transcripts/PbP12 - Meeting in the Vestry.md,contains,chunk_168959,
file:_local/pbp_transcripts/PbP12 - Meeting in the Vestry.md,contains,chunk_168960,
file:_local/pbp_transcripts/PbP12 - Meeting in the Vestry.md,contains,chunk_168961,
file:_local/pbp_transcripts/PbP12 - Meeting in the Vestry.md,contains,chunk_168962,
file:_local/pbp_transcripts/PbP12 - Meeting in the Vestry.md,contains,chunk_168963,
file:_local/pbp_transcripts/PbP12 - Meeting in the Vestry.md,contains,chunk_168964,
file:_local/pbp_transcripts/PbP12 - Meeting in the Vestry.md,contains,chunk_168965,
file:_local/pbp_transcripts/PbP12 - Meeting in the Vestry.md,contains,chunk_168966,
file:_local/pbp_transcripts/PbP12 - Meeting in the Vestry.md,contains,chunk_168967,
file:_local/pbp_transcripts/PbP12 - Meeting in the Vestry.md,contains,chunk_168968,
file:_local/pbp_transcripts/PbP12 - Meeting in the Vestry.md,contains,chunk_168969,
file:_local/pbp_transcripts/PbP12 - Meeting in the Vestry.md,contains,chunk_168970,
file:_local/pbp_transcripts/PbP12 - Meeting in the Vestry.md,contains,chunk_168971,
file:_local/pbp_transcripts/PbP12 - Meeting in the Vestry.md,contains,chunk_168972,
file:_local/pbp_transcripts/PbP12 - Meeting in the Vestry.md,contains,chunk_168973,
file:_local/pbp_transcripts/PbP12 - Meeting in the Vestry.md,contains,chunk_168974,
file:_local/pbp_transcripts/PbP12 - Meeting in the Vestry.md,contains,chunk_168975,
file:_local/pbp_transcripts/PbP12 - Meeting in the Vestry.md,contains,chunk_168978,
file:_local/pbp_transcripts/PbP13 - The Town Square Incident.md,contains,chunk_168980,
file:_local/pbp_transcripts/PbP13 - The Town Square Incident.md,contains,chunk_168981,
file:_local/pbp_transcripts/PbP13 - The Town Square Incident.md,contains,chunk_168982,
file:_local/pbp_transcripts/PbP13 - The Town Square Incident.md,contains,chunk_168983,
file:_local/pbp_transcripts/PbP13 - The Town Square Incident.md,contains,chunk_168984,
file:_local/pbp_transcripts/PbP13 - The Town Square Incident.md,contains,chunk_168985,
file:_local/pbp_transcripts/PbP13 - The Town Square Incident.md,contains,chunk_168986,
file:_local/pbp_transcripts/PbP13 - The Town Square Incident.md,contains,chunk_168988,
file:_local/pbp_transcripts/PbP13 - The Town Square Incident.md,contains,chunk_168989,
file:_local/pbp_transcripts/PbP13 - The Town Square Incident.md,contains,chunk_168990,
file:_local/pbp_transcripts/PbP13 - The Town Square Incident.md,contains,chunk_168992,
file:_local/pbp_transcripts/PbP13 - The Town Square Incident.md,contains,chunk_168994,
file:_local/pbp_transcripts/PbP13 - The Town Square Incident.md,contains,chunk_168996,
file:_local/pbp_transcripts/PbP13 - The Town Square Incident.md,contains,chunk_168997,
file:_local/pbp_transcripts/PbP13 - The Town Square Incident.md,contains,chunk_168998,
file:_local/pbp_transcripts/PbP13 - The Town Square Incident.md,contains,chunk_169000,
file:_local/pbp_transcripts/PbP13 - The Town Square Incident.md,contains,chunk_169002,
file:_local/pbp_transcripts/PbP13 - The Town Square Incident.md,contains,chunk_169003,
file:_local/pbp_transcripts/PbP13 - The Town Square Incident.md,contains,chunk_169004,
file:_local/pbp_transcripts/PbP13 - The Town Square Incident.md,contains,chunk_169005,
file:_local/pbp_transcripts/PbP13 - The Town Square Incident.md,contains,chunk_169006,
file:_local/pbp_transcripts/PbP13 - The Town Square Incident.md,contains,chunk_169007,
file:_local/pbp_transcripts/PbP13 - The Town Square Incident.md,contains,chunk_169008,
file:_local/pbp_transcripts/PbP13 - The Town Square Incident.md,contains,chunk_169010,
file:_local/pbp_transcripts/PbP13 - The Town Square Incident.md,contains,chunk_169011,
file:_local/pbp_transcripts/PbP13 - The Town Square Incident.md,contains,chunk_169013,
file:_local/pbp_transcripts/PbP13 - The Town Square Incident.md,contains,chunk_169014,
file:_local/pbp_transcripts/PbP13 - The Town Square Incident.md,contains,chunk_169015,
file:_local/pbp_transcripts/PbP13 - The Town Square Incident.md,contains,chunk_169016,
file:_local/pbp_transcripts/PbP13 - The Town Square Incident.md,contains,chunk_169017,
file:_local/pbp_transcripts/PbP13 - The Town Square Incident.md,contains,chunk_169018,
file:_local/pbp_transcripts/PbP14 - Recon.md,contains,chunk_169020,
file:_local/pbp_transcripts/PbP14 - Recon.md,contains,chunk_169021,
file:_local/pbp_transcripts/PbP14 - Recon.md,contains,chunk_169023,
file:_local/pbp_transcripts/PbP14 - Recon.md,contains,chunk_169024,
file:_local/pbp_transcripts/PbP14 - Recon.md,contains,chunk_169025,
file:_local/pbp_transcripts/PbP14 - Recon.md,contains,chunk_169026,
file:_local/pbp_transcripts/PbP14 - Recon.md,contains,chunk_169027,
file:_local/pbp_transcripts/PbP14 - Recon.md,contains,chunk_169028,
file:_local/pbp_transcripts/PbP14 - Recon.md,contains,chunk_169029,
file:_local/pbp_transcripts/PbP14 - Recon.md,contains,chunk_169030,
file:_local/pbp_transcripts/PbP14 - Recon.md,contains,chunk_169031,
file:_local/pbp_transcripts/PbP14 - Recon.md,contains,chunk_169032,
file:_local/pbp_transcripts/PbP14 - Recon.md,contains,chunk_169033,
file:_local/pbp_transcripts/PbP14 - Recon.md,contains,chunk_169034,
file:_local/pbp_transcripts/PbP14 - Recon.md,contains,chunk_169035,
file:_local/pbp_transcripts/PbP14 - Recon.md,contains,chunk_169037,
file:_local/pbp_transcripts/PbP14 - Recon.md,contains,chunk_169038,
file:_local/pbp_transcripts/PbP14 - Recon.md,contains,chunk_169040,
file:_local/pbp_transcripts/PbP14 - Recon.md,contains,chunk_169042,
file:_local/pbp_transcripts/PbP14 - Recon.md,contains,chunk_169043,
file:_local/pbp_transcripts/PbP14 - Recon.md,contains,chunk_169044,
file:_local/pbp_transcripts/PbP14 - Recon.md,contains,chunk_169045,
file:_local/pbp_transcripts/PbP14 - Recon.md,contains,chunk_169046,
file:_local/pbp_transcripts/PbP14 - Recon.md,contains,chunk_169047,
file:_local/pbp_transcripts/PbP14 - Recon.md,contains,chunk_169049,
file:_local/pbp_transcripts/PbP14 - Recon.md,contains,chunk_169050,
file:_local/pbp_transcripts/PbP14 - Recon.md,contains,chunk_169051,
file:_local/pbp_transcripts/PbP14 - Recon.md,contains,chunk_169052,
file:_local/pbp_transcripts/PbP14 - Recon.md,contains,chunk_169053,
file:_local/pbp_transcripts/PbP14 - Recon.md,contains,chunk_169054,
file:_local/pbp_transcripts/PbP14 - Recon.md,contains,chunk_169055,
file:_local/pbp_transcripts/PbP14 - Recon.md,contains,chunk_169056,
file:_local/pbp_transcripts/PbP14 - Recon.md,contains,chunk_169057,
file:_local/pbp_transcripts/PbP14 - Recon.md,contains,chunk_169058,
file:_local/pbp_transcripts/PbP14 - Recon.md,contains,chunk_169059,
file:_local/pbp_transcripts/PbP14 - Recon.md,contains,chunk_169060,
file:_local/pbp_transcripts/PbP14 - Recon.md,contains,chunk_169061,
file:_local/pbp_transcripts/PbP14 - Recon.md,contains,chunk_169062,
file:_local/pbp_transcripts/PbP14 - Recon.md,contains,chunk_169063,
file:_local/pbp_transcripts/PbP14 - Recon.md,contains,chunk_169064,
file:_local/pbp_transcripts/PbP14 - Recon.md,contains,chunk_169066,
file:_local/pbp_transcripts/PbP14 - Recon.md,contains,chunk_169067,
file:_local/pbp_transcripts/PbP14 - Recon.md,contains,chunk_169068,
file:_local/pbp_transcripts/PbP14 - Recon.md,contains,chunk_169069,
file:_local/pbp_transcripts/PbP14 - Recon.md,contains,chunk_169070,
file:_local/pbp_transcripts/PbP14 - Recon.md,contains,chunk_169071,
file:_local/pbp_transcripts/PbP14 - Recon.md,contains,chunk_169072,
file:_local/pbp_transcripts/PbP14 - Recon.md,contains,chunk_169073,
file:_local/pbp_transcripts/PbP14 - Recon.md,contains,chunk_169074,
file:_local/pbp_transcripts/PbP14 - Recon.md,contains,chunk_169076,
file:_local/pbp_transcripts/PbP14 - Recon.md,contains,chunk_169077,
file:_local/pbp_transcripts/PbP14 - Recon.md,contains,chunk_169078,
file:_local/pbp_transcripts/PbP14 - Recon.md,contains,chunk_169079,
file:_local/pbp_transcripts/PbP14 - Recon.md,contains,chunk_169080,
file:_local/pbp_transcripts/PbP14 - Recon.md,contains,chunk_169081,
file:_local/pbp_transcripts/PbP14 - Recon.md,contains,chunk_169082,
file:_local/pbp_transcripts/PbP14 - Recon.md,contains,chunk_169083,
file:_local/pbp_transcripts/PbP14 - Recon.md,contains,chunk_169084,
file:_local/pbp_transcripts/PbP14 - Recon.md,contains,chunk_169085,
file:_local/pbp_transcripts/PbP14 - Recon.md,contains,chunk_169086,
file:_local/pbp_transcripts/PbP14 - Recon.md,contains,chunk_169087,
file:_local/pbp_transcripts/PbP14 - Recon.md,contains,chunk_169089,
file:_local/pbp_transcripts/PbP14 - Recon.md,contains,chunk_169090,
file:_local/pbp_transcripts/PbP14 - Recon.md,contains,chunk_169092,
file:_local/pbp_transcripts/PbP14 - Recon.md,contains,chunk_169093,
file:_local/pbp_transcripts/PbP14 - Recon.md,contains,chunk_169096,
file:_local/pbp_transcripts/PbP14 - Recon.md,contains,chunk_169097,
file:_local/pbp_transcripts/PbP14 - Recon.md,contains,chunk_169098,
file:_local/pbp_transcripts/PbP14 - Recon.md,contains,chunk_169099,
file:_local/pbp_transcripts/PbP14 - Recon.md,contains,chunk_169100,
file:_local/pbp_transcripts/PbP14 - Recon.md,contains,chunk_169101,
file:_local/pbp_transcripts/PbP14 - Recon.md,contains,chunk_169102,
file:_local/pbp_transcripts/PbP14 - Recon.md,contains,chunk_169103,
file:_local/pbp_transcripts/PbP14 - Recon.md,contains,chunk_169104,
file:_local/pbp_transcripts/PbP14 - Recon.md,contains,chunk_169105,
file:_local/pbp_transcripts/PbP14 - Recon.md,contains,chunk_169106,
file:_local/pbp_transcripts/PbP14 - Recon.md,contains,chunk_169107,
file:_local/pbp_transcripts/PbP14 - Recon.md,contains,chunk_169108,
file:_local/pbp_transcripts/PbP14 - Recon.md,contains,chunk_169109,
file:_local/pbp_transcripts/PbP14 - Recon.md,contains,chunk_169110,
file:_local/pbp_transcripts/PbP14 - Recon.md,contains,chunk_169111,
file:_local/pbp_transcripts/PbP14 - Recon.md,contains,chunk_169112,
file:_local/pbp_transcripts/PbP14 - Recon.md,contains,chunk_169113,
file:_local/pbp_transcripts/PbP14 - Recon.md,contains,chunk_169114,
file:_local/pbp_transcripts/PbP14 - Recon.md,contains,chunk_169115,
file:_local/pbp_transcripts/PbP14 - Recon.md,contains,chunk_169116,
file:_local/pbp_transcripts/PbP14 - Recon.md,contains,chunk_169117,
file:_local/pbp_transcripts/PbP14 - Recon.md,contains,chunk_169118,
file:_local/pbp_transcripts/PbP14 - Recon.md,contains,chunk_169119,
file:_local/pbp_transcripts/PbP14 - Recon.md,contains,chunk_169120,
file:_local/pbp_transcripts/PbP14 - Recon.md,contains,chunk_169121,
file:_local/pbp_transcripts/PbP14 - Recon.md,contains,chunk_169122,
file:_local/pbp_transcripts/PbP14 - Recon.md,contains,chunk_169123,
file:_local/pbp_transcripts/PbP14 - Recon.md,contains,chunk_169124,
file:_local/pbp_transcripts/PbP14 - Recon.md,contains,chunk_169125,
file:_local/pbp_transcripts/PbP15 - Debrief and Safety.md,contains,chunk_169127,
file:_local/pbp_transcripts/PbP15 - Debrief and Safety.md,contains,chunk_169128,
file:_local/pbp_transcripts/PbP15 - Debrief and Safety.md,contains,chunk_169129,
file:_local/pbp_transcripts/PbP15 - Debrief and Safety.md,contains,chunk_169130,
file:_local/pbp_transcripts/PbP15 - Debrief and Safety.md,contains,chunk_169131,
file:_local/pbp_transcripts/PbP15 - Debrief and Safety.md,contains,chunk_169132,
file:_local/pbp_transcripts/PbP15 - Debrief and Safety.md,contains,chunk_169134,
file:_local/pbp_transcripts/PbP15 - Debrief and Safety.md,contains,chunk_169137,
file:_local/pbp_transcripts/PbP15 - Debrief and Safety.md,contains,chunk_169139,
file:_local/pbp_transcripts/PbP15 - Debrief and Safety.md,contains,chunk_169140,
file:_local/pbp_transcripts/PbP15 - Debrief and Safety.md,contains,chunk_169141,
file:_local/pbp_transcripts/PbP15 - Debrief and Safety.md,contains,chunk_169144,
file:_local/pbp_transcripts/PbP15 - Debrief and Safety.md,contains,chunk_169145,
file:_local/pbp_transcripts/PbP15 - Debrief and Safety.md,contains,chunk_169146,
file:_local/pbp_transcripts/PbP15 - Debrief and Safety.md,contains,chunk_169148,
file:_local/pbp_transcripts/PbP15 - Debrief and Safety.md,contains,chunk_169149,
file:_local/pbp_transcripts/PbP15 - Debrief and Safety.md,contains,chunk_169150,
file:_local/pbp_transcripts/PbP15 - Debrief and Safety.md,contains,chunk_169151,
file:_local/pbp_transcripts/PbP15 - Debrief and Safety.md,contains,chunk_169152,
file:_local/pbp_transcripts/PbP15 - Debrief and Safety.md,contains,chunk_169154,
file:_local/pbp_transcripts/PbP15 - Debrief and Safety.md,contains,chunk_169155,
file:_local/pbp_transcripts/PbP15 - Debrief and Safety.md,contains,chunk_169156,
file:_local/pbp_transcripts/PbP15 - Debrief and Safety.md,contains,chunk_169157,
file:_local/pbp_transcripts/PbP15 - Debrief and Safety.md,contains,chunk_169158,
file:_local/pbp_transcripts/PbP15 - Debrief and Safety.md,contains,chunk_169160,
file:_local/pbp_transcripts/PbP15 - Debrief and Safety.md,contains,chunk_169162,
file:_local/pbp_transcripts/PbP15 - Debrief and Safety.md,contains,chunk_169163,
file:_local/pbp_transcripts/PbP15 - Debrief and Safety.md,contains,chunk_169164,
file:_local/pbp_transcripts/PbP15 - Debrief and Safety.md,contains,chunk_169165,
file:_local/pbp_transcripts/PbP15 - Debrief and Safety.md,contains,chunk_169170,
file:_local/pbp_transcripts/PbP15 - Debrief and Safety.md,contains,chunk_169171,
file:_local/pbp_transcripts/PbP15 - Debrief and Safety.md,contains,chunk_169173,
file:_local/pbp_transcripts/PbP15 - Debrief and Safety.md,contains,chunk_169174,
file:_local/pbp_transcripts/PbP15 - Debrief and Safety.md,contains,chunk_169176,
file:_local/pbp_transcripts/PbP15 - Debrief and Safety.md,contains,chunk_169181,
file:_local/pbp_transcripts/PbP15 - Debrief and Safety.md,contains,chunk_169182,
file:_local/pbp_transcripts/PbP15 - Debrief and Safety.md,contains,chunk_169183,
file:_local/pbp_transcripts/PbP15 - Debrief and Safety.md,contains,chunk_169184,
file:_local/pbp_transcripts/PbP15 - Debrief and Safety.md,contains,chunk_169185,
file:_local/pbp_transcripts/PbP15 - Debrief and Safety.md,contains,chunk_169186,
file:_local/pbp_transcripts/PbP15 - Debrief and Safety.md,contains,chunk_169187,
file:_local/pbp_transcripts/PbP15 - Debrief and Safety.md,contains,chunk_169188,
file:_local/pbp_transcripts/PbP15 - Debrief and Safety.md,contains,chunk_169189,
file:_local/pbp_transcripts/PbP15 - Debrief and Safety.md,contains,chunk_169190,
file:_local/pbp_transcripts/PbP15 - Debrief and Safety.md,contains,chunk_169191,
file:_local/pbp_transcripts/PbP15 - Debrief and Safety.md,contains,chunk_169192,
file:_local/pbp_transcripts/PbP15 - Debrief and Safety.md,contains,chunk_169194,
file:_local/pbp_transcripts/PbP15 - Debrief and Safety.md,contains,chunk_169195,
file:_local/pbp_transcripts/PbP15 - Debrief and Safety.md,contains,chunk_169196,
file:_local/pbp_transcripts/PbP15 - Debrief and Safety.md,contains,chunk_169197,
file:_local/pbp_transcripts/PbP15 - Debrief and Safety.md,contains,chunk_169198,
file:_local/pbp_transcripts/PbP15 - Debrief and Safety.md,contains,chunk_169199,
file:_local/pbp_transcripts/PbP15 - Debrief and Safety.md,contains,chunk_169200,
file:_local/pbp_transcripts/PbP15 - Debrief and Safety.md,contains,chunk_169201,
file:_local/pbp_transcripts/PbP15 - Debrief and Safety.md,contains,chunk_169202,
file:_local/pbp_transcripts/PbP15 - Debrief and Safety.md,contains,chunk_169203,
file:_local/pbp_transcripts/PbP15 - Debrief and Safety.md,contains,chunk_169204,
file:_local/pbp_transcripts/PbP15 - Debrief and Safety.md,contains,chunk_169205,
file:_local/pbp_transcripts/PbP15 - Debrief and Safety.md,contains,chunk_169206,
file:_local/pbp_transcripts/PbP15 - Debrief and Safety.md,contains,chunk_169207,
file:_local/pbp_transcripts/PbP15 - Debrief and Safety.md,contains,chunk_169208,
file:_local/pbp_transcripts/PbP15 - Debrief and Safety.md,contains,chunk_169209,
file:_local/pbp_transcripts/PbP15 - Debrief and Safety.md,contains,chunk_169210,
file:_local/pbp_transcripts/PbP15 - Debrief and Safety.md,contains,chunk_169211,
file:_local/pbp_transcripts/PbP15 - Debrief and Safety.md,contains,chunk_169212,
file:_local/pbp_transcripts/PbP15 - Debrief and Safety.md,contains,chunk_169213,
file:_local/pbp_transcripts/PbP15 - Debrief and Safety.md,contains,chunk_169214,
file:_local/pbp_transcripts/PbP15 - Debrief and Safety.md,contains,chunk_169215,
file:_local/pbp_transcripts/PbP15 - Debrief and Safety.md,contains,chunk_169216,
file:_local/pbp_transcripts/PbP15 - Debrief and Safety.md,contains,chunk_169217,
file:_local/pbp_transcripts/PbP15 - Debrief and Safety.md,contains,chunk_169218,
file:_local/pbp_transcripts/PbP15 - Debrief and Safety.md,contains,chunk_169219,
file:_local/pbp_transcripts/PbP15 - Debrief and Safety.md,contains,chunk_169220,
file:_local/pbp_transcripts/PbP15 - Debrief and Safety.md,contains,chunk_169221,
file:_local/pbp_transcripts/PbP15 - Debrief and Safety.md,contains,chunk_169222,
file:_local/pbp_transcripts/PbP15 - Debrief and Safety.md,contains,chunk_169223,
file:_local/pbp_transcripts/PbP15 - Debrief and Safety.md,contains,chunk_169225,
file:_local/pbp_transcripts/PbP15 - Debrief and Safety.md,contains,chunk_169227,
file:_local/pbp_transcripts/PbP15 - Debrief and Safety.md,contains,chunk_169229,
file:_local/pbp_transcripts/PbP15 - Debrief and Safety.md,contains,chunk_169231,
file:_local/pbp_transcripts/PbP15 - Debrief and Safety.md,contains,chunk_169232,
file:_local/pbp_transcripts/PbP15 - Debrief and Safety.md,contains,chunk_169233,
file:_local/pbp_transcripts/PbP15 - Debrief and Safety.md,contains,chunk_169234,
file:_local/pbp_transcripts/PbP15 - Debrief and Safety.md,contains,chunk_169235,
file:_local/pbp_transcripts/PbP15 - Debrief and Safety.md,contains,chunk_169236,
file:_local/pbp_transcripts/PbP15 - Debrief and Safety.md,contains,chunk_169237,
file:_local/pbp_transcripts/PbP15 - Debrief and Safety.md,contains,chunk_169238,
file:_local/pbp_transcripts/PbP15 - Debrief and Safety.md,contains,chunk_169239,
file:_local/pbp_transcripts/PbP15 - Debrief and Safety.md,contains,chunk_169240,
file:_local/pbp_transcripts/PbP15 - Debrief and Safety.md,contains,chunk_169241,
file:_local/pbp_transcripts/PbP15 - Debrief and Safety.md,contains,chunk_169242,
file:_local/pbp_transcripts/PbP15 - Debrief and Safety.md,contains,chunk_169244,
file:_local/pbp_transcripts/PbP15 - Debrief and Safety.md,contains,chunk_169246,
file:_local/pbp_transcripts/PbP15 - Debrief and Safety.md,contains,chunk_169249,
file:_local/pbp_transcripts/PbP15 - Debrief and Safety.md,contains,chunk_169251,
file:_local/pbp_transcripts/PbP15 - Debrief and Safety.md,contains,chunk_169252,
file:_local/pbp_transcripts/PbP15 - Debrief and Safety.md,contains,chunk_169253,
file:_local/pbp_transcripts/PbP15 - Debrief and Safety.md,contains,chunk_169254,
file:_local/pbp_transcripts/PbP15 - Debrief and Safety.md,contains,chunk_169255,
file:_local/pbp_transcripts/PbP15 - Debrief and Safety.md,contains,chunk_169256,
file:_local/pbp_transcripts/PbP15 - Debrief and Safety.md,contains,chunk_169258,
file:_local/pbp_transcripts/PbP15 - Debrief and Safety.md,contains,chunk_169259,
file:_local/pbp_transcripts/PbP15 - Debrief and Safety.md,contains,chunk_169260,
file:_local/pbp_transcripts/PbP15 - Debrief and Safety.md,contains,chunk_169261,
file:_local/pbp_transcripts/PbP15 - Debrief and Safety.md,contains,chunk_169263,
file:_local/pbp_transcripts/PbP15 - Debrief and Safety.md,contains,chunk_169264,
file:_local/pbp_transcripts/PbP15 - Debrief and Safety.md,contains,chunk_169265,
file:_local/pbp_transcripts/PbP15 - Debrief and Safety.md,contains,chunk_169267,
file:_local/pbp_transcripts/PbP15 - Debrief and Safety.md,contains,chunk_169268,
file:_local/pbp_transcripts/PbP15 - Debrief and Safety.md,contains,chunk_169269,
file:_local/pbp_transcripts/PbP15 - Debrief and Safety.md,contains,chunk_169270,
file:_local/pbp_transcripts/PbP15 - Debrief and Safety.md,contains,chunk_169271,
file:_local/pbp_transcripts/PbP15 - Debrief and Safety.md,contains,chunk_169272,
file:_local/pbp_transcripts/PbP15 - Debrief and Safety.md,contains,chunk_169273,
file:_local/pbp_transcripts/PbP15 - Debrief and Safety.md,contains,chunk_169274,
file:_local/pbp_transcripts/PbP15 - Debrief and Safety.md,contains,chunk_169275,
file:_local/pbp_transcripts/PbP16 - Nightfall in Elysia.md,contains,chunk_169277,
file:_local/pbp_transcripts/PbP16 - Nightfall in Elysia.md,contains,chunk_169282,
file:_local/pbp_transcripts/PbP16 - Nightfall in Elysia.md,contains,chunk_169284,
file:_local/pbp_transcripts/PbP16 - Nightfall in Elysia.md,contains,chunk_169285,
file:_local/pbp_transcripts/PbP16 - Nightfall in Elysia.md,contains,chunk_169287,
file:_local/pbp_transcripts/PbP16 - Nightfall in Elysia.md,contains,chunk_169288,
file:_local/pbp_transcripts/PbP16 - Nightfall in Elysia.md,contains,chunk_169289,
file:_local/pbp_transcripts/PbP16 - Nightfall in Elysia.md,contains,chunk_169290,
file:_local/pbp_transcripts/PbP16 - Nightfall in Elysia.md,contains,chunk_169291,
file:_local/pbp_transcripts/PbP16 - Nightfall in Elysia.md,contains,chunk_169293,
file:_local/pbp_transcripts/PbP16 - Nightfall in Elysia.md,contains,chunk_169294,
file:_local/pbp_transcripts/PbP16 - Nightfall in Elysia.md,contains,chunk_169295,
file:_local/pbp_transcripts/PbP16 - Nightfall in Elysia.md,contains,chunk_169296,
file:_local/pbp_transcripts/PbP16 - Nightfall in Elysia.md,contains,chunk_169297,
file:_local/pbp_transcripts/PbP16 - Nightfall in Elysia.md,contains,chunk_169298,
file:_local/pbp_transcripts/PbP16 - Nightfall in Elysia.md,contains,chunk_169299,
file:_local/pbp_transcripts/PbP16 - Nightfall in Elysia.md,contains,chunk_169300,
file:_local/pbp_transcripts/PbP16 - Nightfall in Elysia.md,contains,chunk_169302,
file:_local/pbp_transcripts/PbP16 - Nightfall in Elysia.md,contains,chunk_169303,
file:_local/pbp_transcripts/PbP16 - Nightfall in Elysia.md,contains,chunk_169305,
file:_local/pbp_transcripts/PbP16 - Nightfall in Elysia.md,contains,chunk_169306,
file:_local/pbp_transcripts/PbP16 - Nightfall in Elysia.md,contains,chunk_169307,
file:_local/pbp_transcripts/PbP16 - Nightfall in Elysia.md,contains,chunk_169308,
file:_local/pbp_transcripts/PbP16 - Nightfall in Elysia.md,contains,chunk_169309,
file:_local/pbp_transcripts/PbP16 - Nightfall in Elysia.md,contains,chunk_169310,
file:_local/pbp_transcripts/PbP16 - Nightfall in Elysia.md,contains,chunk_169311,
file:_local/pbp_transcripts/PbP16 - Nightfall in Elysia.md,contains,chunk_169312,
file:_local/pbp_transcripts/PbP16 - Nightfall in Elysia.md,contains,chunk_169313,
file:_local/pbp_transcripts/PbP16 - Nightfall in Elysia.md,contains,chunk_169314,
file:_local/pbp_transcripts/PbP16 - Nightfall in Elysia.md,contains,chunk_169315,
file:_local/pbp_transcripts/PbP16 - Nightfall in Elysia.md,contains,chunk_169316,
file:_local/pbp_transcripts/PbP16 - Nightfall in Elysia.md,contains,chunk_169317,
file:_local/pbp_transcripts/PbP16 - Nightfall in Elysia.md,contains,chunk_169318,
file:_local/pbp_transcripts/PbP16 - Nightfall in Elysia.md,contains,chunk_169319,
file:_local/pbp_transcripts/PbP16 - Nightfall in Elysia.md,contains,chunk_169320,
file:_local/pbp_transcripts/PbP16 - Nightfall in Elysia.md,contains,chunk_169321,
file:_local/pbp_transcripts/PbP16 - Nightfall in Elysia.md,contains,chunk_169322,
file:_local/pbp_transcripts/PbP16 - Nightfall in Elysia.md,contains,chunk_169323,
file:_local/pbp_transcripts/PbP16 - Nightfall in Elysia.md,contains,chunk_169327,
file:_local/pbp_transcripts/PbP16 - Nightfall in Elysia.md,contains,chunk_169328,
file:_local/pbp_transcripts/PbP16 - Nightfall in Elysia.md,contains,chunk_169329,
file:_local/pbp_transcripts/PbP16 - Nightfall in Elysia.md,contains,chunk_169330,
file:_local/pbp_transcripts/PbP16 - Nightfall in Elysia.md,contains,chunk_169332,
file:_local/pbp_transcripts/PbP16 - Nightfall in Elysia.md,contains,chunk_169333,
file:_local/pbp_transcripts/PbP16 - Nightfall in Elysia.md,contains,chunk_169335,
file:_local/pbp_transcripts/PbP16 - Nightfall in Elysia.md,contains,chunk_169336,
file:_local/pbp_transcripts/PbP16 - Nightfall in Elysia.md,contains,chunk_169337,
file:_local/pbp_transcripts/PbP16 - Nightfall in Elysia.md,contains,chunk_169338,
file:_local/pbp_transcripts/PbP16 - Nightfall in Elysia.md,contains,chunk_169339,
file:_local/pbp_transcripts/PbP16 - Nightfall in Elysia.md,contains,chunk_169342,
file:_local/pbp_transcripts/PbP16 - Nightfall in Elysia.md,contains,chunk_169343,
file:_local/pbp_transcripts/PbP16 - Nightfall in Elysia.md,contains,chunk_169344,
file:_local/pbp_transcripts/PbP16 - Nightfall in Elysia.md,contains,chunk_169346,
file:_local/pbp_transcripts/PbP16 - Nightfall in Elysia.md,contains,chunk_169347,
file:_local/pbp_transcripts/PbP16 - Nightfall in Elysia.md,contains,chunk_169349,
file:_local/pbp_transcripts/PbP16 - Nightfall in Elysia.md,contains,chunk_169350,
file:_local/pbp_transcripts/PbP16 - Nightfall in Elysia.md,contains,chunk_169351,
file:_local/pbp_transcripts/PbP16 - Nightfall in Elysia.md,contains,chunk_169352,
file:_local/pbp_transcripts/PbP16 - Nightfall in Elysia.md,contains,chunk_169353,
file:_local/pbp_transcripts/PbP16 - Nightfall in Elysia.md,contains,chunk_169354,
file:_local/pbp_transcripts/PbP16 - Nightfall in Elysia.md,contains,chunk_169355,
file:_local/pbp_transcripts/PbP16 - Nightfall in Elysia.md,contains,chunk_169356,
file:_local/pbp_transcripts/PbP16 - Nightfall in Elysia.md,contains,chunk_169358,
file:_local/pbp_transcripts/PbP16 - Nightfall in Elysia.md,contains,chunk_169361,
file:_local/pbp_transcripts/PbP16 - Nightfall in Elysia.md,contains,chunk_169362,
file:_local/pbp_transcripts/PbP16 - Nightfall in Elysia.md,contains,chunk_169364,
file:_local/pbp_transcripts/PbP16 - Nightfall in Elysia.md,contains,chunk_169366,
file:_local/pbp_transcripts/PbP16 - Nightfall in Elysia.md,contains,chunk_169369,
file:_local/pbp_transcripts/PbP16 - Nightfall in Elysia.md,contains,chunk_169370,
file:_local/pbp_transcripts/PbP16 - Nightfall in Elysia.md,contains,chunk_169372,
file:_local/pbp_transcripts/PbP16 - Nightfall in Elysia.md,contains,chunk_169374,
file:_local/pbp_transcripts/PbP16 - Nightfall in Elysia.md,contains,chunk_169376,
file:_local/pbp_transcripts/PbP16 - Nightfall in Elysia.md,contains,chunk_169377,
file:_local/pbp_transcripts/PbP16 - Nightfall in Elysia.md,contains,chunk_169378,
file:_local/pbp_transcripts/PbP16 - Nightfall in Elysia.md,contains,chunk_169379,
file:_local/pbp_transcripts/PbP16 - Nightfall in Elysia.md,contains,chunk_169380,
file:_local/pbp_transcripts/PbP16 - Nightfall in Elysia.md,contains,chunk_169381,
file:_local/pbp_transcripts/PbP16 - Nightfall in Elysia.md,contains,chunk_169382,
file:_local/pbp_transcripts/PbP16 - Nightfall in Elysia.md,contains,chunk_169383,
file:_local/pbp_transcripts/PbP16 - Nightfall in Elysia.md,contains,chunk_169384,
file:_local/pbp_transcripts/PbP16 - Nightfall in Elysia.md,contains,chunk_169385,
file:_local/pbp_transcripts/PbP16 - Nightfall in Elysia.md,contains,chunk_169386,
file:_local/pbp_transcripts/PbP16 - Nightfall in Elysia.md,contains,chunk_169387,
file:_local/pbp_transcripts/PbP16 - Nightfall in Elysia.md,contains,chunk_169388,
file:_local/pbp_transcripts/PbP16 - Nightfall in Elysia.md,contains,chunk_169389,
file:_local/pbp_transcripts/PbP16 - Nightfall in Elysia.md,contains,chunk_169390,
file:_local/pbp_transcripts/PbP16 - Nightfall in Elysia.md,contains,chunk_169391,
file:_local/pbp_transcripts/PbP16 - Nightfall in Elysia.md,contains,chunk_169392,
file:_local/pbp_transcripts/PbP16 - Nightfall in Elysia.md,contains,chunk_169394,
file:_local/pbp_transcripts/PbP16 - Nightfall in Elysia.md,contains,chunk_169395,
file:_local/pbp_transcripts/PbP16 - Nightfall in Elysia.md,contains,chunk_169396,
file:_local/pbp_transcripts/PbP16 - Nightfall in Elysia.md,contains,chunk_169397,
file:_local/pbp_transcripts/PbP16 - Nightfall in Elysia.md,contains,chunk_169398,
file:_local/pbp_transcripts/PbP16 - Nightfall in Elysia.md,contains,chunk_169399,
file:_local/pbp_transcripts/PbP16 - Nightfall in Elysia.md,contains,chunk_169400,
file:_local/pbp_transcripts/PbP16 - Nightfall in Elysia.md,contains,chunk_169401,
file:_local/pbp_transcripts/PbP16 - Nightfall in Elysia.md,contains,chunk_169402,
file:_local/pbp_transcripts/PbP16 - Nightfall in Elysia.md,contains,chunk_169404,
file:_local/pbp_transcripts/PbP16 - Nightfall in Elysia.md,contains,chunk_169405,
file:_local/pbp_transcripts/PbP16 - Nightfall in Elysia.md,contains,chunk_169407,
file:_local/pbp_transcripts/PbP16 - Nightfall in Elysia.md,contains,chunk_169408,
file:_local/pbp_transcripts/PbP16 - Nightfall in Elysia.md,contains,chunk_169409,
file:_local/pbp_transcripts/PbP16 - Nightfall in Elysia.md,contains,chunk_169410,
file:_local/pbp_transcripts/PbP16 - Nightfall in Elysia.md,contains,chunk_169412,
file:_local/pbp_transcripts/PbP17 - Night Meetings.md,contains,chunk_169413,
file:_local/pbp_transcripts/PbP17 - Night Meetings.md,contains,chunk_169414,
file:_local/pbp_transcripts/PbP17 - Night Meetings.md,contains,chunk_169415,
file:_local/pbp_transcripts/PbP17 - Night Meetings.md,contains,chunk_169421,
file:_local/pbp_transcripts/PbP17 - Night Meetings.md,contains,chunk_169423,
file:_local/pbp_transcripts/PbP17 - Night Meetings.md,contains,chunk_169424,
file:_local/pbp_transcripts/PbP17 - Night Meetings.md,contains,chunk_169425,
file:_local/pbp_transcripts/PbP17 - Night Meetings.md,contains,chunk_169426,
file:_local/pbp_transcripts/PbP17 - Night Meetings.md,contains,chunk_169427,
file:_local/pbp_transcripts/PbP17 - Night Meetings.md,contains,chunk_169428,
file:_local/pbp_transcripts/PbP17 - Night Meetings.md,contains,chunk_169429,
file:_local/pbp_transcripts/PbP17 - Night Meetings.md,contains,chunk_169430,
file:_local/pbp_transcripts/PbP17 - Night Meetings.md,contains,chunk_169431,
file:_local/pbp_transcripts/PbP17 - Night Meetings.md,contains,chunk_169433,
file:_local/pbp_transcripts/PbP17 - Night Meetings.md,contains,chunk_169434,
file:_local/pbp_transcripts/PbP17 - Night Meetings.md,contains,chunk_169435,
file:_local/pbp_transcripts/PbP17 - Night Meetings.md,contains,chunk_169436,
file:_local/pbp_transcripts/PbP17 - Night Meetings.md,contains,chunk_169439,
file:_local/pbp_transcripts/PbP17 - Night Meetings.md,contains,chunk_169440,
file:_local/pbp_transcripts/PbP17 - Night Meetings.md,contains,chunk_169441,
file:_local/pbp_transcripts/PbP17 - Night Meetings.md,contains,chunk_169442,
file:_local/pbp_transcripts/PbP17 - Night Meetings.md,contains,chunk_169443,
file:_local/pbp_transcripts/PbP17 - Night Meetings.md,contains,chunk_169444,
file:_local/pbp_transcripts/PbP17 - Night Meetings.md,contains,chunk_169447,
file:_local/pbp_transcripts/PbP17 - Night Meetings.md,contains,chunk_169449,
file:_local/pbp_transcripts/PbP17 - Night Meetings.md,contains,chunk_169450,
file:_local/pbp_transcripts/PbP17 - Night Meetings.md,contains,chunk_169453,
file:_local/pbp_transcripts/PbP17 - Night Meetings.md,contains,chunk_169456,
file:_local/pbp_transcripts/PbP17 - Night Meetings.md,contains,chunk_169457,
file:_local/pbp_transcripts/PbP17 - Night Meetings.md,contains,chunk_169458,
file:_local/pbp_transcripts/PbP17 - Night Meetings.md,contains,chunk_169459,
file:_local/pbp_transcripts/PbP17 - Night Meetings.md,contains,chunk_169460,
file:_local/pbp_transcripts/PbP17 - Night Meetings.md,contains,chunk_169462,
file:_local/pbp_transcripts/PbP17 - Night Meetings.md,contains,chunk_169463,
file:_local/pbp_transcripts/PbP17 - Night Meetings.md,contains,chunk_169464,
file:_local/pbp_transcripts/PbP17 - Night Meetings.md,contains,chunk_169465,
file:_local/pbp_transcripts/PbP17 - Night Meetings.md,contains,chunk_169466,
file:_local/pbp_transcripts/PbP17 - Night Meetings.md,contains,chunk_169467,
file:_local/pbp_transcripts/PbP17 - Night Meetings.md,contains,chunk_169469,
file:_local/pbp_transcripts/PbP17 - Night Meetings.md,contains,chunk_169470,
file:_local/pbp_transcripts/PbP17 - Night Meetings.md,contains,chunk_169471,
file:_local/pbp_transcripts/PbP17 - Night Meetings.md,contains,chunk_169473,
file:_local/pbp_transcripts/PbP17 - Night Meetings.md,contains,chunk_169474,
file:_local/pbp_transcripts/PbP17 - Night Meetings.md,contains,chunk_169476,
file:_local/pbp_transcripts/PbP17 - Night Meetings.md,contains,chunk_169479,
file:_local/pbp_transcripts/PbP17 - Night Meetings.md,contains,chunk_169480,
file:_local/pbp_transcripts/PbP17 - Night Meetings.md,contains,chunk_169481,
file:_local/pbp_transcripts/PbP17 - Night Meetings.md,contains,chunk_169482,
file:_local/pbp_transcripts/PbP17 - Night Meetings.md,contains,chunk_169483,
file:_local/pbp_transcripts/PbP17 - Night Meetings.md,contains,chunk_169484,
file:_local/pbp_transcripts/PbP17 - Night Meetings.md,contains,chunk_169485,
file:_local/pbp_transcripts/PbP17 - Night Meetings.md,contains,chunk_169486,
file:_local/pbp_transcripts/PbP17 - Night Meetings.md,contains,chunk_169488,
file:_local/pbp_transcripts/PbP18 - TBD.md,contains,chunk_169491,
file:_local/pbp_transcripts/PbP18 - TBD.md,contains,chunk_169492,
file:_local/pbp_transcripts/PbP18 - TBD.md,contains,chunk_169493,
file:_local/pbp_transcripts/PbP18 - TBD.md,contains,chunk_169494,
file:_local/pbp_transcripts/PbP18 - TBD.md,contains,chunk_169495,
file:_local/pbp_transcripts/PbP18 - TBD.md,contains,chunk_169497,
file:_local/pbp_transcripts/PbP18 - TBD.md,contains,chunk_169498,
file:_local/pbp_transcripts/PbP18 - TBD.md,contains,chunk_169500,
file:_local/pbp_transcripts/PbP18 - TBD.md,contains,chunk_169501,
file:_local/pbp_transcripts/PbP18 - TBD.md,contains,chunk_169502,
file:_local/pbp_transcripts/PbP18 - TBD.md,contains,chunk_169504,
file:_local/pbp_transcripts/PbP18 - TBD.md,contains,chunk_169505,
file:_local/pbp_transcripts/PbP18 - TBD.md,contains,chunk_169506,
file:_local/pbp_transcripts/PbP18 - TBD.md,contains,chunk_169509,
file:_local/planning_notes/Allip Encounter Notes.md,contains,chunk_169511,
file:_local/planning_notes/Allip Encounter Notes.md,contains,chunk_169512,
file:_local/planning_notes/Elulind map descriptions.md,contains,chunk_169654,
file:_local/planning_notes/The Premature Pods Mystery.md,contains,chunk_169655,
file:_local/planning_notes/The Premature Pods Mystery.md,contains,chunk_169657,
file:_local/planning_notes/The Premature Pods Mystery.md,contains,chunk_169658,
file:_local/planning_notes/The Premature Pods Mystery.md,contains,chunk_169659,
file:_local/planning_notes/The Premature Pods Mystery.md,contains,chunk_169660,
file:_local/planning_notes/The Premature Pods Mystery.md,contains,chunk_169661,
file:_local/planning_notes/The Premature Pods Mystery.md,contains,chunk_169662,
file:_local/planning_notes/The Premature Pods Mystery.md,contains,chunk_169665,
file:_local/planning_notes/The Premature Pods Mystery.md,contains,chunk_169666,
file:_local/planning_notes/The Premature Pods Mystery.md,contains,chunk_169667,
file:_local/planning_notes/The Premature Pods Mystery.md,contains,chunk_169669,
file:_local/planning_notes/The Premature Pods Mystery.md,contains,chunk_169670,
file:_local/planning_notes/The Premature Pods Mystery.md,contains,chunk_169675,
file:_local/planning_notes/The Premature Pods Mystery.md,contains,chunk_169676,
file:_local/planning_notes/The Premature Pods Mystery.md,contains,chunk_169677,
file:_local/planning_notes/The Premature Pods Mystery.md,contains,chunk_169683,
file:_local/planning_notes/The Spencer Heir.md,contains,chunk_169684,
file:_local/planning_notes/The Spencer Heir.md,contains,chunk_169685,
file:_local/planning_notes/The Spencer Heir.md,contains,chunk_169686,
file:_local/planning_notes/The Spencer Heir.md,contains,chunk_169688,
file:_local/planning_notes/The Spencer Heir.md,contains,chunk_169689,
file:_local/planning_notes/The Spencer Heir.md,contains,chunk_169690,
file:_local/planning_notes/The Spencer Heir.md,contains,chunk_169691,
file:_local/planning_notes/The Spencer Heir.md,contains,chunk_169692,
file:_local/planning_notes/The Spencer Heir.md,contains,chunk_169693,
file:_local/planning_notes/The Spencer Heir.md,contains,chunk_169694,
file:_local/planning_notes/The Wolfstream Situation.md,contains,chunk_169695,
file:_local/planning_notes/The Wolfstream Situation.md,contains,chunk_169696,
file:_local/planning_notes/The Wolfstream Situation.md,contains,chunk_169697,
file:_local/planning_notes/The Wolfstream Situation.md,contains,chunk_169698,
file:_local/planning_notes/The Wolfstream Situation.md,contains,chunk_169699,
file:_local/planning_notes/The Wolfstream Situation.md,contains,chunk_169701,
file:_local/planning_notes/Victor’s Causal Chain.md,contains,chunk_169702,
file:_local/planning_notes/Who Knows What.md,contains,chunk_169704,
file:_local/planning_notes/Who Knows What.md,contains,chunk_169705,
file:_local/planning_notes/Who Knows What.md,contains,chunk_169706,
file:_local/planning_notes/Who Knows What.md,contains,chunk_169707,
file:_local/planning_notes/Who Knows What.md,contains,chunk_169708,
file:_local/planning_notes/Who Knows What.md,contains,chunk_169709,
file:_local/planning_notes/Who Knows What.md,contains,chunk_169710,
file:_local/planning_notes/current_Dhassa staged narration.md,contains,chunk_169513,
file:_local/planning_notes/current_Dhassa staged narration.md,contains,chunk_169514,
file:_local/planning_notes/current_Dhassa staged narration.md,contains,chunk_169516,
file:_local/planning_notes/current_Dhassa staged narration.md,contains,chunk_169518,
file:_local/planning_notes/current_Dhassa staged narration.md,contains,chunk_169519,
file:_local/planning_notes/current_Dhassa staged narration.md,contains,chunk_169521,
file:_local/planning_notes/current_Dhassa staged narration.md,contains,chunk_169522,
file:_local/planning_notes/current_Dhassa staged narration.md,contains,chunk_169523,
file:_local/planning_notes/current_Dhassa staged narration.md,contains,chunk_169524,
file:_local/planning_notes/current_Dhassa staged narration.md,contains,chunk_169526,
file:_local/planning_notes/current_Dhassa staged narration.md,contains,chunk_169527,
file:_local/planning_notes/current_Dhassa staged narration.md,contains,chunk_169528,
file:_local/planning_notes/current_Dhassa staged narration.md,contains,chunk_169529,
file:_local/planning_notes/current_Dhassa staged narration.md,contains,chunk_169530,
file:_local/planning_notes/current_Dhassa staged narration.md,contains,chunk_169531,
file:_local/planning_notes/current_Dhassa staged narration.md,contains,chunk_169532,
file:_local/planning_notes/current_Dhassa staged narration.md,contains,chunk_169533,
file:_local/planning_notes/current_Dhassa staged narration.md,contains,chunk_169534,
file:_local/planning_notes/current_Dhassa staged narration.md,contains,chunk_169535,
file:_local/planning_notes/current_Dhassa staged narration.md,contains,chunk_169536,
file:_local/planning_notes/current_Dhassa staged narration.md,contains,chunk_169537,
file:_local/planning_notes/current_Dhassa staged narration.md,contains,chunk_169538,
file:_local/planning_notes/current_Dhassa staged narration.md,contains,chunk_169539,
file:_local/planning_notes/current_Dhassa staged narration.md,contains,chunk_169540,
file:_local/planning_notes/current_Dhassa staged narration.md,contains,chunk_169541,
file:_local/planning_notes/current_Dhassa staged narration.md,contains,chunk_169542,
file:_local/planning_notes/current_Dhassa staged narration.md,contains,chunk_169544,
file:_local/planning_notes/current_Dhassa staged narration.md,contains,chunk_169545,
file:_local/planning_notes/current_Dhassa staged narration.md,contains,chunk_169546,
file:_local/planning_notes/current_IWTC names.md,contains,chunk_169549,
file:_local/planning_notes/current_IWTC names.md,contains,chunk_169550,
file:_local/planning_notes/current_IWTC names.md,contains,chunk_169551,
file:_local/planning_notes/current_IWTC names.md,contains,chunk_169552,
file:_local/planning_notes/current_IWTC names.md,contains,chunk_169553,
file:_local/planning_notes/current_IWTC names.md,contains,chunk_169554,
file:_local/planning_notes/current_IWTC names.md,contains,chunk_169555,
file:_local/planning_notes/current_IWTC names.md,contains,chunk_169556,
file:_local/planning_notes/current_IWTC names.md,contains,chunk_169557,
file:_local/planning_notes/current_IWTC names.md,contains,chunk_169558,
file:_local/planning_notes/current_IWTC names.md,contains,chunk_169559,
file:_local/planning_notes/current_IWTC names.md,contains,chunk_169561,
file:_local/planning_notes/current_IWTC names.md,contains,chunk_169568,
file:_local/planning_notes/current_IWTC names.md,contains,chunk_169578,
file:_local/planning_notes/current_IWTC names.md,contains,chunk_169581,
file:_local/planning_notes/current_IWTC names.md,contains,chunk_169588,
file:_local/planning_notes/current_IWTC names.md,contains,chunk_169589,
file:_local/planning_notes/current_IWTC names.md,contains,chunk_169590,
file:_local/planning_notes/current_IWTC names.md,contains,chunk_169591,
file:_local/planning_notes/current_IWTC names.md,contains,chunk_169593,
file:_local/planning_notes/current_IWTC names.md,contains,chunk_169594,
file:_local/planning_notes/current_IWTC names.md,contains,chunk_169595,
file:_local/planning_notes/current_IWTC names.md,contains,chunk_169596,
file:_local/planning_notes/current_IWTC names.md,contains,chunk_169597,
file:_local/planning_notes/current_IWTC names.md,contains,chunk_169598,
file:_local/planning_notes/current_IWTC planning notes.md,contains,chunk_169600,
file:_local/planning_notes/current_IWTC planning notes.md,contains,chunk_169603,
file:_local/planning_notes/current_IWTC planning notes.md,contains,chunk_169605,
file:_local/planning_notes/current_IWTC planning notes.md,contains,chunk_169606,
file:_local/planning_notes/current_IWTC planning notes.md,contains,chunk_169608,
file:_local/planning_notes/current_IWTC planning notes.md,contains,chunk_169609,
file:_local/planning_notes/current_IWTC planning notes.md,contains,chunk_169610,
file:_local/planning_notes/current_IWTC planning notes.md,contains,chunk_169611,
file:_local/planning_notes/current_IWTC planning notes.md,contains,chunk_169612,
file:_local/planning_notes/current_IWTC planning notes.md,contains,chunk_169613,
file:_local/planning_notes/current_IWTC planning notes.md,contains,chunk_169614,
file:_local/planning_notes/current_IWTC planning notes.md,contains,chunk_169616,
file:_local/planning_notes/current_IWTC planning notes.md,contains,chunk_169618,
file:_local/planning_notes/current_IWTC planning notes.md,contains,chunk_169623,
file:_local/planning_notes/current_IWTC planning notes.md,contains,chunk_169625,
file:_local/planning_notes/current_IWTC planning notes.md,contains,chunk_169627,
file:_local/planning_notes/current_IWTC planning notes.md,contains,chunk_169628,
file:_local/planning_notes/current_IWTC planning notes.md,contains,chunk_169630,
file:_local/planning_notes/current_Kwalish.md,contains,chunk_169632,
file:_local/planning_notes/current_Kwalish.md,contains,chunk_169633,
file:_local/planning_notes/current_Kwalish.md,contains,chunk_169635,
file:_local/planning_notes/current_Kwalish.md,contains,chunk_169639,
file:_local/planning_notes/current_Kwalish.md,contains,chunk_169643,
file:_local/planning_notes/current_Kwalish.md,contains,chunk_169644,
file:_local/planning_notes/current_Kwalish.md,contains,chunk_169645,
file:_local/planning_notes/current_Kwalish.md,contains,chunk_169646,
file:_local/planning_notes/current_Kwalish.md,contains,chunk_169647,
file:_local/planning_notes/current_Kwalish.md,contains,chunk_169648,
file:_local/planning_notes/current_Kwalish.md,contains,chunk_169649,
file:_local/planning_notes/current_Kwalish.md,contains,chunk_169650,
file:_local/session_notes/IWTC session notes 1-50.md,contains,chunk_169727,
file:_local/session_notes/IWTC session notes 1-50.md,contains,chunk_169729,
file:_local/session_notes/IWTC session notes 1-50.md,contains,chunk_169730,
file:_local/session_notes/IWTC session notes 1-50.md,contains,chunk_169731,
file:_local/session_notes/IWTC session notes 1-50.md,contains,chunk_169732,
file:_local/session_notes/IWTC session notes 1-50.md,contains,chunk_169733,
file:_local/session_notes/IWTC session notes 1-50.md,contains,chunk_169734,
file:_local/session_notes/IWTC session notes 1-50.md,contains,chunk_169735,
file:_local/session_notes/IWTC session notes 1-50.md,contains,chunk_169736,
file:_local/session_notes/IWTC session notes 1-50.md,contains,chunk_169737,
file:_local/session_notes/IWTC session notes 1-50.md,contains,chunk_169738,
file:_local/session_notes/IWTC session notes 1-50.md,contains,chunk_169739,
file:_local/session_notes/IWTC session notes 1-50.md,contains,chunk_169740,
file:_local/session_notes/IWTC session notes 1-50.md,contains,chunk_169741,
file:_local/session_notes/IWTC session notes 1-50.md,contains,chunk_169742,
file:_local/session_notes/IWTC session notes 1-50.md,contains,chunk_169743,
file:_local/session_notes/IWTC session notes 1-50.md,contains,chunk_169744,
file:_local/session_notes/IWTC session notes 1-50.md,contains,chunk_169745,
file:_local/session_notes/IWTC session notes 1-50.md,contains,chunk_169746,
file:_local/session_notes/IWTC session notes 1-50.md,contains,chunk_169747,
file:_local/session_notes/IWTC session notes 1-50.md,contains,chunk_169748,
file:_local/session_notes/IWTC session notes 1-50.md,contains,chunk_169749,
file:_local/session_notes/IWTC session notes 1-50.md,contains,chunk_169751,
file:_local/session_notes/IWTC session notes 1-50.md,contains,chunk_169752,
file:_local/session_notes/IWTC session notes 1-50.md,contains,chunk_169753,
file:_local/session_notes/IWTC session notes 1-50.md,contains,chunk_169754,
file:_local/session_notes/IWTC session notes 1-50.md,contains,chunk_169755,
file:_local/session_notes/IWTC session notes 1-50.md,contains,chunk_169756,
file:_local/session_notes/IWTC session notes 1-50.md,contains,chunk_169758,
file:_local/session_notes/IWTC session notes 1-50.md,contains,chunk_169759,
file:_local/session_notes/IWTC session notes 1-50.md,contains,chunk_169760,
file:_local/session_notes/IWTC session notes 1-50.md,contains,chunk_169761,
file:_local/session_notes/IWTC session notes 1-50.md,contains,chunk_169762,
file:_local/session_notes/IWTC session notes 1-50.md,contains,chunk_169763,
file:_local/session_notes/IWTC session notes 1-50.md,contains,chunk_169765,
file:_local/session_notes/IWTC session notes 1-50.md,contains,chunk_169767,
file:_local/session_notes/IWTC session notes 1-50.md,contains,chunk_169769,
file:_local/session_notes/IWTC session notes 1-50.md,contains,chunk_169770,
file:_local/session_notes/IWTC session notes 1-50.md,contains,chunk_169771,
file:_local/session_notes/IWTC session notes 1-50.md,contains,chunk_169773,
file:_local/session_notes/IWTC session notes 1-50.md,contains,chunk_169774,
file:_local/session_notes/IWTC session notes 1-50.md,contains,chunk_169775,
file:_local/session_notes/IWTC session notes 1-50.md,contains,chunk_169776,
file:_local/session_notes/IWTC session notes 1-50.md,contains,chunk_169777,
file:_local/session_notes/IWTC session notes 1-50.md,contains,chunk_169778,
file:_local/session_notes/IWTC session notes 1-50.md,contains,chunk_169779,
file:_local/session_notes/IWTC session notes 1-50.md,contains,chunk_169780,
file:_local/session_notes/IWTC session notes 1-50.md,contains,chunk_169781,
file:_local/session_notes/IWTC session notes 1-50.md,contains,chunk_169782,
file:_local/session_notes/IWTC session notes 1-50.md,contains,chunk_169783,
file:_local/session_notes/IWTC session notes 1-50.md,contains,chunk_169784,
file:_local/session_notes/IWTC session notes 1-50.md,contains,chunk_169785,
file:_local/session_notes/IWTC session notes 1-50.md,contains,chunk_169786,
file:_local/session_notes/IWTC session notes 1-50.md,contains,chunk_169787,
file:_local/session_notes/IWTC session notes 1-50.md,contains,chunk_169788,
file:_local/session_notes/IWTC session notes 1-50.md,contains,chunk_169789,
file:_local/session_notes/IWTC session notes 1-50.md,contains,chunk_169790,
file:_local/session_notes/IWTC session notes 1-50.md,contains,chunk_169791,
file:_local/session_notes/IWTC session notes 1-50.md,contains,chunk_169792,
file:_local/session_notes/IWTC session notes 1-50.md,contains,chunk_169793,
file:_local/session_notes/IWTC session notes 1-50.md,contains,chunk_169794,
file:_local/session_notes/IWTC session notes 1-50.md,contains,chunk_169795,
file:_local/session_notes/IWTC session notes 1-50.md,contains,chunk_169796,
file:_local/session_notes/IWTC session notes 1-50.md,contains,chunk_169797,
file:_local/session_notes/IWTC session notes 101-150.md,contains,chunk_169799,
file:_local/session_notes/IWTC session notes 101-150.md,contains,chunk_169800,
file:_local/session_notes/IWTC session notes 101-150.md,contains,chunk_169801,
file:_local/session_notes/IWTC session notes 101-150.md,contains,chunk_169802,
file:_local/session_notes/IWTC session notes 101-150.md,contains,chunk_169803,
file:_local/session_notes/IWTC session notes 101-150.md,contains,chunk_169804,
file:_local/session_notes/IWTC session notes 101-150.md,contains,chunk_169805,
file:_local/session_notes/IWTC session notes 101-150.md,contains,chunk_169806,
file:_local/session_notes/IWTC session notes 101-150.md,contains,chunk_169807,
file:_local/session_notes/IWTC session notes 101-150.md,contains,chunk_169808,
file:_local/session_notes/IWTC session notes 101-150.md,contains,chunk_169809,
file:_local/session_notes/IWTC session notes 101-150.md,contains,chunk_169810,
file:_local/session_notes/IWTC session notes 101-150.md,contains,chunk_169811,
file:_local/session_notes/IWTC session notes 101-150.md,contains,chunk_169812,
file:_local/session_notes/IWTC session notes 101-150.md,contains,chunk_169814,
file:_local/session_notes/IWTC session notes 101-150.md,contains,chunk_169815,
file:_local/session_notes/IWTC session notes 101-150.md,contains,chunk_169816,
file:_local/session_notes/IWTC session notes 101-150.md,contains,chunk_169817,
file:_local/session_notes/IWTC session notes 101-150.md,contains,chunk_169818,
file:_local/session_notes/IWTC session notes 101-150.md,contains,chunk_169819,
file:_local/session_notes/IWTC session notes 101-150.md,contains,chunk_169820,
file:_local/session_notes/IWTC session notes 101-150.md,contains,chunk_169821,
file:_local/session_notes/IWTC session notes 101-150.md,contains,chunk_169822,
file:_local/session_notes/IWTC session notes 101-150.md,contains,chunk_169823,
file:_local/session_notes/IWTC session notes 101-150.md,contains,chunk_169824,
file:_local/session_notes/IWTC session notes 101-150.md,contains,chunk_169825,
file:_local/session_notes/IWTC session notes 101-150.md,contains,chunk_169826,
file:_local/session_notes/IWTC session notes 101-150.md,contains,chunk_169827,
file:_local/session_notes/IWTC session notes 101-150.md,contains,chunk_169828,
file:_local/session_notes/IWTC session notes 101-150.md,contains,chunk_169829,
file:_local/session_notes/IWTC session notes 101-150.md,contains,chunk_169830,
file:_local/session_notes/IWTC session notes 101-150.md,contains,chunk_169831,
file:_local/session_notes/IWTC session notes 101-150.md,contains,chunk_169832,
file:_local/session_notes/IWTC session notes 101-150.md,contains,chunk_169833,
file:_local/session_notes/IWTC session notes 101-150.md,contains,chunk_169834,
file:_local/session_notes/IWTC session notes 101-150.md,contains,chunk_169835,
file:_local/session_notes/IWTC session notes 101-150.md,contains,chunk_169836,
file:_local/session_notes/IWTC session notes 101-150.md,contains,chunk_169837,
file:_local/session_notes/IWTC session notes 101-150.md,contains,chunk_169838,
file:_local/session_notes/IWTC session notes 101-150.md,contains,chunk_169839,
file:_local/session_notes/IWTC session notes 101-150.md,contains,chunk_169840,
file:_local/session_notes/IWTC session notes 101-150.md,contains,chunk_169841,
file:_local/session_notes/IWTC session notes 101-150.md,contains,chunk_169842,
file:_local/session_notes/IWTC session notes 101-150.md,contains,chunk_169843,
file:_local/session_notes/IWTC session notes 101-150.md,contains,chunk_169844,
file:_local/session_notes/IWTC session notes 101-150.md,contains,chunk_169845,
file:_local/session_notes/IWTC session notes 101-150.md,contains,chunk_169846,
file:_local/session_notes/IWTC session notes 101-150.md,contains,chunk_169847,
file:_local/session_notes/IWTC session notes 101-150.md,contains,chunk_169848,
file:_local/session_notes/IWTC session notes 101-150.md,contains,chunk_169849,
file:_local/session_notes/IWTC session notes 101-150.md,contains,chunk_169850,
file:_local/session_notes/IWTC session notes 101-150.md,contains,chunk_169851,
file:_local/session_notes/IWTC session notes 101-150.md,contains,chunk_169852,
file:_local/session_notes/IWTC session notes 51-100.md,contains,chunk_169854,
file:_local/session_notes/IWTC session notes 51-100.md,contains,chunk_169855,
file:_local/session_notes/IWTC session notes 51-100.md,contains,chunk_169856,
file:_local/session_notes/IWTC session notes 51-100.md,contains,chunk_169857,
file:_local/session_notes/IWTC session notes 51-100.md,contains,chunk_169858,
file:_local/session_notes/IWTC session notes 51-100.md,contains,chunk_169859,
file:_local/session_notes/IWTC session notes 51-100.md,contains,chunk_169860,
file:_local/session_notes/IWTC session notes 51-100.md,contains,chunk_169861,
file:_local/session_notes/IWTC session notes 51-100.md,contains,chunk_169862,
file:_local/session_notes/IWTC session notes 51-100.md,contains,chunk_169863,
file:_local/session_notes/IWTC session notes 51-100.md,contains,chunk_169864,
file:_local/session_notes/IWTC session notes 51-100.md,contains,chunk_169865,
file:_local/session_notes/IWTC session notes 51-100.md,contains,chunk_169866,
file:_local/session_notes/IWTC session notes 51-100.md,contains,chunk_169868,
file:_local/session_notes/IWTC session notes 51-100.md,contains,chunk_169869,
file:_local/session_notes/IWTC session notes 51-100.md,contains,chunk_169870,
file:_local/session_notes/IWTC session notes 51-100.md,contains,chunk_169873,
file:_local/session_notes/IWTC session notes 51-100.md,contains,chunk_169874,
file:_local/session_notes/IWTC session notes 51-100.md,contains,chunk_169876,
file:_local/session_notes/IWTC session notes 51-100.md,contains,chunk_169877,
file:_local/session_notes/IWTC session notes 51-100.md,contains,chunk_169878,
file:_local/session_notes/IWTC session notes 51-100.md,contains,chunk_169879,
file:_local/session_notes/IWTC session notes 51-100.md,contains,chunk_169880,
file:_local/session_notes/IWTC session notes 51-100.md,contains,chunk_169881,
file:_local/session_notes/IWTC session notes 51-100.md,contains,chunk_169882,
file:_local/session_notes/IWTC session notes 51-100.md,contains,chunk_169883,
file:_local/session_notes/IWTC session notes 51-100.md,contains,chunk_169885,
file:_local/session_notes/IWTC session notes 51-100.md,contains,chunk_169886,
file:_local/session_notes/IWTC session notes 51-100.md,contains,chunk_169887,
file:_local/session_notes/IWTC session notes 51-100.md,contains,chunk_169888,
file:_local/session_notes/IWTC session notes 51-100.md,contains,chunk_169889,
file:_local/session_notes/IWTC session notes 51-100.md,contains,chunk_169890,
file:_local/session_notes/IWTC session notes 51-100.md,contains,chunk_169891,
file:_local/session_notes/IWTC session notes 51-100.md,contains,chunk_169892,
file:_local/session_notes/IWTC session notes 51-100.md,contains,chunk_169895,
file:_local/session_notes/IWTC session notes 51-100.md,contains,chunk_169896,
file:_local/session_notes/IWTC session notes 51-100.md,contains,chunk_169897,
file:_local/session_notes/IWTC session notes 51-100.md,contains,chunk_169898,
file:_local/session_notes/IWTC session notes 51-100.md,contains,chunk_169899,
file:_local/session_notes/IWTC session notes 51-100.md,contains,chunk_169900,
file:_local/session_notes/IWTC session notes 51-100.md,contains,chunk_169901,
file:_local/session_notes/IWTC session notes 51-100.md,contains,chunk_169902,
file:_local/session_notes/IWTC session notes 51-100.md,contains,chunk_169903,
file:_local/session_notes/IWTC session notes 51-100.md,contains,chunk_169904,
file:_local/session_notes/IWTC session notes 51-100.md,contains,chunk_169905,
file:_local/session_notes/IWTC session notes 51-100.md,contains,chunk_169906,
file:_local/session_notes/IWTC session notes 51-100.md,contains,chunk_169907,
file:_local/session_notes/IWTC session notes 51-100.md,contains,chunk_169908,
file:_local/session_notes/IWTC session notes 51-100.md,contains,chunk_169909,
file:_local/session_notes/IWTC session notes 51-100.md,contains,chunk_169910,
file:_local/session_notes/IWTC session notes 51-100.md,contains,chunk_169911,
file:_local/session_notes/IWTC session notes 51-100.md,contains,chunk_169913,
file:_local/session_notes/IWTC session notes 51-100.md,contains,chunk_169915,
file:_local/session_notes/IWTC session notes 51-100.md,contains,chunk_169917,
file:_local/session_notes/IWTC session notes 51-100.md,contains,chunk_169919,
file:_local/session_notes/IWTC session notes 51-100.md,contains,chunk_169921,
file:_local/session_notes/IWTC session notes 51-100.md,contains,chunk_169923,
file:_local/session_notes/IWTC session notes 51-100.md,contains,chunk_169924,
file:_local/session_notes/IWTC session notes 51-100.md,contains,chunk_169925,
file:_local/session_notes/IWTC session notes 51-100.md,contains,chunk_169926,
file:_local/session_notes/IWTC session notes 51-100.md,contains,chunk_169927,
file:_local/session_notes/IWTC session notes 51-100.md,contains,chunk_169928,
file:_local/session_notes/IWTC session notes 51-100.md,contains,chunk_169929,
file:_local/session_notes/IWTC session notes 51-100.md,contains,chunk_169930,
file:_local/session_notes/IWTC session notes 51-100.md,contains,chunk_169931,
file:_local/session_notes/IWTC session notes 51-100.md,contains,chunk_169932,
file:_local/session_notes/IWTC session notes 51-100.md,contains,chunk_169933,
file:_local/session_notes/IWTC session notes 51-100.md,contains,chunk_169934,
file:_local/session_notes/IWTC session notes 51-100.md,contains,chunk_169935,
file:_local/session_notes/IWTC session notes 51-100.md,contains,chunk_169936,
file:_local/session_notes/IWTC session notes 51-100.md,contains,chunk_169937,
file:_local/session_notes/IWTC session notes 51-100.md,contains,chunk_169938,
file:_local/session_notes/IWTC session notes 51-100.md,contains,chunk_169939,
file:_local/session_notes/IWTC session notes 51-100.md,contains,chunk_169940,
file:_local/session_notes/IWTC session notes 51-100.md,contains,chunk_169941,
file:_local/session_notes/IWTC session notes 51-100.md,contains,chunk_169942,
file:_local/session_notes/IWTC session notes 51-100.md,contains,chunk_169943,
file:_local/session_notes/IWTC session notes 51-100.md,contains,chunk_169944,
file:_local/session_notes/Kavar notes.md,contains,chunk_169945,
file:_local/session_notes/Kavar notes.md,contains,chunk_169947,
file:_local/session_notes/Kavar notes.md,contains,chunk_169948,
file:_local/session_notes/Kavar notes.md,contains,chunk_169949,
file:_local/session_notes/Kavar notes.md,contains,chunk_169950,
file:_local/session_notes/Kavar notes.md,contains,chunk_169951,
file:_local/session_notes/Kavar notes.md,contains,chunk_169952,
file:_local/session_notes/Kavar notes.md,contains,chunk_169953,
file:_local/session_notes/Kavar notes.md,contains,chunk_169954,
file:_local/session_notes/Kavar notes.md,contains,chunk_169955,
file:_local/session_notes/Kavar notes.md,contains,chunk_169956,
file:_local/session_notes/Kavar notes.md,contains,chunk_169957,
file:_local/session_notes/Kavar notes.md,contains,chunk_169958,
file:_local/session_notes/Kavar notes.md,contains,chunk_169959,
file:_local/session_notes/Kavar notes.md,contains,chunk_169960,
file:_local/session_notes/Kavar notes.md,contains,chunk_169961,
file:_local/session_notes/Kavar notes.md,contains,chunk_169962,
file:_local/session_notes/Kavar notes.md,contains,chunk_169963,
file:_local/session_notes/Kavar notes.md,contains,chunk_169965,
file:_local/session_notes/Kavar notes.md,contains,chunk_169966,
file:_local/session_notes/Kavar notes.md,contains,chunk_169967,
file:_local/session_notes/Kavar notes.md,contains,chunk_169969,
file:_local/session_notes/Kavar notes.md,contains,chunk_169970,
file:_local/session_notes/Kavar notes.md,contains,chunk_169972,
file:_local/session_notes/Kavar notes.md,contains,chunk_169974,
file:_local/session_notes/Kavar notes.md,contains,chunk_169975,
file:_local/session_notes/Kavar notes.md,contains,chunk_169976,
file:_local/session_notes/Kavar notes.md,contains,chunk_169978,
file:_local/session_notes/Kavar notes.md,contains,chunk_169979,
file:_local/session_notes/Kavar notes.md,contains,chunk_169980,
file:_local/session_notes/Kavar notes.md,contains,chunk_169981,
file:_local/session_notes/Kavar notes.md,contains,chunk_169982,
file:_local/session_notes/Kavar notes.md,contains,chunk_169983,
file:_local/session_notes/Kavar notes.md,contains,chunk_169984,
file:_local/session_notes/Kavar notes.md,contains,chunk_169985,
file:_local/session_notes/Kavar notes.md,contains,chunk_169986,
file:_local/session_notes/Kavar notes.md,contains,chunk_169988,
file:_local/session_notes/Kavar notes.md,contains,chunk_169990,
file:_local/session_notes/Kavar notes.md,contains,chunk_169991,
file:_local/session_notes/Kavar notes.md,contains,chunk_169992,
file:_local/session_notes/Kavar notes.md,contains,chunk_169994,
file:_local/session_notes/Kavar notes.md,contains,chunk_169995,
file:_local/session_notes/Kavar notes.md,contains,chunk_169996,
file:_local/session_notes/Kavar notes.md,contains,chunk_169998,
file:_local/session_notes/Kavar notes.md,contains,chunk_170000,
file:_local/session_notes/Kavar notes.md,contains,chunk_170002,
file:_local/session_notes/Kavar notes.md,contains,chunk_170004,
file:_local/session_notes/Kavar notes.md,contains,chunk_170006,
file:_local/session_notes/Kavar notes.md,contains,chunk_170007,
file:_local/session_notes/Kavar notes.md,contains,chunk_170008,
file:_local/session_notes/Kavar notes.md,contains,chunk_170010,
file:_local/session_notes/Kavar notes.md,contains,chunk_170011,
file:_local/session_notes/Kavar notes.md,contains,chunk_170012,
file:_local/session_notes/Kavar notes.md,contains,chunk_170013,
file:_local/session_notes/Kavar notes.md,contains,chunk_170014,
file:_local/session_notes/Kavar notes.md,contains,chunk_170016,
file:_local/session_notes/Kavar notes.md,contains,chunk_170018,
file:_local/session_notes/Kavar notes.md,contains,chunk_170019,
file:_local/session_notes/Kavar notes.md,contains,chunk_170020,
file:_local/session_notes/Kavar notes.md,contains,chunk_170021,
file:_local/session_notes/Kavar notes.md,contains,chunk_170022,
file:_local/session_notes/Kavar notes.md,contains,chunk_170023,
file:_local/session_notes/Kavar notes.md,contains,chunk_170024,
file:_local/session_notes/Kavar notes.md,contains,chunk_170025,
file:_local/session_notes/Kavar notes.md,contains,chunk_170026,
file:_local/session_notes/Kavar notes.md,contains,chunk_170027,
file:_local/session_notes/Kavar notes.md,contains,chunk_170028,
file:_local/session_notes/Kavar notes.md,contains,chunk_170029,
file:_local/session_notes/Kavar notes.md,contains,chunk_170030,
file:_local/session_notes/Kavar notes.md,contains,chunk_170031,
file:_local/session_notes/Kavar notes.md,contains,chunk_170032,
file:_local/session_notes/Kavar notes.md,contains,chunk_170033,
file:_local/session_notes/Kavar notes.md,contains,chunk_170034,
file:_local/session_notes/Kavar notes.md,contains,chunk_170036,
file:_local/session_notes/Kavar notes.md,contains,chunk_170037,
file:_local/session_notes/Kavar notes.md,contains,chunk_170038,
file:_local/session_notes/Kavar notes.md,contains,chunk_170040,
file:_local/session_notes/Kavar notes.md,contains,chunk_170042,
file:_local/session_notes/Kavar notes.md,contains,chunk_170043,
file:_local/session_notes/Kavar notes.md,contains,chunk_170044,
file:_local/session_notes/Kavar notes.md,contains,chunk_170045,
file:_local/session_notes/Kavar notes.md,contains,chunk_170046,
file:_local/session_notes/Kavar notes.md,contains,chunk_170047,
file:_local/session_notes/Kavar notes.md,contains,chunk_170048,
file:_local/session_notes/Kavar notes.md,contains,chunk_170050,
file:_local/session_notes/Kavar notes.md,contains,chunk_170051,
file:_local/session_notes/Kavar notes.md,contains,chunk_170052,
file:_local/session_notes/Kavar notes.md,contains,chunk_170054,
file:_local/session_notes/Kavar notes.md,contains,chunk_170055,
file:_local/session_notes/Kavar notes.md,contains,chunk_170056,
file:_local/session_notes/Kavar notes.md,contains,chunk_170058,
file:_local/session_notes/Kavar notes.md,contains,chunk_170059,
file:_local/session_notes/Kavar notes.md,contains,chunk_170060,
file:_local/session_notes/Kavar notes.md,contains,chunk_170062,
file:_local/session_notes/Kavar notes.md,contains,chunk_170064,
file:_local/session_notes/Kavar notes.md,contains,chunk_170066,
file:_local/session_notes/Kavar notes.md,contains,chunk_170067,
file:_local/session_notes/Kavar notes.md,contains,chunk_170068,
file:_local/session_notes/Kavar notes.md,contains,chunk_170069,
file:_local/session_notes/Kavar notes.md,contains,chunk_170070,
file:_local/session_notes/Kavar notes.md,contains,chunk_170071,
file:_local/session_notes/Kavar notes.md,contains,chunk_170072,
file:_local/session_notes/Kavar notes.md,contains,chunk_170073,
file:_local/session_notes/Kavar notes.md,contains,chunk_170074,
file:_local/session_notes/Kavar notes.md,contains,chunk_170075,
file:_local/session_notes/Kavar notes.md,contains,chunk_170076,
file:_local/session_notes/Kavar notes.md,contains,chunk_170078,
file:_local/session_notes/Kavar notes.md,contains,chunk_170079,
file:_local/session_notes/Kavar notes.md,contains,chunk_170080,
file:_local/session_notes/Kavar notes.md,contains,chunk_170081,
file:_local/session_notes/Kavar notes.md,contains,chunk_170082,
file:_local/session_notes/Kavar notes.md,contains,chunk_170083,
file:_local/session_notes/Kavar notes.md,contains,chunk_170084,
file:_local/session_notes/Kavar notes.md,contains,chunk_170086,
file:_local/session_notes/Kavar notes.md,contains,chunk_170088,
file:_local/session_notes/Kavar notes.md,contains,chunk_170090,
file:_local/session_notes/Kavar notes.md,contains,chunk_170091,
file:_local/session_notes/Kavar notes.md,contains,chunk_170092,
file:_local/session_notes/Kavar notes.md,contains,chunk_170094,
file:_local/session_notes/Kavar notes.md,contains,chunk_170096,
file:_local/session_notes/Kavar notes.md,contains,chunk_170098,
file:_local/session_notes/Kavar notes.md,contains,chunk_170100,
file:_local/session_notes/Kavar notes.md,contains,chunk_170102,
file:_local/session_notes/Kavar notes.md,contains,chunk_170103,
file:_local/session_notes/Kavar notes.md,contains,chunk_170104,
file:_local/session_notes/Kavar notes.md,contains,chunk_170106,
file:_local/session_notes/Kavar notes.md,contains,chunk_170107,
file:_local/session_notes/Kavar notes.md,contains,chunk_170108,
file:_local/session_notes/Kavar notes.md,contains,chunk_170109,
file:_local/session_notes/Kavar notes.md,contains,chunk_170111,
file:_local/session_notes/Kavar notes.md,contains,chunk_170113,
file:_local/session_notes/Kavar notes.md,contains,chunk_170115,
file:_local/session_notes/Kavar notes.md,contains,chunk_170121,
file:_local/session_notes/Kavar notes.md,contains,chunk_170126,
file:_local/session_notes/Kavar notes.md,contains,chunk_170128,
file:_local/session_notes/Kavar notes.md,contains,chunk_170130,
file:_local/session_notes/Kavar notes.md,contains,chunk_170131,
file:_local/session_notes/current_IWTC session notes.md,contains,chunk_169711,
file:_local/session_notes/current_IWTC session notes.md,contains,chunk_169712,
file:_local/session_notes/current_IWTC session notes.md,contains,chunk_169713,
file:_local/session_notes/current_IWTC session notes.md,contains,chunk_169714,
file:_local/session_notes/current_IWTC session notes.md,contains,chunk_169715,
file:_local/session_notes/current_IWTC session notes.md,contains,chunk_169716,
file:_local/session_notes/current_IWTC session notes.md,contains,chunk_169717,
file:_local/session_notes/current_IWTC session notes.md,contains,chunk_169718,
file:_local/session_notes/current_IWTC session notes.md,contains,chunk_169719,
file:_local/session_notes/current_IWTC session notes.md,contains,chunk_169720,
file:_local/session_notes/current_IWTC session notes.md,contains,chunk_169721,
file:_local/session_notes/current_IWTC session notes.md,contains,chunk_169722,
file:_local/session_notes/current_IWTC session notes.md,contains,chunk_169723,
file:_local/session_notes/current_IWTC session notes.md,contains,chunk_169724,
file:_local/session_notes/current_IWTC session notes.md,contains,chunk_169726,
artifact_folly,cooccurs_with,artifact_iris,2.0
artifact_folly,cooccurs_with,creat_huana,6.0
artifact_folly,cooccurs_with,creat_pet,10.0
artifact_folly,cooccurs_with,faction_hands,10.0
artifact_folly,cooccurs_with,faction_krach-ul,2.0
artifact_folly,cooccurs_with,faction_modrons,2.0
artifact_folly,cooccurs_with,faction_sleepsong,2.0
artifact_folly,cooccurs_with,org_academy,2.0
artifact_folly,cooccurs_with,org_king,8.0
artifact_folly,cooccurs_with,org_myconids,6.0
artifact_folly,cooccurs_with,org_party,14.0
artifact_folly,cooccurs_with,org_wolfstream,16.0
artifact_folly,cooccurs_with,person_alivyre,22.0
artifact_folly,cooccurs_with,person_aniya,2.0
artifact_folly,cooccurs_with,person_aren,6.0
artifact_folly,cooccurs_with,person_baltael,2.0
artifact_folly,cooccurs_with,person_bear,10.0
artifact_folly,cooccurs_with,person_beni,2.0
artifact_folly,cooccurs_with,person_bixley,4.0
artifact_folly,cooccurs_with,person_bloodaxe,4.0
artifact_folly,cooccurs_with,person_bre,14.0
artifact_folly,cooccurs_with,person_caldwell,2.0
artifact_folly,cooccurs_with,person_cara,2.0
artifact_folly,cooccurs_with,person_cergad,8.0
artifact_folly,cooccurs_with,person_chuck,2.0
artifact_folly,cooccurs_with,person_clara,4.0
artifact_folly,cooccurs_with,person_credus,20.0
artifact_folly,cooccurs_with,person_cursin,4.0
artifact_folly,cooccurs_with,person_dakgorim,4.0
artifact_folly,cooccurs_with,person_darren,18.0
artifact_folly,cooccurs_with,person_david_bowie,2.0
artifact_folly,cooccurs_with,person_draug,4.0
artifact_folly,cooccurs_with,person_edda,8.0
artifact_folly,cooccurs_with,person_eghad,2.0
artifact_folly,cooccurs_with,person_faeryne,34.0
artifact_folly,cooccurs_with,person_fritz,2.0
artifact_folly,cooccurs_with,person_fulbert,6.0
artifact_folly,cooccurs_with,person_garrick,26.0
artifact_folly,cooccurs_with,person_grace,16.0
artifact_folly,cooccurs_with,person_hadar,6.0
artifact_folly,cooccurs_with,person_henry,26.0
artifact_folly,cooccurs_with,person_holly,4.0
artifact_folly,cooccurs_with,person_jane,8.0
artifact_folly,cooccurs_with,person_katy,4.0
artifact_folly,cooccurs_with,person_kavar,2.0
artifact_folly,cooccurs_with,person_kir,6.0
artifact_folly,cooccurs_with,person_liacyne,14.0
artifact_folly,cooccurs_with,person_liavarah,16.0
artifact_folly,cooccurs_with,person_light,4.0
artifact_folly,cooccurs_with,person_luminia,18.0
artifact_folly,cooccurs_with,person_macfeegle,6.0
artifact_folly,cooccurs_with,person_mercy,18.0
artifact_folly,cooccurs_with,person_nala,6.0
artifact_folly,cooccurs_with,person_newberry,10.0
artifact_folly,cooccurs_with,person_poppy,14.0
artifact_folly,cooccurs_with,person_rhona,4.0
artifact_folly,cooccurs_with,person_sala,8.0
artifact_folly,cooccurs_with,person_saphira,16.0
artifact_folly,cooccurs_with,person_tanzo,12.0
artifact_folly,cooccurs_with,person_tawyn,6.0
artifact_folly,cooccurs_with,person_terry,4.0
artifact_folly,cooccurs_with,person_tiber,2.0
artifact_folly,cooccurs_with,person_touya,2.0
artifact_folly,cooccurs_with,person_unala,30.0
artifact_folly,cooccurs_with,person_urgulk,2.0
artifact_folly,cooccurs_with,person_victor,24.0
artifact_folly,cooccurs_with,person_warhammer,2.0
artifact_folly,cooccurs_with,place_blackburn,10.0
artifact_folly,cooccurs_with,place_brightfields,6.0
artifact_folly,cooccurs_with,place_cameth,4.0
artifact_folly,cooccurs_with,place_cliffborough,2.0
artifact_folly,cooccurs_with,place_crafthold,24.0
artifact_folly,cooccurs_with,place_dereham,6.0
artifact_folly,cooccurs_with,place_dhassa,2.0
artifact_folly,cooccurs_with,place_elysia,2.0
artifact_folly,cooccurs_with,place_guldrur,6.0
artifact_folly,cooccurs_with,place_rarmal,10.0
artifact_folly,cooccurs_with,place_stonehome,2.0
artifact_folly,cooccurs_with,place_thurway,4.0
artifact_folly,cooccurs_with,place_trollhills,6.0
artifact_folly,cooccurs_with,place_wolfstream,6.0
artifact_folly,cooccurs_with,player_bysickle,14.0
artifact_folly,cooccurs_with,player_crowe,12.0
artifact_folly,cooccurs_with,player_kalina,10.0
artifact_folly,cooccurs_with,player_venric,6.0
artifact_glory,cooccurs_with,creat_pet,2.0
artifact_glory,cooccurs_with,faction_modrons,2.0
artifact_glory,cooccurs_with,org_party,2.0
artifact_glory,cooccurs_with,org_wolfstream,2.0
artifact_glory,cooccurs_with,person_alivyre,2.0
artifact_glory,cooccurs_with,person_credus,2.0
artifact_glory,cooccurs_with,person_dakgorim,2.0
artifact_glory,cooccurs_with,person_eardwulf,2.0
artifact_glory,cooccurs_with,person_faeryne,2.0
artifact_glory,cooccurs_with,person_henry,2.0
artifact_glory,cooccurs_with,person_luminia,2.0
artifact_glory,cooccurs_with,person_melba,2.0
artifact_glory,cooccurs_with,person_newberry,2.0
artifact_glory,cooccurs_with,person_shworn,2.0
artifact_glory,cooccurs_with,person_soren,2.0
artifact_glory,cooccurs_with,person_terry,2.0
artifact_glory,cooccurs_with,person_tiber,2.0
artifact_glory,cooccurs_with,person_unala,2.0
artifact_glory,cooccurs_with,place_blackburn,2.0
artifact_glory,cooccurs_with,place_brightfields,2.0
artifact_glory,cooccurs_with,place_crafthold,2.0
artifact_glory,cooccurs_with,place_dhassa,2.0
artifact_glory,cooccurs_with,place_guldrur,2.0
artifact_glory,cooccurs_with,place_rarmal,2.0
artifact_glory,cooccurs_with,place_stonehome,2.0
artifact_iris,cooccurs_with,creat_berry,2.0
artifact_iris,cooccurs_with,creat_huana,2.0
artifact_iris,cooccurs_with,faction_modrons,4.0
artifact_iris,cooccurs_with,org_myconids,4.0
artifact_iris,cooccurs_with,org_party,8.0
artifact_iris,cooccurs_with,org_spire,2.0
artifact_iris,cooccurs_with,org_wolfstream,2.0
artifact_iris,cooccurs_with,person_alivyre,4.0
artifact_iris,cooccurs_with,person_aniya,4.0
artifact_iris,cooccurs_with,person_azaar,2.0
artifact_iris,cooccurs_with,person_bear,2.0
artifact_iris,cooccurs_with,person_cergad,2.0
artifact_iris,cooccurs_with,person_claw,2.0
artifact_iris,cooccurs_with,person_credus,6.0
artifact_iris,cooccurs_with,person_david_bowie,2.0
artifact_iris,cooccurs_with,person_eghad,2.0
artifact_iris,cooccurs_with,person_faeryne,6.0
artifact_iris,cooccurs_with,person_fulbert,10.0
artifact_iris,cooccurs_with,person_garrick,2.0
artifact_iris,cooccurs_with,person_henry,12.0
artifact_iris,cooccurs_with,person_idolus,2.0
artifact_iris,cooccurs_with,person_jane,2.0
artifact_iris,cooccurs_with,person_kir,2.0
artifact_iris,cooccurs_with,person_liacyne,6.0
artifact_iris,cooccurs_with,person_liavarah,4.0
artifact_iris,cooccurs_with,person_luminia,6.0
artifact_iris,cooccurs_with,person_mercy,10.0
artifact_iris,cooccurs_with,person_newberry,2.0
artifact_iris,cooccurs_with,person_poppy,6.0
artifact_iris,cooccurs_with,person_sala,2.0
artifact_iris,cooccurs_with,person_tanzo,4.0
artifact_iris,cooccurs_with,person_unala,4.0
artifact_iris,cooccurs_with,person_urgulk,4.0
artifact_iris,cooccurs_with,person_victor,2.0
artifact_iris,cooccurs_with,place_blackburn,2.0
artifact_iris,cooccurs_with,place_brightfields,2.0
artifact_iris,cooccurs_with,place_crafthold,8.0
artifact_iris,cooccurs_with,place_wolfstream,2.0
artifact_iris,cooccurs_with,player_bysickle,4.0
artifact_iris,cooccurs_with,player_crowe,2.0
artifact_iris,cooccurs_with,player_kalina,2.0
artifact_iris,cooccurs_with,player_venric,4.0
artifact_iris,cooccurs_with,ref_kwalish,2.0
creat_Ash,cooccurs_with,creat_berry,2.0
creat_Ash,cooccurs_with,creat_little_bear,8.0
creat_Ash,cooccurs_with,creat_pet,2.0
creat_Ash,cooccurs_with,faction_hands,8.0
creat_Ash,cooccurs_with,faction_sleepsong,2.0
creat_Ash,cooccurs_with,org_academy,2.0
creat_Ash,cooccurs_with,org_iwtc,2.0
creat_Ash,cooccurs_with,person_alivyre,6.0
creat_Ash,cooccurs_with,person_aniya,2.0
creat_Ash,cooccurs_with,person_azaar,2.0
creat_Ash,cooccurs_with,person_bear,2.0
creat_Ash,cooccurs_with,person_bixley,2.0
creat_Ash,cooccurs_with,person_bre,2.0
creat_Ash,cooccurs_with,person_cara,2.0
creat_Ash,cooccurs_with,person_cergad,2.0
creat_Ash,cooccurs_with,person_clara,2.0
creat_Ash,cooccurs_with,person_claw,4.0
creat_Ash,cooccurs_with,person_connor,2.0
creat_Ash,cooccurs_with,person_cunai,2.0
creat_Ash,cooccurs_with,person_darren,2.0
creat_Ash,cooccurs_with,person_david_bowie,2.0
creat_Ash,cooccurs_with,person_david_herder,2.0
creat_Ash,cooccurs_with,person_drib,2.0
creat_Ash,cooccurs_with,person_eghad,2.0
creat_Ash,cooccurs_with,person_elaris,2.0
creat_Ash,cooccurs_with,person_evaine,2.0
creat_Ash,cooccurs_with,person_faeryne,6.0
creat_Ash,cooccurs_with,person_fritz,2.0
creat_Ash,cooccurs_with,person_fulbert,2.0
creat_Ash,cooccurs_with,person_garrick,2.0
creat_Ash,cooccurs_with,person_hammer,2.0
creat_Ash,cooccurs_with,person_henry,10.0
creat_Ash,cooccurs_with,person_holly,2.0
creat_Ash,cooccurs_with,person_idolus,2.0
creat_Ash,cooccurs_with,person_jane,2.0
creat_Ash,cooccurs_with,person_jemmy,2.0
creat_Ash,cooccurs_with,person_kaitlyn,2.0
creat_Ash,cooccurs_with,person_katy,2.0
creat_Ash,cooccurs_with,person_liacyne,2.0
creat_Ash,cooccurs_with,person_liavarah,2.0
creat_Ash,cooccurs_with,person_light,6.0
creat_Ash,cooccurs_with,person_luminia,2.0
creat_Ash,cooccurs_with,person_mercy,2.0
creat_Ash,cooccurs_with,person_mowser,2.0
creat_Ash,cooccurs_with,person_piers,2.0
creat_Ash,cooccurs_with,person_poppy,2.0
creat_Ash,cooccurs_with,person_rhys,2.0
creat_Ash,cooccurs_with,person_sala,2.0
creat_Ash,cooccurs_with,person_saphira,2.0
creat_Ash,cooccurs_with,person_shworn,2.0
creat_Ash,cooccurs_with,person_soren,2.0
creat_Ash,cooccurs_with,person_spike,2.0
creat_Ash,cooccurs_with,person_tanzo,2.0
creat_Ash,cooccurs_with,person_terry,4.0
creat_Ash,cooccurs_with,person_unala,2.0
creat_Ash,cooccurs_with,person_urgulk,2.0
creat_Ash,cooccurs_with,person_victor,8.0
creat_Ash,cooccurs_with,person_vyssa,2.0
creat_Ash,cooccurs_with,place_brightfields,2.0
creat_Ash,cooccurs_with,place_crafthold,2.0
creat_Ash,cooccurs_with,place_elysia,2.0
creat_Ash,cooccurs_with,place_killeth,2.0
creat_Ash,cooccurs_with,player_bysickle,2.0
creat_Ash,cooccurs_with,player_crowe,4.0
creat_Ash,cooccurs_with,player_kalina,2.0
creat_berry,cooccurs_with,creat_little_bear,2.0
creat_berry,cooccurs_with,creat_pet,4.0
creat_berry,cooccurs_with,faction_modrons,2.0
creat_berry,cooccurs_with,faction_sleepsong,2.0
creat_berry,cooccurs_with,org_iwtc,2.0
creat_berry,cooccurs_with,org_party,2.0
creat_berry,cooccurs_with,person_alivyre,2.0
creat_berry,cooccurs_with,person_aniya,4.0
creat_berry,cooccurs_with,person_azaar,2.0
creat_berry,cooccurs_with,person_bear,4.0
creat_berry,cooccurs_with,person_bella,2.0
creat_berry,cooccurs_with,person_bixley,2.0
creat_berry,cooccurs_with,person_bre,2.0
creat_berry,cooccurs_with,person_cara,2.0
creat_berry,cooccurs_with,person_cergad,4.0
creat_berry,cooccurs_with,person_clara,2.0
creat_berry,cooccurs_with,person_claw,2.0
creat_berry,cooccurs_with,person_connor,2.0
creat_berry,cooccurs_with,person_credus,4.0
creat_berry,cooccurs_with,person_cunai,2.0
creat_berry,cooccurs_with,person_darren,2.0
creat_berry,cooccurs_with,person_david_bowie,2.0
creat_berry,cooccurs_with,person_david_herder,2.0
creat_berry,cooccurs_with,person_drib,4.0
creat_berry,cooccurs_with,person_eghad,2.0
creat_berry,cooccurs_with,person_elaris,2.0
creat_berry,cooccurs_with,person_faeryne,6.0
creat_berry,cooccurs_with,person_fritz,2.0
creat_berry,cooccurs_with,person_fulbert,4.0
creat_berry,cooccurs_with,person_garrick,2.0
creat_berry,cooccurs_with,person_hammer,2.0
creat_berry,cooccurs_with,person_henry,2.0
creat_berry,cooccurs_with,person_holly,2.0
creat_berry,cooccurs_with,person_idolus,4.0
creat_berry,cooccurs_with,person_jane,4.0
creat_berry,cooccurs_with,person_jemmy,2.0
creat_berry,cooccurs_with,person_kaitlyn,2.0
creat_berry,cooccurs_with,person_katy,2.0
creat_berry,cooccurs_with,person_liacyne,4.0
creat_berry,cooccurs_with,person_liavarah,4.0
creat_berry,cooccurs_with,person_light,4.0
creat_berry,cooccurs_with,person_luminia,4.0
creat_berry,cooccurs_with,person_mercy,6.0
creat_berry,cooccurs_with,person_mowser,2.0
creat_berry,cooccurs_with,person_poppy,4.0
creat_berry,cooccurs_with,person_sala,6.0
creat_berry,cooccurs_with,person_saphira,2.0
creat_berry,cooccurs_with,person_soren,2.0
creat_berry,cooccurs_with,person_spike,2.0
creat_berry,cooccurs_with,person_tanzo,6.0
creat_berry,cooccurs_with,person_unala,6.0
creat_berry,cooccurs_with,person_urgulk,2.0
creat_berry,cooccurs_with,person_victor,2.0
creat_berry,cooccurs_with,place_blackburn,2.0
creat_berry,cooccurs_with,place_brightfields,4.0
creat_berry,cooccurs_with,place_crafthold,8.0
creat_berry,cooccurs_with,place_trollhills,2.0
creat_berry,cooccurs_with,player_crowe,2.0
creat_berry,cooccurs_with,player_venric,2.0
creat_huana,cooccurs_with,creat_little_bear,2.0
creat_huana,cooccurs_with,creat_pet,12.0
creat_huana,cooccurs_with,faction_foreclaimers,6.0
creat_huana,cooccurs_with,faction_hands,8.0
creat_huana,cooccurs_with,faction_modrons,6.0
creat_huana,cooccurs_with,org_academy,4.0
creat_huana,cooccurs_with,org_king,4.0
creat_huana,cooccurs_with,org_myconids,6.0
creat_huana,cooccurs_with,org_party,24.0
creat_huana,cooccurs_with,org_ravencrest,2.0
creat_huana,cooccurs_with,org_spire,2.0
creat_huana,cooccurs_with,org_wolfstream,4.0
creat_huana,cooccurs_with,person_alivyre,22.0
creat_huana,cooccurs_with,person_aniya,6.0
creat_huana,cooccurs_with,person_aren,2.0
creat_huana,cooccurs_with,person_azaar,2.0
creat_huana,cooccurs_with,person_baltael,2.0
creat_huana,cooccurs_with,person_bear,6.0
creat_huana,cooccurs_with,person_beni,2.0
creat_huana,cooccurs_with,person_bixley,4.0
creat_huana,cooccurs_with,person_braydon,2.0
creat_huana,cooccurs_with,person_bre,8.0
creat_huana,cooccurs_with,person_caldwell,2.0
creat_huana,cooccurs_with,person_cara,2.0
creat_huana,cooccurs_with,person_cergad,4.0
creat_huana,cooccurs_with,person_clara,6.0
creat_huana,cooccurs_with,person_credus,32.0
creat_huana,cooccurs_with,person_cunai,4.0
creat_huana,cooccurs_with,person_cursin,4.0
creat_huana,cooccurs_with,person_darren,6.0
creat_huana,cooccurs_with,person_david_bowie,2.0
creat_huana,cooccurs_with,person_edda,2.0
creat_huana,cooccurs_with,person_eghad,2.0
creat_huana,cooccurs_with,person_elaris,10.0
creat_huana,cooccurs_with,person_elias,2.0
creat_huana,cooccurs_with,person_faeryne,28.0
creat_huana,cooccurs_with,person_fritz,2.0
creat_huana,cooccurs_with,person_fulbert,4.0
creat_huana,cooccurs_with,person_garrick,4.0
creat_huana,cooccurs_with,person_grace,2.0
creat_huana,cooccurs_with,person_hadar,10.0
creat_huana,cooccurs_with,person_henry,12.0
creat_huana,cooccurs_with,person_holly,10.0
creat_huana,cooccurs_with,person_jane,8.0
creat_huana,cooccurs_with,person_jemmy,2.0
creat_huana,cooccurs_with,person_katy,12.0
creat_huana,cooccurs_with,person_liacyne,8.0
creat_huana,cooccurs_with,person_liavarah,20.0
creat_huana,cooccurs_with,person_light,4.0
creat_huana,cooccurs_with,person_luminia,26.0
creat_huana,cooccurs_with,person_mercy,12.0
creat_huana,cooccurs_with,person_mowser,6.0
creat_huana,cooccurs_with,person_poppy,14.0
creat_huana,cooccurs_with,person_sala,10.0
creat_huana,cooccurs_with,person_saphira,20.0
creat_huana,cooccurs_with,person_shworn,2.0
creat_huana,cooccurs_with,person_soren,2.0
creat_huana,cooccurs_with,person_tanzo,10.0
creat_huana,cooccurs_with,person_terry,14.0
creat_huana,cooccurs_with,person_tiber,2.0
creat_huana,cooccurs_with,person_touya,2.0
creat_huana,cooccurs_with,person_unala,16.0
creat_huana,cooccurs_with,person_urgulk,4.0
creat_huana,cooccurs_with,person_victor,8.0
creat_huana,cooccurs_with,place_blackburn,4.0
creat_huana,cooccurs_with,place_brightfields,8.0
creat_huana,cooccurs_with,place_cliffborough,2.0
creat_huana,cooccurs_with,place_crafthold,16.0
creat_huana,cooccurs_with,place_dhassa,2.0
creat_huana,cooccurs_with,place_elysia,2.0
creat_huana,cooccurs_with,place_guldrur,2.0
creat_huana,cooccurs_with,place_killeth,2.0
creat_huana,cooccurs_with,place_rarmal,2.0
creat_huana,cooccurs_with,place_stonehome,4.0
creat_huana,cooccurs_with,place_trollhills,2.0
creat_huana,cooccurs_with,player_bysickle,4.0
creat_huana,cooccurs_with,player_crowe,16.0
creat_huana,cooccurs_with,player_kalina,16.0
creat_huana,cooccurs_with,player_thon,2.0
creat_huana,cooccurs_with,player_venric,12.0
creat_huana,cooccurs_with,ref_kwalish,2.0
creat_little_bear,cooccurs_with,creat_pet,8.0
creat_little_bear,cooccurs_with,faction_burzath,4.0
creat_little_bear,cooccurs_with,faction_hands,14.0
creat_little_bear,cooccurs_with,faction_michaeline,2.0
creat_little_bear,cooccurs_with,faction_modrons,2.0
creat_little_bear,cooccurs_with,faction_remedy,4.0
creat_little_bear,cooccurs_with,faction_sleepsong,2.0
creat_little_bear,cooccurs_with,faction_spencer,2.0
creat_little_bear,cooccurs_with,faction_tolanites,6.0
creat_little_bear,cooccurs_with,org_academy,4.0
creat_little_bear,cooccurs_with,org_iwtc,4.0
creat_little_bear,cooccurs_with,org_king,10.0
creat_little_bear,cooccurs_with,org_myconids,2.0
creat_little_bear,cooccurs_with,org_party,32.0
creat_little_bear,cooccurs_with,org_ravencrest,4.0
creat_little_bear,cooccurs_with,org_wolfstream,12.0
creat_little_bear,cooccurs_with,person_alivyre,62.0
creat_little_bear,cooccurs_with,person_aniya,4.0
creat_little_bear,cooccurs_with,person_anthony,2.0
creat_little_bear,cooccurs_with,person_aren,6.0
creat_little_bear,cooccurs_with,person_avarna,4.0
creat_little_bear,cooccurs_with,person_azaar,2.0
creat_little_bear,cooccurs_with,person_baltael,6.0
creat_little_bear,cooccurs_with,person_bear,6.0
creat_little_bear,cooccurs_with,person_beni,6.0
creat_little_bear,cooccurs_with,person_bixley,2.0
creat_little_bear,cooccurs_with,person_bloodaxe,2.0
creat_little_bear,cooccurs_with,person_bre,12.0
creat_little_bear,cooccurs_with,person_caldwell,6.0
creat_little_bear,cooccurs_with,person_cara,2.0
creat_little_bear,cooccurs_with,person_cergad,2.0
creat_little_bear,cooccurs_with,person_clara,2.0
creat_little_bear,cooccurs_with,person_claw,4.0
creat_little_bear,cooccurs_with,person_connor,2.0
creat_little_bear,cooccurs_with,person_credus,12.0
creat_little_bear,cooccurs_with,person_cullen,2.0
creat_little_bear,cooccurs_with,person_cunai,2.0
creat_little_bear,cooccurs_with,person_dakgorim,4.0
creat_little_bear,cooccurs_with,person_darren,4.0
creat_little_bear,cooccurs_with,person_david_bowie,2.0
creat_little_bear,cooccurs_with,person_david_herder,2.0
creat_little_bear,cooccurs_with,person_drib,6.0
creat_little_bear,cooccurs_with,person_eghad,6.0
creat_little_bear,cooccurs_with,person_elaris,6.0
creat_little_bear,cooccurs_with,person_emily,2.0
creat_little_bear,cooccurs_with,person_evaine,8.0
creat_little_bear,cooccurs_with,person_faeryne,48.0
creat_little_bear,cooccurs_with,person_fritz,2.0
creat_little_bear,cooccurs_with,person_fulbert,2.0
creat_little_bear,cooccurs_with,person_garrick,2.0
creat_little_bear,cooccurs_with,person_hammer,6.0
creat_little_bear,cooccurs_with,person_henry,52.0
creat_little_bear,cooccurs_with,person_holly,8.0
creat_little_bear,cooccurs_with,person_idolus,4.0
creat_little_bear,cooccurs_with,person_jane,18.0
creat_little_bear,cooccurs_with,person_jemmy,8.0
creat_little_bear,cooccurs_with,person_joram,4.0
creat_little_bear,cooccurs_with,person_kaitlyn,2.0
creat_little_bear,cooccurs_with,person_katy,8.0
creat_little_bear,cooccurs_with,person_kavar,2.0
creat_little_bear,cooccurs_with,person_liacyne,6.0
creat_little_bear,cooccurs_with,person_liavarah,6.0
creat_little_bear,cooccurs_with,person_light,12.0
creat_little_bear,cooccurs_with,person_loris,2.0
creat_little_bear,cooccurs_with,person_luminia,30.0
creat_little_bear,cooccurs_with,person_macfeegle,2.0
creat_little_bear,cooccurs_with,person_makhala,2.0
creat_little_bear,cooccurs_with,person_mercy,8.0
creat_little_bear,cooccurs_with,person_moon,2.0
creat_little_bear,cooccurs_with,person_mowser,2.0
creat_little_bear,cooccurs_with,person_newberry,2.0
creat_little_bear,cooccurs_with,person_piers,6.0
creat_little_bear,cooccurs_with,person_poppy,4.0
creat_little_bear,cooccurs_with,person_rhona,2.0
creat_little_bear,cooccurs_with,person_rhys,4.0
creat_little_bear,cooccurs_with,person_ricardo,4.0
creat_little_bear,cooccurs_with,person_sala,2.0
creat_little_bear,cooccurs_with,person_saphira,6.0
creat_little_bear,cooccurs_with,person_shargaas,8.0
creat_little_bear,cooccurs_with,person_shworn,8.0
creat_little_bear,cooccurs_with,person_soren,2.0
creat_little_bear,cooccurs_with,person_spike,6.0
creat_little_bear,cooccurs_with,person_tanzo,14.0
creat_little_bear,cooccurs_with,person_terry,16.0
creat_little_bear,cooccurs_with,person_unala,16.0
creat_little_bear,cooccurs_with,person_urgulk,4.0
creat_little_bear,cooccurs_with,person_victor,38.0
creat_little_bear,cooccurs_with,person_vyssa,2.0
creat_little_bear,cooccurs_with,person_warhammer,2.0
creat_little_bear,cooccurs_with,place_blackburn,2.0
creat_little_bear,cooccurs_with,place_brightfields,6.0
creat_little_bear,cooccurs_with,place_cliffborough,2.0
creat_little_bear,cooccurs_with,place_crafthold,20.0
creat_little_bear,cooccurs_with,place_dhassa,4.0
creat_little_bear,cooccurs_with,place_elysia,2.0
creat_little_bear,cooccurs_with,place_guldrur,2.0
creat_little_bear,cooccurs_with,place_killeth,2.0
creat_little_bear,cooccurs_with,place_northbend,4.0
creat_little_bear,cooccurs_with,place_rarmal,2.0
creat_little_bear,cooccurs_with,place_stonehome,8.0
creat_little_bear,cooccurs_with,place_wolfstream,2.0
creat_little_bear,cooccurs_with,player_bysickle,12.0
creat_little_bear,cooccurs_with,player_crowe,12.0
creat_little_bear,cooccurs_with,player_kalina,10.0
creat_little_bear,cooccurs_with,player_spartan,2.0
creat_little_bear,cooccurs_with,player_venric,4.0
creat_pet,cooccurs_with,faction_burzath,4.0
creat_pet,cooccurs_with,faction_foreclaimers,6.0
creat_pet,cooccurs_with,faction_hands,8.0
creat_pet,cooccurs_with,faction_ilguz,2.0
creat_pet,cooccurs_with,faction_krach-ul,2.0
creat_pet,cooccurs_with,faction_modrons,2.0
creat_pet,cooccurs_with,faction_sleepsong,2.0
creat_pet,cooccurs_with,org_academy,2.0
creat_pet,cooccurs_with,org_iwtc,2.0
creat_pet,cooccurs_with,org_party,34.0
creat_pet,cooccurs_with,org_spire,6.0
creat_pet,cooccurs_with,org_wolfstream,6.0
creat_pet,cooccurs_with,person_alivyre,40.0
creat_pet,cooccurs_with,person_aniya,6.0
creat_pet,cooccurs_with,person_aren,8.0
creat_pet,cooccurs_with,person_azaar,2.0
creat_pet,cooccurs_with,person_baltael,4.0
creat_pet,cooccurs_with,person_bear,14.0
creat_pet,cooccurs_with,person_bella,4.0
creat_pet,cooccurs_with,person_bixley,4.0
creat_pet,cooccurs_with,person_bre,22.0
creat_pet,cooccurs_with,person_cara,2.0
creat_pet,cooccurs_with,person_cergad,14.0
creat_pet,cooccurs_with,person_chuck,2.0
creat_pet,cooccurs_with,person_clara,4.0
creat_pet,cooccurs_with,person_claw,2.0
creat_pet,cooccurs_with,person_connor,4.0
creat_pet,cooccurs_with,person_credus,34.0
creat_pet,cooccurs_with,person_cunai,6.0
creat_pet,cooccurs_with,person_dakgorim,2.0
creat_pet,cooccurs_with,person_darren,16.0
creat_pet,cooccurs_with,person_david_bowie,2.0
creat_pet,cooccurs_with,person_david_herder,4.0
creat_pet,cooccurs_with,person_draug,2.0
creat_pet,cooccurs_with,person_drib,2.0
creat_pet,cooccurs_with,person_eardwulf,2.0
creat_pet,cooccurs_with,person_eghad,2.0
creat_pet,cooccurs_with,person_elaris,20.0
creat_pet,cooccurs_with,person_elias,2.0
creat_pet,cooccurs_with,person_faeryne,48.0
creat_pet,cooccurs_with,person_fritz,2.0
creat_pet,cooccurs_with,person_fulbert,2.0
creat_pet,cooccurs_with,person_garrick,12.0
creat_pet,cooccurs_with,person_grace,4.0
creat_pet,cooccurs_with,person_hadar,6.0
creat_pet,cooccurs_with,person_hammer,2.0
creat_pet,cooccurs_with,person_henry,10.0
creat_pet,cooccurs_with,person_holly,26.0
creat_pet,cooccurs_with,person_idolus,2.0
creat_pet,cooccurs_with,person_jane,12.0
creat_pet,cooccurs_with,person_jemmy,4.0
creat_pet,cooccurs_with,person_kaitlyn,2.0
creat_pet,cooccurs_with,person_katy,24.0
creat_pet,cooccurs_with,person_liacyne,24.0
creat_pet,cooccurs_with,person_liavarah,28.0
creat_pet,cooccurs_with,person_light,12.0
creat_pet,cooccurs_with,person_luminia,30.0
creat_pet,cooccurs_with,person_melba,2.0
creat_pet,cooccurs_with,person_mercy,8.0
creat_pet,cooccurs_with,person_mowser,10.0
creat_pet,cooccurs_with,person_nala,2.0
creat_pet,cooccurs_with,person_newberry,4.0
creat_pet,cooccurs_with,person_poppy,16.0
creat_pet,cooccurs_with,person_rhona,2.0
creat_pet,cooccurs_with,person_sala,18.0
creat_pet,cooccurs_with,person_saphira,24.0
creat_pet,cooccurs_with,person_shargaas,2.0
creat_pet,cooccurs_with,person_shworn,2.0
creat_pet,cooccurs_with,person_soren,12.0
creat_pet,cooccurs_with,person_spike,4.0
creat_pet,cooccurs_with,person_tanzo,8.0
creat_pet,cooccurs_with,person_tawyn,4.0
creat_pet,cooccurs_with,person_terry,22.0
creat_pet,cooccurs_with,person_tiber,4.0
creat_pet,cooccurs_with,person_unala,56.0
creat_pet,cooccurs_with,person_urgulk,6.0
creat_pet,cooccurs_with,person_victor,6.0
creat_pet,cooccurs_with,place_blackburn,10.0
creat_pet,cooccurs_with,place_brightfields,16.0
creat_pet,cooccurs_with,place_cameth,2.0
creat_pet,cooccurs_with,place_crafthold,32.0
creat_pet,cooccurs_with,place_dereham,4.0
creat_pet,cooccurs_with,place_dhassa,2.0
creat_pet,cooccurs_with,place_guldrur,8.0
creat_pet,cooccurs_with,place_northbend,2.0
creat_pet,cooccurs_with,place_rarmal,2.0
creat_pet,cooccurs_with,place_stonehome,4.0
creat_pet,cooccurs_with,place_trollhills,12.0
creat_pet,cooccurs_with,place_wolfstream,2.0
creat_pet,cooccurs_with,player_crowe,20.0
creat_pet,cooccurs_with,player_kalina,22.0
creat_pet,cooccurs_with,player_spartan,4.0
creat_pet,cooccurs_with,player_thon,2.0
creat_pet,cooccurs_with,player_venric,6.0
faction_burzath,cooccurs_with,faction_ilguz,2.0
faction_burzath,cooccurs_with,faction_krach-ul,2.0
faction_burzath,cooccurs_with,org_party,14.0
faction_burzath,cooccurs_with,org_wolfstream,4.0
faction_burzath,cooccurs_with,person_alivyre,14.0
faction_burzath,cooccurs_with,person_baltael,2.0
faction_burzath,cooccurs_with,person_beni,2.0
faction_burzath,cooccurs_with,person_bloodaxe,2.0
faction_burzath,cooccurs_with,person_bre,12.0
faction_burzath,cooccurs_with,person_clara,2.0
faction_burzath,cooccurs_with,person_credus,2.0
faction_burzath,cooccurs_with,person_dakgorim,4.0
faction_burzath,cooccurs_with,person_drib,2.0
faction_burzath,cooccurs_with,person_faeryne,10.0
faction_burzath,cooccurs_with,person_henry,8.0
faction_burzath,cooccurs_with,person_idolus,2.0
faction_burzath,cooccurs_with,person_jane,10.0
faction_burzath,cooccurs_with,person_jemmy,6.0
faction_burzath,cooccurs_with,person_liacyne,4.0
faction_burzath,cooccurs_with,person_luminia,4.0
faction_burzath,cooccurs_with,person_mercy,2.0
faction_burzath,cooccurs_with,person_sala,2.0
faction_burzath,cooccurs_with,person_saphira,2.0
faction_burzath,cooccurs_with,person_shargaas,2.0
faction_burzath,cooccurs_with,person_spike,2.0
faction_burzath,cooccurs_with,person_tanzo,2.0
faction_burzath,cooccurs_with,person_tiber,2.0
faction_burzath,cooccurs_with,person_unala,8.0
faction_burzath,cooccurs_with,person_warhammer,4.0
faction_burzath,cooccurs_with,place_blackburn,2.0
faction_burzath,cooccurs_with,place_crafthold,12.0
faction_burzath,cooccurs_with,place_guldrur,6.0
faction_burzath,cooccurs_with,place_northbend,4.0
faction_burzath,cooccurs_with,place_rarmal,4.0
faction_burzath,cooccurs_with,place_stonehome,2.0
faction_burzath,cooccurs_with,player_bysickle,2.0
faction_burzath,cooccurs_with,player_charis,4.0
faction_burzath,cooccurs_with,player_crowe,2.0
faction_burzath,cooccurs_with,player_kalina,4.0
faction_burzath,cooccurs_with,player_spartan,4.0
faction_foreclaimers,cooccurs_with,faction_hands,6.0
faction_foreclaimers,cooccurs_with,faction_sleepsong,2.0
faction_foreclaimers,cooccurs_with,org_academy,2.0
faction_foreclaimers,cooccurs_with,org_iwtc,2.0
faction_foreclaimers,cooccurs_with,org_party,12.0
faction_foreclaimers,cooccurs_with,person_alivyre,14.0
faction_foreclaimers,cooccurs_with,person_aniya,2.0
faction_foreclaimers,cooccurs_with,person_aren,4.0
faction_foreclaimers,cooccurs_with,person_arthur,2.0
faction_foreclaimers,cooccurs_with,person_baltael,2.0
faction_foreclaimers,cooccurs_with,person_bear,2.0
faction_foreclaimers,cooccurs_with,person_bella,2.0
faction_foreclaimers,cooccurs_with,person_bixley,4.0
faction_foreclaimers,cooccurs_with,person_bre,8.0
faction_foreclaimers,cooccurs_with,person_cara,2.0
faction_foreclaimers,cooccurs_with,person_cergad,6.0
faction_foreclaimers,cooccurs_with,person_credus,8.0
faction_foreclaimers,cooccurs_with,person_cunai,6.0
faction_foreclaimers,cooccurs_with,person_darren,2.0
faction_foreclaimers,cooccurs_with,person_drib,2.0
faction_foreclaimers,cooccurs_with,person_eghad,2.0
faction_foreclaimers,cooccurs_with,person_elaris,8.0
faction_foreclaimers,cooccurs_with,person_faeryne,18.0
faction_foreclaimers,cooccurs_with,person_hadar,2.0
faction_foreclaimers,cooccurs_with,person_henry,8.0
faction_foreclaimers,cooccurs_with,person_holly,8.0
faction_foreclaimers,cooccurs_with,person_jane,4.0
faction_foreclaimers,cooccurs_with,person_katy,8.0
faction_foreclaimers,cooccurs_with,person_kluta,2.0
faction_foreclaimers,cooccurs_with,person_liacyne,4.0
faction_foreclaimers,cooccurs_with,person_liavarah,10.0
faction_foreclaimers,cooccurs_with,person_light,2.0
faction_foreclaimers,cooccurs_with,person_luminia,10.0
faction_foreclaimers,cooccurs_with,person_mercy,2.0
faction_foreclaimers,cooccurs_with,person_mowser,8.0
faction_foreclaimers,cooccurs_with,person_poppy,6.0
faction_foreclaimers,cooccurs_with,person_sala,6.0
faction_foreclaimers,cooccurs_with,person_saphira,6.0
faction_foreclaimers,cooccurs_with,person_tanzo,6.0
faction_foreclaimers,cooccurs_with,person_terry,8.0
faction_foreclaimers,cooccurs_with,person_unala,12.0
faction_foreclaimers,cooccurs_with,person_urgulk,2.0
faction_foreclaimers,cooccurs_with,person_victor,2.0
faction_foreclaimers,cooccurs_with,person_zedna,2.0
faction_foreclaimers,cooccurs_with,place_blackburn,2.0
faction_foreclaimers,cooccurs_with,place_crafthold,12.0
faction_foreclaimers,cooccurs_with,place_trollhills,2.0
faction_foreclaimers,cooccurs_with,player_bysickle,2.0
faction_foreclaimers,cooccurs_with,player_crowe,10.0
faction_foreclaimers,cooccurs_with,player_kalina,10.0
faction_foreclaimers,cooccurs_with,player_thon,2.0
faction_foreclaimers,cooccurs_with,player_venric,6.0
faction_halverin,cooccurs_with,faction_hands,10.0
faction_halverin,cooccurs_with,faction_remedy,4.0
faction_halverin,cooccurs_with,faction_thieves_guild,2.0
faction_halverin,cooccurs_with,faction_tolanites,2.0
faction_halverin,cooccurs_with,org_king,2.0
faction_halverin,cooccurs_with,person_gina,6.0
faction_halverin,cooccurs_with,person_moon,2.0
faction_halverin,cooccurs_with,person_rhys,2.0
faction_halverin,cooccurs_with,person_ronric,2.0
faction_halverin,cooccurs_with,person_victor,4.0
faction_halverin,cooccurs_with,place_elulind,2.0
faction_halverin,cooccurs_with,place_elysia,4.0
faction_halverin,cooccurs_with,place_elysian,2.0
faction_hands,cooccurs_with,faction_jackals,4.0
faction_hands,cooccurs_with,faction_michaeline,4.0
faction_hands,cooccurs_with,faction_remedy,24.0
faction_hands,cooccurs_with,faction_sleepsong,12.0
faction_hands,cooccurs_with,faction_thieves_guild,12.0
faction_hands,cooccurs_with,faction_tolanites,24.0
faction_hands,cooccurs_with,org_academy,12.0
faction_hands,cooccurs_with,org_king,44.0
faction_hands,cooccurs_with,org_myconids,6.0
faction_hands,cooccurs_with,org_party,42.0
faction_hands,cooccurs_with,org_ravencrest,8.0
faction_hands,cooccurs_with,org_wolfstream,14.0
faction_hands,cooccurs_with,person_alivyre,106.0
faction_hands,cooccurs_with,person_aniya,4.0
faction_hands,cooccurs_with,person_aren,12.0
faction_hands,cooccurs_with,person_avarna,4.0
faction_hands,cooccurs_with,person_azaar,4.0
faction_hands,cooccurs_with,person_baltael,2.0
faction_hands,cooccurs_with,person_bear,8.0
faction_hands,cooccurs_with,person_bella,2.0
faction_hands,cooccurs_with,person_beni,2.0
faction_hands,cooccurs_with,person_bixley,4.0
faction_hands,cooccurs_with,person_bloodaxe,2.0
faction_hands,cooccurs_with,person_braydon,10.0
faction_hands,cooccurs_with,person_bre,14.0
faction_hands,cooccurs_with,person_brigitte,2.0
faction_hands,cooccurs_with,person_caldwell,6.0
faction_hands,cooccurs_with,person_cara,6.0
faction_hands,cooccurs_with,person_cergad,8.0
faction_hands,cooccurs_with,person_chuck,2.0
faction_hands,cooccurs_with,person_clara,2.0
faction_hands,cooccurs_with,person_claw,2.0
faction_hands,cooccurs_with,person_credus,24.0
faction_hands,cooccurs_with,person_cullen,4.0
faction_hands,cooccurs_with,person_cunai,4.0
faction_hands,cooccurs_with,person_cursin,4.0
faction_hands,cooccurs_with,person_dakgorim,4.0
faction_hands,cooccurs_with,person_darren,6.0
faction_hands,cooccurs_with,person_drib,4.0
faction_hands,cooccurs_with,person_edda,2.0
faction_hands,cooccurs_with,person_eghad,2.0
faction_hands,cooccurs_with,person_elaris,6.0
faction_hands,cooccurs_with,person_elias,6.0
faction_hands,cooccurs_with,person_emily,4.0
faction_hands,cooccurs_with,person_evaine,10.0
faction_hands,cooccurs_with,person_faeryne,86.0
faction_hands,cooccurs_with,person_fenrir,2.0
faction_hands,cooccurs_with,person_fulbert,8.0
faction_hands,cooccurs_with,person_garrick,6.0
faction_hands,cooccurs_with,person_gina,26.0
faction_hands,cooccurs_with,person_grace,4.0
faction_hands,cooccurs_with,person_hadar,2.0
faction_hands,cooccurs_with,person_hammer,4.0
faction_hands,cooccurs_with,person_henry,112.0
faction_hands,cooccurs_with,person_holly,8.0
faction_hands,cooccurs_with,person_idolus,6.0
faction_hands,cooccurs_with,person_jane,12.0
faction_hands,cooccurs_with,person_jemmy,6.0
faction_hands,cooccurs_with,person_joram,20.0
faction_hands,cooccurs_with,person_kaedra,8.0
faction_hands,cooccurs_with,person_katy,12.0
faction_hands,cooccurs_with,person_kavar,10.0
faction_hands,cooccurs_with,person_kir,4.0
faction_hands,cooccurs_with,person_liacyne,8.0
faction_hands,cooccurs_with,person_liavarah,16.0
faction_hands,cooccurs_with,person_light,22.0
faction_hands,cooccurs_with,person_luminia,42.0
faction_hands,cooccurs_with,person_macfeegle,4.0
faction_hands,cooccurs_with,person_makhala,6.0
faction_hands,cooccurs_with,person_melba,2.0
faction_hands,cooccurs_with,person_mercy,12.0
faction_hands,cooccurs_with,person_moon,8.0
faction_hands,cooccurs_with,person_mowser,2.0
faction_hands,cooccurs_with,person_newberry,4.0
faction_hands,cooccurs_with,person_norris,2.0
faction_hands,cooccurs_with,person_piers,28.0
faction_hands,cooccurs_with,person_poppy,10.0
faction_hands,cooccurs_with,person_rhys,16.0
faction_hands,cooccurs_with,person_ricardo,14.0
faction_hands,cooccurs_with,person_ronric,46.0
faction_hands,cooccurs_with,person_sala,8.0
faction_hands,cooccurs_with,person_saphira,10.0
faction_hands,cooccurs_with,person_shargaas,2.0
faction_hands,cooccurs_with,person_shworn,18.0
faction_hands,cooccurs_with,person_soren,4.0
faction_hands,cooccurs_with,person_tanzo,10.0
faction_hands,cooccurs_with,person_terry,36.0
faction_hands,cooccurs_with,person_tiber,2.0
faction_hands,cooccurs_with,person_todd,16.0
faction_hands,cooccurs_with,person_touya,4.0
faction_hands,cooccurs_with,person_unala,22.0
faction_hands,cooccurs_with,person_urgulk,10.0
faction_hands,cooccurs_with,person_victor,154.0
faction_hands,cooccurs_with,person_vyssa,28.0
faction_hands,cooccurs_with,person_warhammer,2.0
faction_hands,cooccurs_with,place_blackburn,4.0
faction_hands,cooccurs_with,place_blackwood,4.0
faction_hands,cooccurs_with,place_brightfields,10.0
faction_hands,cooccurs_with,place_cameth,2.0
faction_hands,cooccurs_with,place_crafthold,46.0
faction_hands,cooccurs_with,place_dereham,2.0
faction_hands,cooccurs_with,place_dhassa,20.0
faction_hands,cooccurs_with,place_elulind,4.0
faction_hands,cooccurs_with,place_elysia,32.0
faction_hands,cooccurs_with,place_elysian,6.0
faction_hands,cooccurs_with,place_guldrur,6.0
faction_hands,cooccurs_with,place_jotunheim,2.0
faction_hands,cooccurs_with,place_killeth,6.0
faction_hands,cooccurs_with,place_northbend,2.0
faction_hands,cooccurs_with,place_rarmal,2.0
faction_hands,cooccurs_with,place_stonehome,2.0
faction_hands,cooccurs_with,place_thurway,8.0
faction_hands,cooccurs_with,place_tolan,2.0
faction_hands,cooccurs_with,place_torenth,4.0
faction_hands,cooccurs_with,place_wolfstream,2.0
faction_hands,cooccurs_with,player_bysickle,30.0
faction_hands,cooccurs_with,player_charis,2.0
faction_hands,cooccurs_with,player_crowe,32.0
faction_hands,cooccurs_with,player_kalina,24.0
faction_hands,cooccurs_with,player_phil,2.0
faction_hands,cooccurs_with,player_spartan,2.0
faction_hands,cooccurs_with,player_venric,18.0
faction_ilguz,cooccurs_with,faction_krach-ul,2.0
faction_ilguz,cooccurs_with,org_iwtc,2.0
faction_ilguz,cooccurs_with,org_party,8.0
faction_ilguz,cooccurs_with,org_spire,2.0
faction_ilguz,cooccurs_with,org_wolfstream,2.0
faction_ilguz,cooccurs_with,person_alivyre,6.0
faction_ilguz,cooccurs_with,person_beni,2.0
faction_ilguz,cooccurs_with,person_bloodaxe,2.0
faction_ilguz,cooccurs_with,person_claw,2.0
faction_ilguz,cooccurs_with,person_connor,2.0
faction_ilguz,cooccurs_with,person_dakgorim,2.0
faction_ilguz,cooccurs_with,person_david_herder,2.0
faction_ilguz,cooccurs_with,person_edda,2.0
faction_ilguz,cooccurs_with,person_elaris,2.0
faction_ilguz,cooccurs_with,person_faeryne,4.0
faction_ilguz,cooccurs_with,person_hammer,2.0
faction_ilguz,cooccurs_with,person_henry,6.0
faction_ilguz,cooccurs_with,person_holly,2.0
faction_ilguz,cooccurs_with,person_jane,2.0
faction_ilguz,cooccurs_with,person_jemmy,2.0
faction_ilguz,cooccurs_with,person_kaitlyn,2.0
faction_ilguz,cooccurs_with,person_liacyne,4.0
faction_ilguz,cooccurs_with,person_liavarah,4.0
faction_ilguz,cooccurs_with,person_light,2.0
faction_ilguz,cooccurs_with,person_luminia,4.0
faction_ilguz,cooccurs_with,person_mercy,4.0
faction_ilguz,cooccurs_with,person_newberry,2.0
faction_ilguz,cooccurs_with,person_poppy,2.0
faction_ilguz,cooccurs_with,person_spike,6.0
faction_ilguz,cooccurs_with,person_tanzo,10.0
faction_ilguz,cooccurs_with,person_unala,2.0
faction_ilguz,cooccurs_with,person_urgulk,4.0
faction_ilguz,cooccurs_with,person_victor,2.0
faction_ilguz,cooccurs_with,place_blackburn,2.0
faction_ilguz,cooccurs_with,place_crafthold,8.0
faction_ilguz,cooccurs_with,place_guldrur,6.0
faction_ilguz,cooccurs_with,place_rarmal,2.0
faction_ilguz,cooccurs_with,place_stonehome,2.0
faction_ilguz,cooccurs_with,place_trollhills,2.0
faction_ilguz,cooccurs_with,player_charis,2.0
faction_ilguz,cooccurs_with,player_crowe,2.0
faction_ilguz,cooccurs_with,player_kalina,4.0
faction_ilguz,cooccurs_with,player_spartan,2.0
faction_jackals,cooccurs_with,faction_sleepsong,2.0
faction_jackals,cooccurs_with,faction_spencer,2.0
faction_jackals,cooccurs_with,org_iwtc,2.0
faction_jackals,cooccurs_with,org_king,10.0
faction_jackals,cooccurs_with,org_party,6.0
faction_jackals,cooccurs_with,org_wolfstream,8.0
faction_jackals,cooccurs_with,person_alivyre,6.0
faction_jackals,cooccurs_with,person_azaar,2.0
faction_jackals,cooccurs_with,person_baltael,2.0
faction_jackals,cooccurs_with,person_bear,2.0
faction_jackals,cooccurs_with,person_bloodaxe,2.0
faction_jackals,cooccurs_with,person_bre,2.0
faction_jackals,cooccurs_with,person_brigitte,2.0
faction_jackals,cooccurs_with,person_caldwell,10.0
faction_jackals,cooccurs_with,person_cara,2.0
faction_jackals,cooccurs_with,person_credus,2.0
faction_jackals,cooccurs_with,person_cullen,4.0
faction_jackals,cooccurs_with,person_dakgorim,2.0
faction_jackals,cooccurs_with,person_darren,2.0
faction_jackals,cooccurs_with,person_evaine,2.0
faction_jackals,cooccurs_with,person_faeryne,6.0
faction_jackals,cooccurs_with,person_fulbert,2.0
faction_jackals,cooccurs_with,person_henry,4.0
faction_jackals,cooccurs_with,person_idolus,2.0
faction_jackals,cooccurs_with,person_joram,2.0
faction_jackals,cooccurs_with,person_liacyne,2.0
faction_jackals,cooccurs_with,person_liavarah,2.0
faction_jackals,cooccurs_with,person_luminia,4.0
faction_jackals,cooccurs_with,person_mercy,2.0
faction_jackals,cooccurs_with,person_newberry,6.0
faction_jackals,cooccurs_with,person_norris,2.0
faction_jackals,cooccurs_with,person_rhys,2.0
faction_jackals,cooccurs_with,person_soren,4.0
faction_jackals,cooccurs_with,person_unala,2.0
faction_jackals,cooccurs_with,person_urgulk,2.0
faction_jackals,cooccurs_with,person_victor,2.0
faction_jackals,cooccurs_with,place_blackwood,2.0
faction_jackals,cooccurs_with,place_brechin,2.0
faction_jackals,cooccurs_with,place_brightfields,2.0
faction_jackals,cooccurs_with,place_crafthold,4.0
faction_jackals,cooccurs_with,place_dhassa,2.0
faction_jackals,cooccurs_with,place_druwen,2.0
faction_jackals,cooccurs_with,place_guldrur,4.0
faction_jackals,cooccurs_with,place_northbend,4.0
faction_jackals,cooccurs_with,place_rarmal,2.0
faction_jackals,cooccurs_with,place_stonehome,2.0
faction_jackals,cooccurs_with,place_wolfstream,4.0
faction_krach-ul,cooccurs_with,org_party,4.0
faction_krach-ul,cooccurs_with,org_wolfstream,4.0
faction_krach-ul,cooccurs_with,person_alivyre,2.0
faction_krach-ul,cooccurs_with,person_bella,2.0
faction_krach-ul,cooccurs_with,person_beni,2.0
faction_krach-ul,cooccurs_with,person_bre,4.0
faction_krach-ul,cooccurs_with,person_cergad,2.0
faction_krach-ul,cooccurs_with,person_darren,2.0
faction_krach-ul,cooccurs_with,person_faeryne,2.0
faction_krach-ul,cooccurs_with,person_garrick,2.0
faction_krach-ul,cooccurs_with,person_henry,2.0
faction_krach-ul,cooccurs_with,person_jane,2.0
faction_krach-ul,cooccurs_with,person_jemmy,2.0
faction_krach-ul,cooccurs_with,person_liacyne,2.0
faction_krach-ul,cooccurs_with,person_luminia,2.0
faction_krach-ul,cooccurs_with,person_sala,2.0
faction_krach-ul,cooccurs_with,person_spike,2.0
faction_krach-ul,cooccurs_with,person_tanzo,4.0
faction_krach-ul,cooccurs_with,person_unala,2.0
faction_krach-ul,cooccurs_with,place_cameth,2.0
faction_krach-ul,cooccurs_with,place_crafthold,4.0
faction_krach-ul,cooccurs_with,place_wolfstream,2.0
faction_krach-ul,cooccurs_with,player_spartan,2.0
faction_michaeline,cooccurs_with,faction_remedy,8.0
faction_michaeline,cooccurs_with,faction_tolanites,2.0
faction_michaeline,cooccurs_with,org_academy,2.0
faction_michaeline,cooccurs_with,org_king,2.0
faction_michaeline,cooccurs_with,org_party,2.0
faction_michaeline,cooccurs_with,org_ravencrest,2.0
faction_michaeline,cooccurs_with,person_alivyre,2.0
faction_michaeline,cooccurs_with,person_aren,4.0
faction_michaeline,cooccurs_with,person_avarna,2.0
faction_michaeline,cooccurs_with,person_evaine,2.0
faction_michaeline,cooccurs_with,person_faeryne,4.0
faction_michaeline,cooccurs_with,person_henry,4.0
faction_michaeline,cooccurs_with,person_joram,4.0
faction_michaeline,cooccurs_with,person_kavar,2.0
faction_michaeline,cooccurs_with,person_luminia,2.0
faction_michaeline,cooccurs_with,person_piers,2.0
faction_michaeline,cooccurs_with,person_rhys,2.0
faction_michaeline,cooccurs_with,person_ricardo,6.0
faction_michaeline,cooccurs_with,person_shworn,2.0
faction_michaeline,cooccurs_with,person_terry,4.0
faction_michaeline,cooccurs_with,person_victor,6.0
faction_michaeline,cooccurs_with,place_crafthold,2.0
faction_michaeline,cooccurs_with,place_dhassa,2.0
faction_michaeline,cooccurs_with,place_elulind,4.0
faction_michaeline,cooccurs_with,place_tolan,4.0
faction_modrons,cooccurs_with,org_arcana,2.0
faction_modrons,cooccurs_with,org_party,16.0
faction_modrons,cooccurs_with,org_ravencrest,2.0
faction_modrons,cooccurs_with,org_spire,6.0
faction_modrons,cooccurs_with,org_wolfstream,6.0
faction_modrons,cooccurs_with,person_alivyre,10.0
faction_modrons,cooccurs_with,person_aniya,6.0
faction_modrons,cooccurs_with,person_aren,2.0
faction_modrons,cooccurs_with,person_avarna,2.0
faction_modrons,cooccurs_with,person_azaar,2.0
faction_modrons,cooccurs_with,person_bear,6.0
faction_modrons,cooccurs_with,person_bixley,2.0
faction_modrons,cooccurs_with,person_braydon,2.0
faction_modrons,cooccurs_with,person_bre,6.0
faction_modrons,cooccurs_with,person_caldwell,2.0
faction_modrons,cooccurs_with,person_cergad,2.0
faction_modrons,cooccurs_with,person_clara,2.0
faction_modrons,cooccurs_with,person_credus,24.0
faction_modrons,cooccurs_with,person_cullen,2.0
faction_modrons,cooccurs_with,person_dakgorim,2.0
faction_modrons,cooccurs_with,person_drib,2.0
faction_modrons,cooccurs_with,person_eardwulf,2.0
faction_modrons,cooccurs_with,person_elias,2.0
faction_modrons,cooccurs_with,person_faeryne,16.0
faction_modrons,cooccurs_with,person_fenrir,2.0
faction_modrons,cooccurs_with,person_fulbert,6.0
faction_modrons,cooccurs_with,person_garrick,2.0
faction_modrons,cooccurs_with,person_grace,2.0
faction_modrons,cooccurs_with,person_hadar,2.0
faction_modrons,cooccurs_with,person_henry,14.0
faction_modrons,cooccurs_with,person_holly,2.0
faction_modrons,cooccurs_with,person_idolus,2.0
faction_modrons,cooccurs_with,person_kavar,2.0
faction_modrons,cooccurs_with,person_kluta,2.0
faction_modrons,cooccurs_with,person_liacyne,8.0
faction_modrons,cooccurs_with,person_liavarah,2.0
faction_modrons,cooccurs_with,person_loris,2.0
faction_modrons,cooccurs_with,person_luminia,12.0
faction_modrons,cooccurs_with,person_melba,2.0
faction_modrons,cooccurs_with,person_mercy,10.0
faction_modrons,cooccurs_with,person_moon,2.0
faction_modrons,cooccurs_with,person_newberry,2.0
faction_modrons,cooccurs_with,person_poppy,6.0
faction_modrons,cooccurs_with,person_sala,2.0
faction_modrons,cooccurs_with,person_shworn,4.0
faction_modrons,cooccurs_with,person_soren,2.0
faction_modrons,cooccurs_with,person_tanzo,6.0
faction_modrons,cooccurs_with,person_terry,4.0
faction_modrons,cooccurs_with,person_tiber,2.0
faction_modrons,cooccurs_with,person_unala,6.0
faction_modrons,cooccurs_with,person_urgulk,2.0
faction_modrons,cooccurs_with,person_victor,6.0
faction_modrons,cooccurs_with,person_zedna,2.0
faction_modrons,cooccurs_with,place_blackburn,6.0
faction_modrons,cooccurs_with,place_brightfields,4.0
faction_modrons,cooccurs_with,place_crafthold,20.0
faction_modrons,cooccurs_with,place_dhassa,4.0
faction_modrons,cooccurs_with,place_druwen,2.0
faction_modrons,cooccurs_with,place_elysia,2.0
faction_modrons,cooccurs_with,place_guldrur,2.0
faction_modrons,cooccurs_with,place_killeth,2.0
faction_modrons,cooccurs_with,place_rarmal,4.0
faction_modrons,cooccurs_with,place_stonehome,4.0
faction_modrons,cooccurs_with,place_torenth,2.0
faction_modrons,cooccurs_with,place_trollhills,2.0
faction_modrons,cooccurs_with,player_crowe,2.0
faction_modrons,cooccurs_with,player_kalina,2.0
faction_modrons,cooccurs_with,player_venric,2.0
faction_modrons,cooccurs_with,ref_kwalish,2.0
faction_remedy,cooccurs_with,faction_spencer,6.0
faction_remedy,cooccurs_with,faction_thieves_guild,2.0
faction_remedy,cooccurs_with,faction_tolanites,36.0
faction_remedy,cooccurs_with,org_academy,8.0
faction_remedy,cooccurs_with,org_iwtc,2.0
faction_remedy,cooccurs_with,org_king,12.0
faction_remedy,cooccurs_with,org_party,14.0
faction_remedy,cooccurs_with,org_ravencrest,6.0
faction_remedy,cooccurs_with,person_alivyre,12.0
faction_remedy,cooccurs_with,person_anthony,2.0
faction_remedy,cooccurs_with,person_aren,6.0
faction_remedy,cooccurs_with,person_avarna,2.0
faction_remedy,cooccurs_with,person_bear,2.0
faction_remedy,cooccurs_with,person_cullen,2.0
faction_remedy,cooccurs_with,person_edda,2.0
faction_remedy,cooccurs_with,person_emily,6.0
faction_remedy,cooccurs_with,person_evaine,8.0
faction_remedy,cooccurs_with,person_faeryne,10.0
faction_remedy,cooccurs_with,person_gina,8.0
faction_remedy,cooccurs_with,person_henry,20.0
faction_remedy,cooccurs_with,person_joram,6.0
faction_remedy,cooccurs_with,person_kavar,6.0
faction_remedy,cooccurs_with,person_luminia,4.0
faction_remedy,cooccurs_with,person_makhala,14.0
faction_remedy,cooccurs_with,person_piers,12.0
faction_remedy,cooccurs_with,person_rhys,14.0
faction_remedy,cooccurs_with,person_ricardo,20.0
faction_remedy,cooccurs_with,person_ronric,4.0
faction_remedy,cooccurs_with,person_shworn,6.0
faction_remedy,cooccurs_with,person_terry,10.0
faction_remedy,cooccurs_with,person_victor,36.0
faction_remedy,cooccurs_with,person_vyssa,6.0
faction_remedy,cooccurs_with,place_crafthold,4.0
faction_remedy,cooccurs_with,place_dhassa,12.0
faction_remedy,cooccurs_with,place_elulind,12.0
faction_remedy,cooccurs_with,place_elysia,18.0
faction_remedy,cooccurs_with,place_killeth,2.0
faction_remedy,cooccurs_with,place_thurway,2.0
faction_remedy,cooccurs_with,place_tolan,6.0
faction_remedy,cooccurs_with,player_kalina,2.0
faction_sleepsong,cooccurs_with,faction_tolanites,4.0
faction_sleepsong,cooccurs_with,org_iwtc,6.0
faction_sleepsong,cooccurs_with,org_king,10.0
faction_sleepsong,cooccurs_with,org_myconids,2.0
faction_sleepsong,cooccurs_with,org_party,16.0
faction_sleepsong,cooccurs_with,org_ravencrest,4.0
faction_sleepsong,cooccurs_with,org_wolfstream,4.0
faction_sleepsong,cooccurs_with,person_alivyre,10.0
faction_sleepsong,cooccurs_with,person_aniya,2.0
faction_sleepsong,cooccurs_with,person_aren,2.0
faction_sleepsong,cooccurs_with,person_avarna,6.0
faction_sleepsong,cooccurs_with,person_azaar,2.0
faction_sleepsong,cooccurs_with,person_baltael,6.0
faction_sleepsong,cooccurs_with,person_bear,4.0
faction_sleepsong,cooccurs_with,person_bixley,2.0
faction_sleepsong,cooccurs_with,person_bloodaxe,2.0
faction_sleepsong,cooccurs_with,person_braydon,2.0
faction_sleepsong,cooccurs_with,person_bre,6.0
faction_sleepsong,cooccurs_with,person_caldwell,4.0
faction_sleepsong,cooccurs_with,person_cara,2.0
faction_sleepsong,cooccurs_with,person_cergad,2.0
faction_sleepsong,cooccurs_with,person_chuck,2.0
faction_sleepsong,cooccurs_with,person_clara,2.0
faction_sleepsong,cooccurs_with,person_claw,2.0
faction_sleepsong,cooccurs_with,person_connor,2.0
faction_sleepsong,cooccurs_with,person_credus,2.0
faction_sleepsong,cooccurs_with,person_cullen,2.0
faction_sleepsong,cooccurs_with,person_cunai,2.0
faction_sleepsong,cooccurs_with,person_cursin,2.0
faction_sleepsong,cooccurs_with,person_darren,4.0
faction_sleepsong,cooccurs_with,person_david_bowie,2.0
faction_sleepsong,cooccurs_with,person_david_herder,2.0
faction_sleepsong,cooccurs_with,person_drib,2.0
faction_sleepsong,cooccurs_with,person_eghad,2.0
faction_sleepsong,cooccurs_with,person_elaris,2.0
faction_sleepsong,cooccurs_with,person_faeryne,20.0
faction_sleepsong,cooccurs_with,person_fenrir,2.0
faction_sleepsong,cooccurs_with,person_fritz,2.0
faction_sleepsong,cooccurs_with,person_fulbert,4.0
faction_sleepsong,cooccurs_with,person_garrick,2.0
faction_sleepsong,cooccurs_with,person_hadar,6.0
faction_sleepsong,cooccurs_with,person_hammer,2.0
faction_sleepsong,cooccurs_with,person_henry,32.0
faction_sleepsong,cooccurs_with,person_holly,2.0
faction_sleepsong,cooccurs_with,person_idolus,2.0
faction_sleepsong,cooccurs_with,person_jane,2.0
faction_sleepsong,cooccurs_with,person_jemmy,2.0
faction_sleepsong,cooccurs_with,person_kaitlyn,4.0
faction_sleepsong,cooccurs_with,person_katy,2.0
faction_sleepsong,cooccurs_with,person_kavar,8.0
faction_sleepsong,cooccurs_with,person_kir,4.0
faction_sleepsong,cooccurs_with,person_liacyne,4.0
faction_sleepsong,cooccurs_with,person_liavarah,12.0
faction_sleepsong,cooccurs_with,person_light,8.0
faction_sleepsong,cooccurs_with,person_luminia,14.0
faction_sleepsong,cooccurs_with,person_mercy,6.0
faction_sleepsong,cooccurs_with,person_mowser,2.0
faction_sleepsong,cooccurs_with,person_poppy,4.0
faction_sleepsong,cooccurs_with,person_rhys,2.0
faction_sleepsong,cooccurs_with,person_ronric,2.0
faction_sleepsong,cooccurs_with,person_sala,6.0
faction_sleepsong,cooccurs_with,person_saphira,2.0
faction_sleepsong,cooccurs_with,person_shworn,12.0
faction_sleepsong,cooccurs_with,person_soren,6.0
faction_sleepsong,cooccurs_with,person_spike,2.0
faction_sleepsong,cooccurs_with,person_tanzo,2.0
faction_sleepsong,cooccurs_with,person_terry,4.0
faction_sleepsong,cooccurs_with,person_todd,2.0
faction_sleepsong,cooccurs_with,person_unala,6.0
faction_sleepsong,cooccurs_with,person_urgulk,10.0
faction_sleepsong,cooccurs_with,person_victor,14.0
faction_sleepsong,cooccurs_with,person_vyssa,2.0
faction_sleepsong,cooccurs_with,place_blackburn,6.0
faction_sleepsong,cooccurs_with,place_blackwood,2.0
faction_sleepsong,cooccurs_with,place_brechin,2.0
faction_sleepsong,cooccurs_with,place_brightfields,6.0
faction_sleepsong,cooccurs_with,place_crafthold,16.0
faction_sleepsong,cooccurs_with,place_dhassa,10.0
faction_sleepsong,cooccurs_with,place_druwen,2.0
faction_sleepsong,cooccurs_with,place_elysia,8.0
faction_sleepsong,cooccurs_with,place_elysian,2.0
faction_sleepsong,cooccurs_with,place_guldrur,2.0
faction_sleepsong,cooccurs_with,place_killeth,2.0
faction_sleepsong,cooccurs_with,place_rarmal,2.0
faction_sleepsong,cooccurs_with,place_stonehome,2.0
faction_sleepsong,cooccurs_with,place_thurway,6.0
faction_sleepsong,cooccurs_with,place_torenth,2.0
faction_sleepsong,cooccurs_with,place_trollhills,4.0
faction_sleepsong,cooccurs_with,place_wolfstream,4.0
faction_sleepsong,cooccurs_with,player_bysickle,6.0
faction_sleepsong,cooccurs_with,player_crowe,6.0
faction_sleepsong,cooccurs_with,player_kalina,6.0
faction_sleepsong,cooccurs_with,player_phil,2.0
faction_sleepsong,cooccurs_with,player_venric,4.0
faction_spencer,cooccurs_with,faction_tolanites,6.0
faction_spencer,cooccurs_with,org_king,10.0
faction_spencer,cooccurs_with,org_party,4.0
faction_spencer,cooccurs_with,org_wolfstream,8.0
faction_spencer,cooccurs_with,person_alivyre,2.0
faction_spencer,cooccurs_with,person_brigitte,2.0
faction_spencer,cooccurs_with,person_caldwell,2.0
faction_spencer,cooccurs_with,person_emily,2.0
faction_spencer,cooccurs_with,person_faeryne,2.0
faction_spencer,cooccurs_with,person_henry,4.0
faction_spencer,cooccurs_with,person_newberry,8.0
faction_spencer,cooccurs_with,person_piers,4.0
faction_spencer,cooccurs_with,person_rhys,2.0
faction_spencer,cooccurs_with,person_shworn,4.0
faction_spencer,cooccurs_with,person_terry,2.0
faction_spencer,cooccurs_with,person_victor,4.0
faction_spencer,cooccurs_with,place_dhassa,2.0
faction_spencer,cooccurs_with,place_elulind,2.0
faction_spencer,cooccurs_with,place_elysian,2.0
faction_spencer,cooccurs_with,place_tolan,2.0
faction_spencer,cooccurs_with,place_wolfstream,4.0
faction_thieves_guild,cooccurs_with,faction_tolanites,4.0
faction_thieves_guild,cooccurs_with,org_king,4.0
faction_thieves_guild,cooccurs_with,person_alivyre,8.0
faction_thieves_guild,cooccurs_with,person_evaine,2.0
faction_thieves_guild,cooccurs_with,person_faeryne,4.0
faction_thieves_guild,cooccurs_with,person_gina,2.0
faction_thieves_guild,cooccurs_with,person_henry,8.0
faction_thieves_guild,cooccurs_with,person_luminia,2.0
faction_thieves_guild,cooccurs_with,person_makhala,2.0
faction_thieves_guild,cooccurs_with,person_ronric,6.0
faction_thieves_guild,cooccurs_with,person_terry,2.0
faction_thieves_guild,cooccurs_with,person_urgulk,2.0
faction_thieves_guild,cooccurs_with,person_victor,10.0
faction_thieves_guild,cooccurs_with,person_vyssa,2.0
faction_thieves_guild,cooccurs_with,place_elulind,2.0
faction_thieves_guild,cooccurs_with,place_elysia,2.0
faction_thieves_guild,cooccurs_with,place_elysian,2.0
faction_thieves_guild,cooccurs_with,player_bysickle,4.0
faction_thieves_guild,cooccurs_with,player_charis,2.0
faction_thieves_guild,cooccurs_with,player_crowe,2.0
faction_thieves_guild,cooccurs_with,player_kalina,2.0
faction_tolanites,cooccurs_with,org_academy,18.0
faction_tolanites,cooccurs_with,org_king,40.0
faction_tolanites,cooccurs_with,org_party,12.0
faction_tolanites,cooccurs_with,org_ravencrest,10.0
faction_tolanites,cooccurs_with,org_wolfstream,2.0
faction_tolanites,cooccurs_with,person_alivyre,28.0
faction_tolanites,cooccurs_with,person_aniya,2.0
faction_tolanites,cooccurs_with,person_anthony,4.0
faction_tolanites,cooccurs_with,person_aren,16.0
faction_tolanites,cooccurs_with,person_avarna,8.0
faction_tolanites,cooccurs_with,person_azaar,2.0
faction_tolanites,cooccurs_with,person_bear,2.0
faction_tolanites,cooccurs_with,person_beni,2.0
faction_tolanites,cooccurs_with,person_bre,2.0
faction_tolanites,cooccurs_with,person_cara,2.0
faction_tolanites,cooccurs_with,person_clara,2.0
faction_tolanites,cooccurs_with,person_credus,6.0
faction_tolanites,cooccurs_with,person_cullen,4.0
faction_tolanites,cooccurs_with,person_cunai,2.0
faction_tolanites,cooccurs_with,person_cursin,2.0
faction_tolanites,cooccurs_with,person_darren,2.0
faction_tolanites,cooccurs_with,person_drib,2.0
faction_tolanites,cooccurs_with,person_elaris,2.0
faction_tolanites,cooccurs_with,person_elias,2.0
faction_tolanites,cooccurs_with,person_emily,4.0
faction_tolanites,cooccurs_with,person_evaine,18.0
faction_tolanites,cooccurs_with,person_faeryne,20.0
faction_tolanites,cooccurs_with,person_fenrir,2.0
faction_tolanites,cooccurs_with,person_fulbert,2.0
faction_tolanites,cooccurs_with,person_garrick,2.0
faction_tolanites,cooccurs_with,person_gina,12.0
faction_tolanites,cooccurs_with,person_hammer,2.0
faction_tolanites,cooccurs_with,person_henry,44.0
faction_tolanites,cooccurs_with,person_holly,2.0
faction_tolanites,cooccurs_with,person_idolus,2.0
faction_tolanites,cooccurs_with,person_jane,2.0
faction_tolanites,cooccurs_with,person_joram,8.0
faction_tolanites,cooccurs_with,person_katy,4.0
faction_tolanites,cooccurs_with,person_kavar,6.0
faction_tolanites,cooccurs_with,person_liacyne,2.0
faction_tolanites,cooccurs_with,person_liavarah,2.0
faction_tolanites,cooccurs_with,person_light,2.0
faction_tolanites,cooccurs_with,person_loris,2.0
faction_tolanites,cooccurs_with,person_luminia,14.0
faction_tolanites,cooccurs_with,person_macfeegle,2.0
faction_tolanites,cooccurs_with,person_makhala,12.0
faction_tolanites,cooccurs_with,person_mercy,2.0
faction_tolanites,cooccurs_with,person_moon,6.0
faction_tolanites,cooccurs_with,person_piers,18.0
faction_tolanites,cooccurs_with,person_poppy,2.0
faction_tolanites,cooccurs_with,person_rhys,22.0
faction_tolanites,cooccurs_with,person_ricardo,16.0
faction_tolanites,cooccurs_with,person_ronric,22.0
faction_tolanites,cooccurs_with,person_sala,4.0
faction_tolanites,cooccurs_with,person_saphira,4.0
faction_tolanites,cooccurs_with,person_shworn,16.0
faction_tolanites,cooccurs_with,person_tanzo,2.0
faction_tolanites,cooccurs_with,person_terry,20.0
faction_tolanites,cooccurs_with,person_tiber,2.0
faction_tolanites,cooccurs_with,person_todd,4.0
faction_tolanites,cooccurs_with,person_touya,2.0
faction_tolanites,cooccurs_with,person_unala,4.0
faction_tolanites,cooccurs_with,person_urgulk,6.0
faction_tolanites,cooccurs_with,person_victor,74.0
faction_tolanites,cooccurs_with,person_vyssa,12.0
faction_tolanites,cooccurs_with,place_crafthold,20.0
faction_tolanites,cooccurs_with,place_dhassa,14.0
faction_tolanites,cooccurs_with,place_elulind,12.0
faction_tolanites,cooccurs_with,place_elysia,30.0
faction_tolanites,cooccurs_with,place_jotunheim,2.0
faction_tolanites,cooccurs_with,place_stonehome,2.0
faction_tolanites,cooccurs_with,place_thurway,6.0
faction_tolanites,cooccurs_with,place_tolan,6.0
faction_tolanites,cooccurs_with,player_bysickle,6.0
faction_tolanites,cooccurs_with,player_crowe,6.0
faction_tolanites,cooccurs_with,player_kalina,8.0
faction_tolanites,cooccurs_with,player_phil,2.0
faction_tolanites,cooccurs_with,player_venric,4.0
org_academy,cooccurs_with,org_arcana,2.0
org_academy,cooccurs_with,org_iwtc,2.0
org_academy,cooccurs_with,org_king,16.0
org_academy,cooccurs_with,org_myconids,2.0
org_academy,cooccurs_with,org_party,2.0
org_academy,cooccurs_with,org_ravencrest,2.0
org_academy,cooccurs_with,person_alivyre,10.0
org_academy,cooccurs_with,person_aniya,2.0
org_academy,cooccurs_with,person_aren,4.0
org_academy,cooccurs_with,person_avarna,2.0
org_academy,cooccurs_with,person_baltael,4.0
org_academy,cooccurs_with,person_cara,4.0
org_academy,cooccurs_with,person_cergad,2.0
org_academy,cooccurs_with,person_clara,2.0
org_academy,cooccurs_with,person_credus,6.0
org_academy,cooccurs_with,person_cunai,4.0
org_academy,cooccurs_with,person_cursin,2.0
org_academy,cooccurs_with,person_darren,4.0
org_academy,cooccurs_with,person_elaris,2.0
org_academy,cooccurs_with,person_emily,2.0
org_academy,cooccurs_with,person_evaine,6.0
org_academy,cooccurs_with,person_faeryne,18.0
org_academy,cooccurs_with,person_fulbert,2.0
org_academy,cooccurs_with,person_gina,6.0
org_academy,cooccurs_with,person_henry,20.0
org_academy,cooccurs_with,person_holly,4.0
org_academy,cooccurs_with,person_jane,2.0
org_academy,cooccurs_with,person_jemmy,2.0
org_academy,cooccurs_with,person_joram,2.0
org_academy,cooccurs_with,person_katy,4.0
org_academy,cooccurs_with,person_kavar,2.0
org_academy,cooccurs_with,person_kluta,2.0
org_academy,cooccurs_with,person_liacyne,4.0
org_academy,cooccurs_with,person_liavarah,2.0
org_academy,cooccurs_with,person_light,2.0
org_academy,cooccurs_with,person_luminia,14.0
org_academy,cooccurs_with,person_makhala,2.0
org_academy,cooccurs_with,person_mercy,6.0
org_academy,cooccurs_with,person_mowser,2.0
org_academy,cooccurs_with,person_piers,16.0
org_academy,cooccurs_with,person_poppy,2.0
org_academy,cooccurs_with,person_rhys,10.0
org_academy,cooccurs_with,person_ricardo,6.0
org_academy,cooccurs_with,person_ronric,4.0
org_academy,cooccurs_with,person_sala,6.0
org_academy,cooccurs_with,person_saphira,6.0
org_academy,cooccurs_with,person_spike,2.0
org_academy,cooccurs_with,person_tanzo,4.0
org_academy,cooccurs_with,person_terry,8.0
org_academy,cooccurs_with,person_tiber,2.0
org_academy,cooccurs_with,person_unala,4.0
org_academy,cooccurs_with,person_urgulk,4.0
org_academy,cooccurs_with,person_victor,40.0
org_academy,cooccurs_with,person_vyssa,8.0
org_academy,cooccurs_with,person_zedna,2.0
org_academy,cooccurs_with,place_blackburn,2.0
org_academy,cooccurs_with,place_brightfields,2.0
org_academy,cooccurs_with,place_crafthold,16.0
org_academy,cooccurs_with,place_dhassa,2.0
org_academy,cooccurs_with,place_elulind,4.0
org_academy,cooccurs_with,place_elysia,20.0
org_academy,cooccurs_with,place_killeth,2.0
org_academy,cooccurs_with,place_tolan,2.0
org_academy,cooccurs_with,place_trollhills,2.0
org_academy,cooccurs_with,player_bysickle,2.0
org_academy,cooccurs_with,player_charis,4.0
org_academy,cooccurs_with,player_crowe,8.0
org_academy,cooccurs_with,player_kalina,8.0
org_academy,cooccurs_with,player_venric,4.0
org_arcana,cooccurs_with,org_myconids,2.0
org_arcana,cooccurs_with,org_party,2.0
org_arcana,cooccurs_with,org_spire,2.0
org_arcana,cooccurs_with,person_alivyre,6.0
org_arcana,cooccurs_with,person_aniya,4.0
org_arcana,cooccurs_with,person_aren,2.0
org_arcana,cooccurs_with,person_arthur,2.0
org_arcana,cooccurs_with,person_clara,2.0
org_arcana,cooccurs_with,person_credus,6.0
org_arcana,cooccurs_with,person_cunai,2.0
org_arcana,cooccurs_with,person_elaris,10.0
org_arcana,cooccurs_with,person_faeryne,8.0
org_arcana,cooccurs_with,person_holly,12.0
org_arcana,cooccurs_with,person_katy,12.0
org_arcana,cooccurs_with,person_kluta,6.0
org_arcana,cooccurs_with,person_liacyne,4.0
org_arcana,cooccurs_with,person_liavarah,2.0
org_arcana,cooccurs_with,person_light,2.0
org_arcana,cooccurs_with,person_luminia,8.0
org_arcana,cooccurs_with,person_mercy,2.0
org_arcana,cooccurs_with,person_moon,2.0
org_arcana,cooccurs_with,person_mowser,2.0
org_arcana,cooccurs_with,person_saphira,6.0
org_arcana,cooccurs_with,person_terry,2.0
org_arcana,cooccurs_with,person_unala,2.0
org_arcana,cooccurs_with,person_victor,4.0
org_arcana,cooccurs_with,person_zedna,6.0
org_arcana,cooccurs_with,place_crafthold,6.0
org_arcana,cooccurs_with,player_crowe,8.0
org_arcana,cooccurs_with,player_kalina,8.0
org_iwtc,cooccurs_with,org_king,2.0
org_iwtc,cooccurs_with,org_party,8.0
org_iwtc,cooccurs_with,org_spire,2.0
org_iwtc,cooccurs_with,org_wolfstream,2.0
org_iwtc,cooccurs_with,person_alivyre,8.0
org_iwtc,cooccurs_with,person_aniya,2.0
org_iwtc,cooccurs_with,person_azaar,2.0
org_iwtc,cooccurs_with,person_baltael,4.0
org_iwtc,cooccurs_with,person_bear,2.0
org_iwtc,cooccurs_with,person_beni,4.0
org_iwtc,cooccurs_with,person_bixley,2.0
org_iwtc,cooccurs_with,person_bloodaxe,4.0
org_iwtc,cooccurs_with,person_bre,4.0
org_iwtc,cooccurs_with,person_caldwell,2.0
org_iwtc,cooccurs_with,person_cara,2.0
org_iwtc,cooccurs_with,person_cergad,2.0
org_iwtc,cooccurs_with,person_clara,2.0
org_iwtc,cooccurs_with,person_claw,2.0
org_iwtc,cooccurs_with,person_connor,2.0
org_iwtc,cooccurs_with,person_cunai,2.0
org_iwtc,cooccurs_with,person_dakgorim,2.0
org_iwtc,cooccurs_with,person_darren,4.0
org_iwtc,cooccurs_with,person_david_bowie,2.0
org_iwtc,cooccurs_with,person_david_herder,2.0
org_iwtc,cooccurs_with,person_drib,4.0
org_iwtc,cooccurs_with,person_edda,2.0
org_iwtc,cooccurs_with,person_eghad,2.0
org_iwtc,cooccurs_with,person_elaris,2.0
org_iwtc,cooccurs_with,person_emily,2.0
org_iwtc,cooccurs_with,person_faeryne,8.0
org_iwtc,cooccurs_with,person_fritz,2.0
org_iwtc,cooccurs_with,person_fulbert,2.0
org_iwtc,cooccurs_with,person_garrick,2.0
org_iwtc,cooccurs_with,person_hammer,2.0
org_iwtc,cooccurs_with,person_henry,10.0
org_iwtc,cooccurs_with,person_holly,2.0
org_iwtc,cooccurs_with,person_idolus,2.0
org_iwtc,cooccurs_with,person_jane,4.0
org_iwtc,cooccurs_with,person_jemmy,4.0
org_iwtc,cooccurs_with,person_kaitlyn,2.0
org_iwtc,cooccurs_with,person_katy,2.0
org_iwtc,cooccurs_with,person_liacyne,6.0
org_iwtc,cooccurs_with,person_liavarah,8.0
org_iwtc,cooccurs_with,person_light,2.0
org_iwtc,cooccurs_with,person_luminia,2.0
org_iwtc,cooccurs_with,person_mercy,8.0
org_iwtc,cooccurs_with,person_mowser,2.0
org_iwtc,cooccurs_with,person_newberry,2.0
org_iwtc,cooccurs_with,person_piers,6.0
org_iwtc,cooccurs_with,person_poppy,2.0
org_iwtc,cooccurs_with,person_sala,4.0
org_iwtc,cooccurs_with,person_saphira,2.0
org_iwtc,cooccurs_with,person_shargaas,2.0
org_iwtc,cooccurs_with,person_shworn,4.0
org_iwtc,cooccurs_with,person_soren,4.0
org_iwtc,cooccurs_with,person_spike,4.0
org_iwtc,cooccurs_with,person_tanzo,8.0
org_iwtc,cooccurs_with,person_terry,2.0
org_iwtc,cooccurs_with,person_unala,4.0
org_iwtc,cooccurs_with,person_urgulk,8.0
org_iwtc,cooccurs_with,person_victor,6.0
org_iwtc,cooccurs_with,place_blackburn,2.0
org_iwtc,cooccurs_with,place_blackwood,2.0
org_iwtc,cooccurs_with,place_brechin,2.0
org_iwtc,cooccurs_with,place_brightfields,4.0
org_iwtc,cooccurs_with,place_crafthold,12.0
org_iwtc,cooccurs_with,place_dhassa,2.0
org_iwtc,cooccurs_with,place_druwen,2.0
org_iwtc,cooccurs_with,place_elysia,2.0
org_iwtc,cooccurs_with,place_guldrur,4.0
org_iwtc,cooccurs_with,place_rarmal,4.0
org_iwtc,cooccurs_with,place_stonehome,4.0
org_iwtc,cooccurs_with,place_trollhills,2.0
org_iwtc,cooccurs_with,place_wolfstream,2.0
org_iwtc,cooccurs_with,player_bysickle,6.0
org_iwtc,cooccurs_with,player_crowe,6.0
org_iwtc,cooccurs_with,player_kalina,6.0
org_iwtc,cooccurs_with,player_venric,4.0
org_king,cooccurs_with,org_kirchefyre,2.0
org_king,cooccurs_with,org_myconids,4.0
org_king,cooccurs_with,org_party,24.0
org_king,cooccurs_with,org_ravencrest,10.0
org_king,cooccurs_with,org_wolfstream,30.0
org_king,cooccurs_with,person_alivyre,40.0
org_king,cooccurs_with,person_anthony,4.0
org_king,cooccurs_with,person_aren,20.0
org_king,cooccurs_with,person_avarna,10.0
org_king,cooccurs_with,person_azaar,2.0
org_king,cooccurs_with,person_baltael,4.0
org_king,cooccurs_with,person_bear,2.0
org_king,cooccurs_with,person_bixley,2.0
org_king,cooccurs_with,person_bloodaxe,2.0
org_king,cooccurs_with,person_braydon,4.0
org_king,cooccurs_with,person_bre,6.0
org_king,cooccurs_with,person_brigitte,8.0
org_king,cooccurs_with,person_caldwell,14.0
org_king,cooccurs_with,person_cara,4.0
org_king,cooccurs_with,person_clara,4.0
org_king,cooccurs_with,person_credus,10.0
org_king,cooccurs_with,person_cullen,12.0
org_king,cooccurs_with,person_cursin,4.0
org_king,cooccurs_with,person_dakgorim,6.0
org_king,cooccurs_with,person_darren,6.0
org_king,cooccurs_with,person_edda,2.0
org_king,cooccurs_with,person_eghad,2.0
org_king,cooccurs_with,person_eira,2.0
org_king,cooccurs_with,person_emily,2.0
org_king,cooccurs_with,person_evaine,4.0
org_king,cooccurs_with,person_faeryne,32.0
org_king,cooccurs_with,person_fulbert,6.0
org_king,cooccurs_with,person_garrick,4.0
org_king,cooccurs_with,person_gina,12.0
org_king,cooccurs_with,person_grace,2.0
org_king,cooccurs_with,person_hadar,4.0
org_king,cooccurs_with,person_haldane,2.0
org_king,cooccurs_with,person_henry,58.0
org_king,cooccurs_with,person_idolus,2.0
org_king,cooccurs_with,person_jane,4.0
org_king,cooccurs_with,person_joram,6.0
org_king,cooccurs_with,person_kaedra,2.0
org_king,cooccurs_with,person_kavar,8.0
org_king,cooccurs_with,person_kir,4.0
org_king,cooccurs_with,person_liacyne,6.0
org_king,cooccurs_with,person_liavarah,8.0
org_king,cooccurs_with,person_loris,6.0
org_king,cooccurs_with,person_luminia,28.0
org_king,cooccurs_with,person_macfeegle,2.0
org_king,cooccurs_with,person_makhala,2.0
org_king,cooccurs_with,person_mercy,10.0
org_king,cooccurs_with,person_moon,2.0
org_king,cooccurs_with,person_newberry,18.0
org_king,cooccurs_with,person_norris,2.0
org_king,cooccurs_with,person_piers,6.0
org_king,cooccurs_with,person_poppy,2.0
org_king,cooccurs_with,person_rhys,14.0
org_king,cooccurs_with,person_ricardo,8.0
org_king,cooccurs_with,person_ronric,16.0
org_king,cooccurs_with,person_sala,6.0
org_king,cooccurs_with,person_saphira,6.0
org_king,cooccurs_with,person_shworn,16.0
org_king,cooccurs_with,person_soren,6.0
org_king,cooccurs_with,person_tanzo,4.0
org_king,cooccurs_with,person_terry,12.0
org_king,cooccurs_with,person_tiber,2.0
org_king,cooccurs_with,person_todd,2.0
org_king,cooccurs_with,person_torchholder,4.0
org_king,cooccurs_with,person_touya,2.0
org_king,cooccurs_with,person_unala,8.0
org_king,cooccurs_with,person_urgulk,4.0
org_king,cooccurs_with,person_victor,70.0
org_king,cooccurs_with,person_vyssa,12.0
org_king,cooccurs_with,place_blackburn,2.0
org_king,cooccurs_with,place_blackwood,4.0
org_king,cooccurs_with,place_brechin,4.0
org_king,cooccurs_with,place_brightfields,4.0
org_king,cooccurs_with,place_cameth,2.0
org_king,cooccurs_with,place_crafthold,40.0
org_king,cooccurs_with,place_dereham,2.0
org_king,cooccurs_with,place_dhassa,22.0
org_king,cooccurs_with,place_druwen,4.0
org_king,cooccurs_with,place_elulind,20.0
org_king,cooccurs_with,place_elysia,36.0
org_king,cooccurs_with,place_elysian,4.0
org_king,cooccurs_with,place_guldrur,8.0
org_king,cooccurs_with,place_jotunheim,2.0
org_king,cooccurs_with,place_killeth,4.0
org_king,cooccurs_with,place_monadh_mor,2.0
org_king,cooccurs_with,place_northbend,8.0
org_king,cooccurs_with,place_rarmal,6.0
org_king,cooccurs_with,place_stonehome,6.0
org_king,cooccurs_with,place_thurway,10.0
org_king,cooccurs_with,place_tolan,6.0
org_king,cooccurs_with,place_torenth,6.0
org_king,cooccurs_with,place_trollhills,2.0
org_king,cooccurs_with,place_wolfstream,10.0
org_king,cooccurs_with,player_bysickle,14.0
org_king,cooccurs_with,player_charis,2.0
org_king,cooccurs_with,player_crowe,14.0
org_king,cooccurs_with,player_kalina,16.0
org_king,cooccurs_with,player_phil,2.0
org_king,cooccurs_with,player_venric,10.0
org_kirchefyre,cooccurs_with,org_party,2.0
org_kirchefyre,cooccurs_with,org_wolfstream,2.0
org_kirchefyre,cooccurs_with,person_eghad,2.0
org_kirchefyre,cooccurs_with,person_henry,2.0
org_kirchefyre,cooccurs_with,person_loris,2.0
org_kirchefyre,cooccurs_with,place_blackburn,2.0
org_kirchefyre,cooccurs_with,place_blackwood,2.0
org_kirchefyre,cooccurs_with,place_brechin,2.0
org_kirchefyre,cooccurs_with,place_brightfields,2.0
org_kirchefyre,cooccurs_with,place_cameth,2.0
org_kirchefyre,cooccurs_with,place_crafthold,2.0
org_kirchefyre,cooccurs_with,place_dereham,2.0
org_kirchefyre,cooccurs_with,place_dhassa,2.0
org_kirchefyre,cooccurs_with,place_druwen,2.0
org_kirchefyre,cooccurs_with,place_elulind,2.0
org_kirchefyre,cooccurs_with,place_elysia,2.0
org_kirchefyre,cooccurs_with,place_guldrur,2.0
org_kirchefyre,cooccurs_with,place_jotunheim,2.0
org_kirchefyre,cooccurs_with,place_killeth,2.0
org_kirchefyre,cooccurs_with,place_monadh_mor,2.0
org_kirchefyre,cooccurs_with,place_northbend,2.0
org_kirchefyre,cooccurs_with,place_rarmal,2.0
org_kirchefyre,cooccurs_with,place_stonehome,2.0
org_kirchefyre,cooccurs_with,place_thurway,2.0
org_kirchefyre,cooccurs_with,place_tolan,2.0
org_kirchefyre,cooccurs_with,place_torenth,2.0
org_kirchefyre,cooccurs_with,place_trollhills,2.0
org_kirchefyre,cooccurs_with,place_wolfstream,2.0
org_myconids,cooccurs_with,org_party,24.0
org_myconids,cooccurs_with,org_ravencrest,2.0
org_myconids,cooccurs_with,org_wolfstream,8.0
org_myconids,cooccurs_with,person_alivyre,16.0
org_myconids,cooccurs_with,person_aniya,10.0
org_myconids,cooccurs_with,person_aren,2.0
org_myconids,cooccurs_with,person_arthur,2.0
org_myconids,cooccurs_with,person_bear,4.0
org_myconids,cooccurs_with,person_beni,2.0
org_myconids,cooccurs_with,person_bixley,4.0
org_myconids,cooccurs_with,person_braydon,2.0
org_myconids,cooccurs_with,person_bre,6.0
org_myconids,cooccurs_with,person_caldwell,2.0
org_myconids,cooccurs_with,person_cara,6.0
org_myconids,cooccurs_with,person_cergad,4.0
org_myconids,cooccurs_with,person_chuck,4.0
org_myconids,cooccurs_with,person_clara,4.0
org_myconids,cooccurs_with,person_claw,2.0
org_myconids,cooccurs_with,person_credus,12.0
org_myconids,cooccurs_with,person_cursin,8.0
org_myconids,cooccurs_with,person_darren,4.0
org_myconids,cooccurs_with,person_david_bowie,2.0
org_myconids,cooccurs_with,person_drib,2.0
org_myconids,cooccurs_with,person_edda,2.0
org_myconids,cooccurs_with,person_elaris,6.0
org_myconids,cooccurs_with,person_faeryne,16.0
org_myconids,cooccurs_with,person_fritz,2.0
org_myconids,cooccurs_with,person_fulbert,12.0
org_myconids,cooccurs_with,person_grace,2.0
org_myconids,cooccurs_with,person_hammer,2.0
org_myconids,cooccurs_with,person_henry,20.0
org_myconids,cooccurs_with,person_holly,6.0
org_myconids,cooccurs_with,person_idolus,2.0
org_myconids,cooccurs_with,person_jane,24.0
org_myconids,cooccurs_with,person_katy,6.0
org_myconids,cooccurs_with,person_kir,4.0
org_myconids,cooccurs_with,person_liacyne,10.0
org_myconids,cooccurs_with,person_liavarah,10.0
org_myconids,cooccurs_with,person_light,8.0
org_myconids,cooccurs_with,person_luminia,14.0
org_myconids,cooccurs_with,person_mercy,18.0
org_myconids,cooccurs_with,person_moon,2.0
org_myconids,cooccurs_with,person_newberry,2.0
org_myconids,cooccurs_with,person_poppy,8.0
org_myconids,cooccurs_with,person_sala,10.0
org_myconids,cooccurs_with,person_saphira,8.0
org_myconids,cooccurs_with,person_shargaas,2.0
org_myconids,cooccurs_with,person_shworn,2.0
org_myconids,cooccurs_with,person_soren,4.0
org_myconids,cooccurs_with,person_tanzo,16.0
org_myconids,cooccurs_with,person_terry,2.0
org_myconids,cooccurs_with,person_tiber,2.0
org_myconids,cooccurs_with,person_touya,4.0
org_myconids,cooccurs_with,person_unala,4.0
org_myconids,cooccurs_with,person_urgulk,10.0
org_myconids,cooccurs_with,person_victor,14.0
org_myconids,cooccurs_with,place_blackburn,4.0
org_myconids,cooccurs_with,place_brightfields,4.0
org_myconids,cooccurs_with,place_crafthold,22.0
org_myconids,cooccurs_with,place_dhassa,4.0
org_myconids,cooccurs_with,place_druwen,2.0
org_myconids,cooccurs_with,place_elysia,2.0
org_myconids,cooccurs_with,place_killeth,2.0
org_myconids,cooccurs_with,place_rarmal,2.0
org_myconids,cooccurs_with,place_stonehome,4.0
org_myconids,cooccurs_with,place_thurway,4.0
org_myconids,cooccurs_with,place_wolfstream,2.0
org_myconids,cooccurs_with,player_bysickle,12.0
org_myconids,cooccurs_with,player_crowe,12.0
org_myconids,cooccurs_with,player_kalina,12.0
org_myconids,cooccurs_with,player_venric,8.0
org_myconids,cooccurs_with,ref_kwalish,2.0
org_party,cooccurs_with,org_ravencrest,10.0
org_party,cooccurs_with,org_spire,16.0
org_party,cooccurs_with,org_wolfstream,72.0
org_party,cooccurs_with,person_alivyre,164.0
org_party,cooccurs_with,person_aniya,26.0
org_party,cooccurs_with,person_aren,30.0
org_party,cooccurs_with,person_arthur,2.0
org_party,cooccurs_with,person_avarna,8.0
org_party,cooccurs_with,person_azaar,10.0
org_party,cooccurs_with,person_baltael,8.0
org_party,cooccurs_with,person_bear,46.0
org_party,cooccurs_with,person_bella,10.0
org_party,cooccurs_with,person_beni,20.0
org_party,cooccurs_with,person_bixley,10.0
org_party,cooccurs_with,person_bloodaxe,8.0
org_party,cooccurs_with,person_braydon,8.0
org_party,cooccurs_with,person_bre,98.0
org_party,cooccurs_with,person_brigitte,4.0
org_party,cooccurs_with,person_caldwell,12.0
org_party,cooccurs_with,person_cara,10.0
org_party,cooccurs_with,person_cergad,30.0
org_party,cooccurs_with,person_chuck,4.0
org_party,cooccurs_with,person_clara,10.0
org_party,cooccurs_with,person_claw,10.0
org_party,cooccurs_with,person_connor,6.0
org_party,cooccurs_with,person_credus,70.0
org_party,cooccurs_with,person_cullen,6.0
org_party,cooccurs_with,person_cunai,6.0
org_party,cooccurs_with,person_cursin,10.0
org_party,cooccurs_with,person_dakgorim,10.0
org_party,cooccurs_with,person_darren,26.0
org_party,cooccurs_with,person_david_bowie,6.0
org_party,cooccurs_with,person_david_herder,2.0
org_party,cooccurs_with,person_drib,32.0
org_party,cooccurs_with,person_eardwulf,4.0
org_party,cooccurs_with,person_edda,6.0
org_party,cooccurs_with,person_eghad,22.0
org_party,cooccurs_with,person_eira,2.0
org_party,cooccurs_with,person_elaris,14.0
org_party,cooccurs_with,person_elias,10.0
org_party,cooccurs_with,person_emily,2.0
org_party,cooccurs_with,person_evaine,10.0
org_party,cooccurs_with,person_faeryne,194.0
org_party,cooccurs_with,person_fritz,6.0
org_party,cooccurs_with,person_fulbert,30.0
org_party,cooccurs_with,person_garrick,14.0
org_party,cooccurs_with,person_gina,2.0
org_party,cooccurs_with,person_grace,4.0
org_party,cooccurs_with,person_hadar,18.0
org_party,cooccurs_with,person_hammer,14.0
org_party,cooccurs_with,person_henry,184.0
org_party,cooccurs_with,person_holly,16.0
org_party,cooccurs_with,person_idolus,16.0
org_party,cooccurs_with,person_jane,72.0
org_party,cooccurs_with,person_jemmy,36.0
org_party,cooccurs_with,person_joram,6.0
org_party,cooccurs_with,person_kaedra,2.0
org_party,cooccurs_with,person_kaitlyn,8.0
org_party,cooccurs_with,person_katy,20.0
org_party,cooccurs_with,person_kavar,16.0
org_party,cooccurs_with,person_kir,4.0
org_party,cooccurs_with,person_kluta,2.0
org_party,cooccurs_with,person_liacyne,60.0
org_party,cooccurs_with,person_liavarah,58.0
org_party,cooccurs_with,person_light,44.0
org_party,cooccurs_with,person_loris,2.0
org_party,cooccurs_with,person_luminia,112.0
org_party,cooccurs_with,person_macfeegle,2.0
org_party,cooccurs_with,person_makhala,4.0
org_party,cooccurs_with,person_melba,6.0
org_party,cooccurs_with,person_mercy,56.0
org_party,cooccurs_with,person_moon,8.0
org_party,cooccurs_with,person_mowser,6.0
org_party,cooccurs_with,person_newberry,14.0
org_party,cooccurs_with,person_norris,4.0
org_party,cooccurs_with,person_piers,14.0
org_party,cooccurs_with,person_poppy,24.0
org_party,cooccurs_with,person_rhys,8.0
org_party,cooccurs_with,person_ricardo,4.0
org_party,cooccurs_with,person_ronric,4.0
org_party,cooccurs_with,person_sala,34.0
org_party,cooccurs_with,person_saphira,24.0
org_party,cooccurs_with,person_shargaas,14.0
org_party,cooccurs_with,person_shworn,32.0
org_party,cooccurs_with,person_soren,24.0
org_party,cooccurs_with,person_spike,16.0
org_party,cooccurs_with,person_tanzo,88.0
org_party,cooccurs_with,person_tawyn,2.0
org_party,cooccurs_with,person_terry,32.0
org_party,cooccurs_with,person_tiber,6.0
org_party,cooccurs_with,person_todd,2.0
org_party,cooccurs_with,person_touya,8.0
org_party,cooccurs_with,person_unala,88.0
org_party,cooccurs_with,person_urgulk,46.0
org_party,cooccurs_with,person_victor,66.0
org_party,cooccurs_with,person_warhammer,8.0
org_party,cooccurs_with,person_zedna,2.0
org_party,cooccurs_with,place_blackburn,40.0
org_party,cooccurs_with,place_blackwood,6.0
org_party,cooccurs_with,place_brechin,6.0
org_party,cooccurs_with,place_brightfields,50.0
org_party,cooccurs_with,place_cameth,8.0
org_party,cooccurs_with,place_cliffborough,6.0
org_party,cooccurs_with,place_crafthold,148.0
org_party,cooccurs_with,place_dereham,6.0
org_party,cooccurs_with,place_dhassa,36.0
org_party,cooccurs_with,place_druwen,14.0
org_party,cooccurs_with,place_elulind,12.0
org_party,cooccurs_with,place_elysia,20.0
org_party,cooccurs_with,place_guldrur,26.0
org_party,cooccurs_with,place_jotunheim,6.0
org_party,cooccurs_with,place_killeth,14.0
org_party,cooccurs_with,place_monadh_mor,4.0
org_party,cooccurs_with,place_northbend,14.0
org_party,cooccurs_with,place_rarmal,20.0
org_party,cooccurs_with,place_stonehome,22.0
org_party,cooccurs_with,place_thurway,14.0
org_party,cooccurs_with,place_tolan,4.0
org_party,cooccurs_with,place_torenth,8.0
org_party,cooccurs_with,place_trollhills,24.0
org_party,cooccurs_with,place_wolfstream,16.0
org_party,cooccurs_with,player_bysickle,46.0
org_party,cooccurs_with,player_charis,8.0
org_party,cooccurs_with,player_crowe,54.0
org_party,cooccurs_with,player_kalina,54.0
org_party,cooccurs_with,player_spartan,6.0
org_party,cooccurs_with,player_venric,34.0
org_party,cooccurs_with,ref_kwalish,2.0
org_ravencrest,cooccurs_with,person_alivyre,16.0
org_ravencrest,cooccurs_with,person_anthony,2.0
org_ravencrest,cooccurs_with,person_aren,6.0
org_ravencrest,cooccurs_with,person_avarna,10.0
org_ravencrest,cooccurs_with,person_bixley,2.0
org_ravencrest,cooccurs_with,person_braydon,8.0
org_ravencrest,cooccurs_with,person_credus,6.0
org_ravencrest,cooccurs_with,person_cullen,4.0
org_ravencrest,cooccurs_with,person_faeryne,14.0
org_ravencrest,cooccurs_with,person_fenrir,2.0
org_ravencrest,cooccurs_with,person_henry,22.0
org_ravencrest,cooccurs_with,person_jane,4.0
org_ravencrest,cooccurs_with,person_kavar,6.0
org_ravencrest,cooccurs_with,person_kir,2.0
org_ravencrest,cooccurs_with,person_liavarah,2.0
org_ravencrest,cooccurs_with,person_loris,6.0
org_ravencrest,cooccurs_with,person_luminia,12.0
org_ravencrest,cooccurs_with,person_mercy,2.0
org_ravencrest,cooccurs_with,person_moon,2.0
org_ravencrest,cooccurs_with,person_poppy,2.0
org_ravencrest,cooccurs_with,person_rhys,4.0
org_ravencrest,cooccurs_with,person_sala,4.0
org_ravencrest,cooccurs_with,person_saphira,2.0
org_ravencrest,cooccurs_with,person_shworn,18.0
org_ravencrest,cooccurs_with,person_terry,6.0
org_ravencrest,cooccurs_with,person_touya,2.0
org_ravencrest,cooccurs_with,person_victor,18.0
org_ravencrest,cooccurs_with,person_vyssa,2.0
org_ravencrest,cooccurs_with,place_crafthold,8.0
org_ravencrest,cooccurs_with,place_dhassa,18.0
org_ravencrest,cooccurs_with,place_elulind,4.0
org_ravencrest,cooccurs_with,place_elysia,6.0
org_ravencrest,cooccurs_with,place_killeth,8.0
org_ravencrest,cooccurs_with,place_thurway,8.0
org_ravencrest,cooccurs_with,place_torenth,2.0
org_ravencrest,cooccurs_with,player_bysickle,10.0
org_ravencrest,cooccurs_with,player_crowe,10.0
org_ravencrest,cooccurs_with,player_kalina,10.0
org_ravencrest,cooccurs_with,player_phil,2.0
org_ravencrest,cooccurs_with,player_venric,10.0
org_spire,cooccurs_with,org_wolfstream,2.0
org_spire,cooccurs_with,person_alivyre,14.0
org_spire,cooccurs_with,person_aniya,12.0
org_spire,cooccurs_with,person_aren,2.0
org_spire,cooccurs_with,person_azaar,4.0
org_spire,cooccurs_with,person_bear,4.0
org_spire,cooccurs_with,person_beni,2.0
org_spire,cooccurs_with,person_bixley,2.0
org_spire,cooccurs_with,person_bloodaxe,2.0
org_spire,cooccurs_with,person_bre,8.0
org_spire,cooccurs_with,person_cergad,2.0
org_spire,cooccurs_with,person_clara,2.0
org_spire,cooccurs_with,person_connor,2.0
org_spire,cooccurs_with,person_credus,12.0
org_spire,cooccurs_with,person_dakgorim,2.0
org_spire,cooccurs_with,person_darren,2.0
org_spire,cooccurs_with,person_drib,2.0
org_spire,cooccurs_with,person_edda,2.0
org_spire,cooccurs_with,person_eghad,2.0
org_spire,cooccurs_with,person_elias,2.0
org_spire,cooccurs_with,person_faeryne,12.0
org_spire,cooccurs_with,person_fulbert,4.0
org_spire,cooccurs_with,person_henry,10.0
org_spire,cooccurs_with,person_holly,2.0
org_spire,cooccurs_with,person_idolus,2.0
org_spire,cooccurs_with,person_jane,4.0
org_spire,cooccurs_with,person_jemmy,2.0
org_spire,cooccurs_with,person_kavar,2.0
org_spire,cooccurs_with,person_kluta,2.0
org_spire,cooccurs_with,person_liacyne,16.0
org_spire,cooccurs_with,person_liavarah,4.0
org_spire,cooccurs_with,person_luminia,8.0
org_spire,cooccurs_with,person_mercy,10.0
org_spire,cooccurs_with,person_moon,2.0
org_spire,cooccurs_with,person_newberry,2.0
org_spire,cooccurs_with,person_poppy,2.0
org_spire,cooccurs_with,person_sala,2.0
org_spire,cooccurs_with,person_soren,6.0
org_spire,cooccurs_with,person_tanzo,8.0
org_spire,cooccurs_with,person_unala,8.0
org_spire,cooccurs_with,person_urgulk,2.0
org_spire,cooccurs_with,person_victor,8.0
org_spire,cooccurs_with,person_zedna,2.0
org_spire,cooccurs_with,place_blackburn,4.0
org_spire,cooccurs_with,place_brightfields,4.0
org_spire,cooccurs_with,place_crafthold,16.0
org_spire,cooccurs_with,place_druwen,2.0
org_spire,cooccurs_with,place_guldrur,4.0
org_spire,cooccurs_with,place_rarmal,2.0
org_spire,cooccurs_with,place_stonehome,2.0
org_spire,cooccurs_with,player_bysickle,2.0
org_spire,cooccurs_with,player_crowe,6.0
org_spire,cooccurs_with,player_kalina,6.0
org_spire,cooccurs_with,player_spartan,2.0
org_spire,cooccurs_with,player_venric,2.0
org_spire,cooccurs_with,ref_kwalish,2.0
org_wolfstream,cooccurs_with,person_alivyre,58.0
org_wolfstream,cooccurs_with,person_aniya,12.0
org_wolfstream,cooccurs_with,person_aren,8.0
org_wolfstream,cooccurs_with,person_azaar,4.0
org_wolfstream,cooccurs_with,person_baltael,2.0
org_wolfstream,cooccurs_with,person_bear,18.0
org_wolfstream,cooccurs_with,person_bella,4.0
org_wolfstream,cooccurs_with,person_beni,6.0
org_wolfstream,cooccurs_with,person_bixley,2.0
org_wolfstream,cooccurs_with,person_bloodaxe,8.0
org_wolfstream,cooccurs_with,person_braydon,2.0
org_wolfstream,cooccurs_with,person_bre,36.0
org_wolfstream,cooccurs_with,person_brigitte,10.0
org_wolfstream,cooccurs_with,person_caldwell,16.0
org_wolfstream,cooccurs_with,person_cara,4.0
org_wolfstream,cooccurs_with,person_cergad,6.0
org_wolfstream,cooccurs_with,person_chuck,2.0
org_wolfstream,cooccurs_with,person_clara,4.0
org_wolfstream,cooccurs_with,person_claw,2.0
org_wolfstream,cooccurs_with,person_connor,4.0
org_wolfstream,cooccurs_with,person_credus,20.0
org_wolfstream,cooccurs_with,person_cullen,8.0
org_wolfstream,cooccurs_with,person_cursin,6.0
org_wolfstream,cooccurs_with,person_dakgorim,12.0
org_wolfstream,cooccurs_with,person_darren,8.0
org_wolfstream,cooccurs_with,person_david_bowie,4.0
org_wolfstream,cooccurs_with,person_drib,10.0
org_wolfstream,cooccurs_with,person_eardwulf,4.0
org_wolfstream,cooccurs_with,person_edda,4.0
org_wolfstream,cooccurs_with,person_eghad,6.0
org_wolfstream,cooccurs_with,person_elias,4.0
org_wolfstream,cooccurs_with,person_faeryne,62.0
org_wolfstream,cooccurs_with,person_fritz,4.0
org_wolfstream,cooccurs_with,person_fulbert,10.0
org_wolfstream,cooccurs_with,person_garrick,12.0
org_wolfstream,cooccurs_with,person_grace,8.0
org_wolfstream,cooccurs_with,person_hadar,4.0
org_wolfstream,cooccurs_with,person_hammer,4.0
org_wolfstream,cooccurs_with,person_henry,66.0
org_wolfstream,cooccurs_with,person_idolus,8.0
org_wolfstream,cooccurs_with,person_jane,24.0
org_wolfstream,cooccurs_with,person_jemmy,20.0
org_wolfstream,cooccurs_with,person_kaitlyn,4.0
org_wolfstream,cooccurs_with,person_katy,2.0
org_wolfstream,cooccurs_with,person_kavar,6.0
org_wolfstream,cooccurs_with,person_kir,4.0
org_wolfstream,cooccurs_with,person_liacyne,16.0
org_wolfstream,cooccurs_with,person_liavarah,12.0
org_wolfstream,cooccurs_with,person_light,10.0
org_wolfstream,cooccurs_with,person_luminia,38.0
org_wolfstream,cooccurs_with,person_macfeegle,8.0
org_wolfstream,cooccurs_with,person_melba,4.0
org_wolfstream,cooccurs_with,person_mercy,24.0
org_wolfstream,cooccurs_with,person_moon,2.0
org_wolfstream,cooccurs_with,person_newberry,24.0
org_wolfstream,cooccurs_with,person_norris,8.0
org_wolfstream,cooccurs_with,person_poppy,6.0
org_wolfstream,cooccurs_with,person_sala,6.0
org_wolfstream,cooccurs_with,person_saphira,6.0
org_wolfstream,cooccurs_with,person_shargaas,4.0
org_wolfstream,cooccurs_with,person_shworn,8.0
org_wolfstream,cooccurs_with,person_soren,14.0
org_wolfstream,cooccurs_with,person_spike,8.0
org_wolfstream,cooccurs_with,person_tanzo,36.0
org_wolfstream,cooccurs_with,person_terry,8.0
org_wolfstream,cooccurs_with,person_tiber,4.0
org_wolfstream,cooccurs_with,person_touya,4.0
org_wolfstream,cooccurs_with,person_unala,26.0
org_wolfstream,cooccurs_with,person_urgulk,12.0
org_wolfstream,cooccurs_with,person_victor,26.0
org_wolfstream,cooccurs_with,person_warhammer,8.0
org_wolfstream,cooccurs_with,place_blackburn,22.0
org_wolfstream,cooccurs_with,place_blackwood,6.0
org_wolfstream,cooccurs_with,place_brechin,6.0
org_wolfstream,cooccurs_with,place_brightfields,36.0
org_wolfstream,cooccurs_with,place_cameth,6.0
org_wolfstream,cooccurs_with,place_cliffborough,2.0
org_wolfstream,cooccurs_with,place_crafthold,70.0
org_wolfstream,cooccurs_with,place_dereham,4.0
org_wolfstream,cooccurs_with,place_dhassa,14.0
org_wolfstream,cooccurs_with,place_druwen,12.0
org_wolfstream,cooccurs_with,place_elulind,8.0
org_wolfstream,cooccurs_with,place_elysia,6.0
org_wolfstream,cooccurs_with,place_guldrur,16.0
org_wolfstream,cooccurs_with,place_jotunheim,6.0
org_wolfstream,cooccurs_with,place_killeth,4.0
org_wolfstream,cooccurs_with,place_monadh_mor,4.0
org_wolfstream,cooccurs_with,place_northbend,14.0
org_wolfstream,cooccurs_with,place_rarmal,20.0
org_wolfstream,cooccurs_with,place_stonehome,16.0
org_wolfstream,cooccurs_with,place_thurway,8.0
org_wolfstream,cooccurs_with,place_tolan,4.0
org_wolfstream,cooccurs_with,place_torenth,10.0
org_wolfstream,cooccurs_with,place_trollhills,8.0
org_wolfstream,cooccurs_with,place_wolfstream,20.0
org_wolfstream,cooccurs_with,player_bysickle,10.0
org_wolfstream,cooccurs_with,player_charis,4.0
org_wolfstream,cooccurs_with,player_crowe,10.0
org_wolfstream,cooccurs_with,player_kalina,10.0
org_wolfstream,cooccurs_with,player_spartan,2.0
org_wolfstream,cooccurs_with,player_venric,4.0
person_alivyre,cooccurs_with,person_aniya,24.0
person_alivyre,cooccurs_with,person_anthony,2.0
person_alivyre,cooccurs_with,person_aren,32.0
person_alivyre,cooccurs_with,person_arthur,2.0
person_alivyre,cooccurs_with,person_avarna,26.0
person_alivyre,cooccurs_with,person_azaar,6.0
person_alivyre,cooccurs_with,person_baltael,4.0
person_alivyre,cooccurs_with,person_bear,26.0
person_alivyre,cooccurs_with,person_bella,6.0
person_alivyre,cooccurs_with,person_beni,20.0
person_alivyre,cooccurs_with,person_bixley,14.0
person_alivyre,cooccurs_with,person_bloodaxe,8.0
person_alivyre,cooccurs_with,person_braydon,10.0
person_alivyre,cooccurs_with,person_bre,80.0
person_alivyre,cooccurs_with,person_brigitte,2.0
person_alivyre,cooccurs_with,person_caldwell,12.0
person_alivyre,cooccurs_with,person_cara,10.0
person_alivyre,cooccurs_with,person_cergad,20.0
person_alivyre,cooccurs_with,person_chuck,2.0
person_alivyre,cooccurs_with,person_clara,8.0
person_alivyre,cooccurs_with,person_claw,8.0
person_alivyre,cooccurs_with,person_connor,6.0
person_alivyre,cooccurs_with,person_credus,84.0
person_alivyre,cooccurs_with,person_cullen,8.0
person_alivyre,cooccurs_with,person_cunai,16.0
person_alivyre,cooccurs_with,person_cursin,6.0
person_alivyre,cooccurs_with,person_dakgorim,14.0
person_alivyre,cooccurs_with,person_darren,8.0
person_alivyre,cooccurs_with,person_david_bowie,6.0
person_alivyre,cooccurs_with,person_david_herder,2.0
person_alivyre,cooccurs_with,person_drib,40.0
person_alivyre,cooccurs_with,person_eardwulf,4.0
person_alivyre,cooccurs_with,person_edda,6.0
person_alivyre,cooccurs_with,person_eghad,16.0
person_alivyre,cooccurs_with,person_elaris,28.0
person_alivyre,cooccurs_with,person_elias,8.0
person_alivyre,cooccurs_with,person_emily,10.0
person_alivyre,cooccurs_with,person_evaine,26.0
person_alivyre,cooccurs_with,person_faeryne,292.0
person_alivyre,cooccurs_with,person_fenrir,10.0
person_alivyre,cooccurs_with,person_fritz,8.0
person_alivyre,cooccurs_with,person_fulbert,14.0
person_alivyre,cooccurs_with,person_garrick,14.0
person_alivyre,cooccurs_with,person_gina,12.0
person_alivyre,cooccurs_with,person_grace,4.0
person_alivyre,cooccurs_with,person_hadar,10.0
person_alivyre,cooccurs_with,person_hammer,14.0
person_alivyre,cooccurs_with,person_henry,296.0
person_alivyre,cooccurs_with,person_holly,44.0
person_alivyre,cooccurs_with,person_idolus,16.0
person_alivyre,cooccurs_with,person_jane,68.0
person_alivyre,cooccurs_with,person_jemmy,32.0
person_alivyre,cooccurs_with,person_joram,26.0
person_alivyre,cooccurs_with,person_kaedra,4.0
person_alivyre,cooccurs_with,person_kaitlyn,4.0
person_alivyre,cooccurs_with,person_katy,42.0
person_alivyre,cooccurs_with,person_kavar,18.0
person_alivyre,cooccurs_with,person_kir,8.0
person_alivyre,cooccurs_with,person_kluta,6.0
person_alivyre,cooccurs_with,person_liacyne,44.0
person_alivyre,cooccurs_with,person_liavarah,54.0
person_alivyre,cooccurs_with,person_light,40.0
person_alivyre,cooccurs_with,person_loris,6.0
person_alivyre,cooccurs_with,person_luminia,176.0
person_alivyre,cooccurs_with,person_macfeegle,8.0
person_alivyre,cooccurs_with,person_makhala,10.0
person_alivyre,cooccurs_with,person_melba,6.0
person_alivyre,cooccurs_with,person_mercy,50.0
person_alivyre,cooccurs_with,person_moon,10.0
person_alivyre,cooccurs_with,person_mowser,18.0
person_alivyre,cooccurs_with,person_nala,2.0
person_alivyre,cooccurs_with,person_newberry,16.0
person_alivyre,cooccurs_with,person_norris,4.0
person_alivyre,cooccurs_with,person_piers,36.0
person_alivyre,cooccurs_with,person_poppy,30.0
person_alivyre,cooccurs_with,person_rhys,22.0
person_alivyre,cooccurs_with,person_ricardo,22.0
person_alivyre,cooccurs_with,person_ronric,22.0
person_alivyre,cooccurs_with,person_sala,26.0
person_alivyre,cooccurs_with,person_saphira,42.0
person_alivyre,cooccurs_with,person_shargaas,16.0
person_alivyre,cooccurs_with,person_shworn,52.0
person_alivyre,cooccurs_with,person_soren,16.0
person_alivyre,cooccurs_with,person_spike,18.0
person_alivyre,cooccurs_with,person_tanzo,72.0
person_alivyre,cooccurs_with,person_tawyn,2.0
person_alivyre,cooccurs_with,person_terry,96.0
person_alivyre,cooccurs_with,person_tiber,8.0
person_alivyre,cooccurs_with,person_todd,8.0
person_alivyre,cooccurs_with,person_touya,6.0
person_alivyre,cooccurs_with,person_unala,100.0
person_alivyre,cooccurs_with,person_urgulk,38.0
person_alivyre,cooccurs_with,person_victor,232.0
person_alivyre,cooccurs_with,person_vyssa,16.0
person_alivyre,cooccurs_with,person_warhammer,10.0
person_alivyre,cooccurs_with,person_zedna,6.0
person_alivyre,cooccurs_with,place_blackburn,28.0
person_alivyre,cooccurs_with,place_brightfields,38.0
person_alivyre,cooccurs_with,place_cliffborough,6.0
person_alivyre,cooccurs_with,place_crafthold,130.0
person_alivyre,cooccurs_with,place_dereham,4.0
person_alivyre,cooccurs_with,place_dhassa,38.0
person_alivyre,cooccurs_with,place_druwen,4.0
person_alivyre,cooccurs_with,place_elulind,2.0
person_alivyre,cooccurs_with,place_elysia,22.0
person_alivyre,cooccurs_with,place_elysian,4.0
person_alivyre,cooccurs_with,place_guldrur,20.0
person_alivyre,cooccurs_with,place_jotunheim,2.0
person_alivyre,cooccurs_with,place_killeth,12.0
person_alivyre,cooccurs_with,place_monadh_mor,2.0
person_alivyre,cooccurs_with,place_northbend,10.0
person_alivyre,cooccurs_with,place_rarmal,16.0
person_alivyre,cooccurs_with,place_stonehome,20.0
person_alivyre,cooccurs_with,place_thurway,14.0
person_alivyre,cooccurs_with,place_torenth,4.0
person_alivyre,cooccurs_with,place_trollhills,2.0
person_alivyre,cooccurs_with,place_wolfstream,10.0
person_alivyre,cooccurs_with,player_bysickle,72.0
person_alivyre,cooccurs_with,player_charis,14.0
person_alivyre,cooccurs_with,player_crowe,76.0
person_alivyre,cooccurs_with,player_kalina,86.0
person_alivyre,cooccurs_with,player_phil,2.0
person_alivyre,cooccurs_with,player_spartan,4.0
person_alivyre,cooccurs_with,player_thon,2.0
person_alivyre,cooccurs_with,player_venric,40.0
person_aniya,cooccurs_with,person_aren,8.0
person_aniya,cooccurs_with,person_arthur,4.0
person_aniya,cooccurs_with,person_azaar,6.0
person_aniya,cooccurs_with,person_bear,22.0
person_aniya,cooccurs_with,person_beni,4.0
person_aniya,cooccurs_with,person_bixley,8.0
person_aniya,cooccurs_with,person_bre,22.0
person_aniya,cooccurs_with,person_caldwell,2.0
person_aniya,cooccurs_with,person_cara,12.0
person_aniya,cooccurs_with,person_cergad,6.0
person_aniya,cooccurs_with,person_clara,8.0
person_aniya,cooccurs_with,person_claw,2.0
person_aniya,cooccurs_with,person_connor,6.0
person_aniya,cooccurs_with,person_credus,24.0
person_aniya,cooccurs_with,person_cunai,6.0
person_aniya,cooccurs_with,person_cursin,4.0
person_aniya,cooccurs_with,person_darren,14.0
person_aniya,cooccurs_with,person_david_bowie,6.0
person_aniya,cooccurs_with,person_david_herder,4.0
person_aniya,cooccurs_with,person_draug,2.0
person_aniya,cooccurs_with,person_drib,8.0
person_aniya,cooccurs_with,person_eghad,8.0
person_aniya,cooccurs_with,person_elaris,6.0
person_aniya,cooccurs_with,person_elias,2.0
person_aniya,cooccurs_with,person_faeryne,28.0
person_aniya,cooccurs_with,person_fritz,6.0
person_aniya,cooccurs_with,person_fulbert,18.0
person_aniya,cooccurs_with,person_garrick,8.0
person_aniya,cooccurs_with,person_hadar,2.0
person_aniya,cooccurs_with,person_hammer,2.0
person_aniya,cooccurs_with,person_henry,18.0
person_aniya,cooccurs_with,person_holly,10.0
person_aniya,cooccurs_with,person_idolus,14.0
person_aniya,cooccurs_with,person_jane,18.0
person_aniya,cooccurs_with,person_jemmy,4.0
person_aniya,cooccurs_with,person_kaitlyn,2.0
person_aniya,cooccurs_with,person_katy,10.0
person_aniya,cooccurs_with,person_kavar,2.0
person_aniya,cooccurs_with,person_kluta,6.0
person_aniya,cooccurs_with,person_liacyne,28.0
person_aniya,cooccurs_with,person_liavarah,22.0
person_aniya,cooccurs_with,person_light,4.0
person_aniya,cooccurs_with,person_luminia,12.0
person_aniya,cooccurs_with,person_macfeegle,2.0
person_aniya,cooccurs_with,person_mercy,20.0
person_aniya,cooccurs_with,person_moon,6.0
person_aniya,cooccurs_with,person_mowser,4.0
person_aniya,cooccurs_with,person_poppy,12.0
person_aniya,cooccurs_with,person_rhona,2.0
person_aniya,cooccurs_with,person_sala,12.0
person_aniya,cooccurs_with,person_saphira,12.0
person_aniya,cooccurs_with,person_shargaas,2.0
person_aniya,cooccurs_with,person_shworn,2.0
person_aniya,cooccurs_with,person_soren,12.0
person_aniya,cooccurs_with,person_spike,2.0
person_aniya,cooccurs_with,person_tanzo,20.0
person_aniya,cooccurs_with,person_terry,6.0
person_aniya,cooccurs_with,person_tiber,2.0
person_aniya,cooccurs_with,person_touya,2.0
person_aniya,cooccurs_with,person_unala,18.0
person_aniya,cooccurs_with,person_urgulk,10.0
person_aniya,cooccurs_with,person_victor,18.0
person_aniya,cooccurs_with,person_zedna,6.0
person_aniya,cooccurs_with,place_blackburn,10.0
person_aniya,cooccurs_with,place_brightfields,4.0
person_aniya,cooccurs_with,place_cliffborough,2.0
person_aniya,cooccurs_with,place_crafthold,40.0
person_aniya,cooccurs_with,place_dhassa,2.0
person_aniya,cooccurs_with,place_druwen,2.0
person_aniya,cooccurs_with,place_guldrur,2.0
person_aniya,cooccurs_with,place_jotunheim,2.0
person_aniya,cooccurs_with,place_rarmal,2.0
person_aniya,cooccurs_with,place_stonehome,6.0
person_aniya,cooccurs_with,place_trollhills,2.0
person_aniya,cooccurs_with,player_bysickle,6.0
person_aniya,cooccurs_with,player_crowe,22.0
person_aniya,cooccurs_with,player_kalina,20.0
person_aniya,cooccurs_with,player_spartan,4.0
person_aniya,cooccurs_with,player_venric,10.0
person_anthony,cooccurs_with,person_aren,2.0
person_anthony,cooccurs_with,person_avarna,2.0
person_anthony,cooccurs_with,person_credus,2.0
person_anthony,cooccurs_with,person_cullen,2.0
person_anthony,cooccurs_with,person_henry,2.0
person_anthony,cooccurs_with,person_loris,2.0
person_anthony,cooccurs_with,person_makhala,2.0
person_anthony,cooccurs_with,person_moon,2.0
person_anthony,cooccurs_with,person_rhys,2.0
person_anthony,cooccurs_with,person_ricardo,2.0
person_anthony,cooccurs_with,person_shworn,2.0
person_anthony,cooccurs_with,person_victor,4.0
person_anthony,cooccurs_with,place_dhassa,2.0
person_anthony,cooccurs_with,place_elulind,2.0
person_anthony,cooccurs_with,place_elysia,2.0
person_anthony,cooccurs_with,place_tolan,2.0
person_anthony,cooccurs_with,player_bysickle,2.0
person_anthony,cooccurs_with,player_crowe,2.0
person_anthony,cooccurs_with,player_kalina,2.0
person_anthony,cooccurs_with,player_venric,2.0
person_aren,cooccurs_with,person_arthur,2.0
person_aren,cooccurs_with,person_avarna,10.0
person_aren,cooccurs_with,person_bear,14.0
person_aren,cooccurs_with,person_bixley,4.0
person_aren,cooccurs_with,person_bre,16.0
person_aren,cooccurs_with,person_cara,4.0
person_aren,cooccurs_with,person_cergad,6.0
person_aren,cooccurs_with,person_connor,2.0
person_aren,cooccurs_with,person_credus,12.0
person_aren,cooccurs_with,person_cullen,2.0
person_aren,cooccurs_with,person_cunai,4.0
person_aren,cooccurs_with,person_darren,6.0
person_aren,cooccurs_with,person_david_bowie,2.0
person_aren,cooccurs_with,person_draug,8.0
person_aren,cooccurs_with,person_drib,4.0
person_aren,cooccurs_with,person_eardwulf,2.0
person_aren,cooccurs_with,person_eghad,2.0
person_aren,cooccurs_with,person_elaris,6.0
person_aren,cooccurs_with,person_elias,2.0
person_aren,cooccurs_with,person_emily,2.0
person_aren,cooccurs_with,person_evaine,4.0
person_aren,cooccurs_with,person_faeryne,34.0
person_aren,cooccurs_with,person_fulbert,6.0
person_aren,cooccurs_with,person_garrick,6.0
person_aren,cooccurs_with,person_gina,8.0
person_aren,cooccurs_with,person_grace,8.0
person_aren,cooccurs_with,person_hadar,8.0
person_aren,cooccurs_with,person_henry,40.0
person_aren,cooccurs_with,person_holly,8.0
person_aren,cooccurs_with,person_jane,2.0
person_aren,cooccurs_with,person_jemmy,4.0
person_aren,cooccurs_with,person_joram,2.0
person_aren,cooccurs_with,person_kaitlyn,4.0
person_aren,cooccurs_with,person_katy,6.0
person_aren,cooccurs_with,person_kavar,8.0
person_aren,cooccurs_with,person_kluta,4.0
person_aren,cooccurs_with,person_liacyne,10.0
person_aren,cooccurs_with,person_liavarah,14.0
person_aren,cooccurs_with,person_light,6.0
person_aren,cooccurs_with,person_loris,4.0
person_aren,cooccurs_with,person_luminia,26.0
person_aren,cooccurs_with,person_makhala,2.0
person_aren,cooccurs_with,person_melba,2.0
person_aren,cooccurs_with,person_mercy,8.0
person_aren,cooccurs_with,person_moon,2.0
person_aren,cooccurs_with,person_mowser,4.0
person_aren,cooccurs_with,person_nala,6.0
person_aren,cooccurs_with,person_norris,2.0
person_aren,cooccurs_with,person_piers,4.0
person_aren,cooccurs_with,person_poppy,6.0
person_aren,cooccurs_with,person_rhona,4.0
person_aren,cooccurs_with,person_rhys,6.0
person_aren,cooccurs_with,person_ricardo,6.0
person_aren,cooccurs_with,person_ronric,8.0
person_aren,cooccurs_with,person_sala,6.0
person_aren,cooccurs_with,person_saphira,4.0
person_aren,cooccurs_with,person_shargaas,2.0
person_aren,cooccurs_with,person_shworn,8.0
person_aren,cooccurs_with,person_soren,8.0
person_aren,cooccurs_with,person_tanzo,10.0
person_aren,cooccurs_with,person_tawyn,6.0
person_aren,cooccurs_with,person_terry,10.0
person_aren,cooccurs_with,person_todd,2.0
person_aren,cooccurs_with,person_unala,18.0
person_aren,cooccurs_with,person_urgulk,8.0
person_aren,cooccurs_with,person_victor,38.0
person_aren,cooccurs_with,person_vyssa,10.0
person_aren,cooccurs_with,person_zedna,4.0
person_aren,cooccurs_with,place_blackburn,8.0
person_aren,cooccurs_with,place_brightfields,6.0
person_aren,cooccurs_with,place_cameth,2.0
person_aren,cooccurs_with,place_crafthold,32.0
person_aren,cooccurs_with,place_dereham,2.0
person_aren,cooccurs_with,place_dhassa,12.0
person_aren,cooccurs_with,place_elulind,2.0
person_aren,cooccurs_with,place_elysia,10.0
person_aren,cooccurs_with,place_guldrur,2.0
person_aren,cooccurs_with,place_killeth,2.0
person_aren,cooccurs_with,place_thurway,4.0
person_aren,cooccurs_with,place_tolan,2.0
person_aren,cooccurs_with,place_trollhills,6.0
person_aren,cooccurs_with,player_bysickle,8.0
person_aren,cooccurs_with,player_crowe,18.0
person_aren,cooccurs_with,player_kalina,16.0
person_aren,cooccurs_with,player_spartan,2.0
person_aren,cooccurs_with,player_venric,6.0
person_arthur,cooccurs_with,person_bixley,2.0
person_arthur,cooccurs_with,person_cara,2.0
person_arthur,cooccurs_with,person_cergad,2.0
person_arthur,cooccurs_with,person_credus,2.0
person_arthur,cooccurs_with,person_cunai,2.0
person_arthur,cooccurs_with,person_elaris,10.0
person_arthur,cooccurs_with,person_faeryne,6.0
person_arthur,cooccurs_with,person_hadar,2.0
person_arthur,cooccurs_with,person_holly,8.0
person_arthur,cooccurs_with,person_jane,2.0
person_arthur,cooccurs_with,person_katy,8.0
person_arthur,cooccurs_with,person_kluta,4.0
person_arthur,cooccurs_with,person_liacyne,2.0
person_arthur,cooccurs_with,person_liavarah,2.0
person_arthur,cooccurs_with,person_light,2.0
person_arthur,cooccurs_with,person_mowser,2.0
person_arthur,cooccurs_with,person_poppy,2.0
person_arthur,cooccurs_with,person_soren,2.0
person_arthur,cooccurs_with,person_tanzo,2.0
person_arthur,cooccurs_with,person_terry,4.0
person_arthur,cooccurs_with,person_unala,2.0
person_arthur,cooccurs_with,person_victor,4.0
person_arthur,cooccurs_with,person_zedna,4.0
person_arthur,cooccurs_with,place_crafthold,2.0
person_arthur,cooccurs_with,player_crowe,6.0
person_arthur,cooccurs_with,player_kalina,6.0
person_avarna,cooccurs_with,person_braydon,4.0
person_avarna,cooccurs_with,person_credus,4.0
person_avarna,cooccurs_with,person_cullen,4.0
person_avarna,cooccurs_with,person_faeryne,22.0
person_avarna,cooccurs_with,person_fenrir,6.0
person_avarna,cooccurs_with,person_henry,28.0
person_avarna,cooccurs_with,person_kavar,4.0
person_avarna,cooccurs_with,person_loris,6.0
person_avarna,cooccurs_with,person_luminia,20.0
person_avarna,cooccurs_with,person_moon,2.0
person_avarna,cooccurs_with,person_piers,6.0
person_avarna,cooccurs_with,person_rhys,2.0
person_avarna,cooccurs_with,person_sala,2.0
person_avarna,cooccurs_with,person_shworn,22.0
person_avarna,cooccurs_with,person_terry,16.0
person_avarna,cooccurs_with,person_victor,26.0
person_avarna,cooccurs_with,place_crafthold,8.0
person_avarna,cooccurs_with,place_dhassa,16.0
person_avarna,cooccurs_with,place_elulind,2.0
person_avarna,cooccurs_with,place_elysia,6.0
person_avarna,cooccurs_with,place_killeth,6.0
person_avarna,cooccurs_with,place_thurway,6.0
person_avarna,cooccurs_with,place_torenth,4.0
person_avarna,cooccurs_with,player_bysickle,12.0
person_avarna,cooccurs_with,player_charis,4.0
person_avarna,cooccurs_with,player_crowe,12.0
person_avarna,cooccurs_with,player_kalina,12.0
person_avarna,cooccurs_with,player_phil,2.0
person_avarna,cooccurs_with,player_venric,8.0
person_azaar,cooccurs_with,person_bear,8.0
person_azaar,cooccurs_with,person_beni,2.0
person_azaar,cooccurs_with,person_bixley,2.0
person_azaar,cooccurs_with,person_bre,8.0
person_azaar,cooccurs_with,person_brigitte,2.0
person_azaar,cooccurs_with,person_caldwell,2.0
person_azaar,cooccurs_with,person_cara,6.0
person_azaar,cooccurs_with,person_cergad,4.0
person_azaar,cooccurs_with,person_clara,4.0
person_azaar,cooccurs_with,person_claw,2.0
person_azaar,cooccurs_with,person_connor,2.0
person_azaar,cooccurs_with,person_credus,12.0
person_azaar,cooccurs_with,person_cullen,2.0
person_azaar,cooccurs_with,person_cunai,2.0
person_azaar,cooccurs_with,person_cursin,2.0
person_azaar,cooccurs_with,person_dakgorim,2.0
person_azaar,cooccurs_with,person_darren,8.0
person_azaar,cooccurs_with,person_david_bowie,2.0
person_azaar,cooccurs_with,person_david_herder,2.0
person_azaar,cooccurs_with,person_drib,4.0
person_azaar,cooccurs_with,person_eghad,4.0
person_azaar,cooccurs_with,person_elaris,2.0
person_azaar,cooccurs_with,person_elias,2.0
person_azaar,cooccurs_with,person_faeryne,12.0
person_azaar,cooccurs_with,person_fritz,2.0
person_azaar,cooccurs_with,person_fulbert,14.0
person_azaar,cooccurs_with,person_garrick,4.0
person_azaar,cooccurs_with,person_hammer,2.0
person_azaar,cooccurs_with,person_henry,8.0
person_azaar,cooccurs_with,person_holly,2.0
person_azaar,cooccurs_with,person_idolus,8.0
person_azaar,cooccurs_with,person_jane,8.0
person_azaar,cooccurs_with,person_jemmy,2.0
person_azaar,cooccurs_with,person_kaitlyn,2.0
person_azaar,cooccurs_with,person_katy,4.0
person_azaar,cooccurs_with,person_kavar,2.0
person_azaar,cooccurs_with,person_liacyne,8.0
person_azaar,cooccurs_with,person_liavarah,6.0
person_azaar,cooccurs_with,person_light,2.0
person_azaar,cooccurs_with,person_luminia,4.0
person_azaar,cooccurs_with,person_macfeegle,2.0
person_azaar,cooccurs_with,person_mercy,8.0
person_azaar,cooccurs_with,person_moon,4.0
person_azaar,cooccurs_with,person_mowser,2.0
person_azaar,cooccurs_with,person_newberry,2.0
person_azaar,cooccurs_with,person_norris,2.0
person_azaar,cooccurs_with,person_poppy,4.0
person_azaar,cooccurs_with,person_sala,6.0
person_azaar,cooccurs_with,person_saphira,4.0
person_azaar,cooccurs_with,person_shworn,2.0
person_azaar,cooccurs_with,person_soren,4.0
person_azaar,cooccurs_with,person_spike,2.0
person_azaar,cooccurs_with,person_tanzo,6.0
person_azaar,cooccurs_with,person_terry,2.0
person_azaar,cooccurs_with,person_tiber,2.0
person_azaar,cooccurs_with,person_touya,2.0
person_azaar,cooccurs_with,person_unala,8.0
person_azaar,cooccurs_with,person_urgulk,4.0
person_azaar,cooccurs_with,person_victor,4.0
person_azaar,cooccurs_with,place_blackburn,2.0
person_azaar,cooccurs_with,place_brightfields,2.0
person_azaar,cooccurs_with,place_crafthold,10.0
person_azaar,cooccurs_with,place_dhassa,2.0
person_azaar,cooccurs_with,place_guldrur,2.0
person_azaar,cooccurs_with,place_jotunheim,2.0
person_azaar,cooccurs_with,place_northbend,2.0
person_azaar,cooccurs_with,place_stonehome,2.0
person_azaar,cooccurs_with,player_bysickle,2.0
person_azaar,cooccurs_with,player_crowe,2.0
person_azaar,cooccurs_with,player_kalina,2.0
person_azaar,cooccurs_with,player_venric,2.0
person_azaar,cooccurs_with,ref_kwalish,2.0
person_baltael,cooccurs_with,person_bloodaxe,2.0
person_baltael,cooccurs_with,person_bre,6.0
person_baltael,cooccurs_with,person_caldwell,4.0
person_baltael,cooccurs_with,person_cara,2.0
person_baltael,cooccurs_with,person_cergad,2.0
person_baltael,cooccurs_with,person_clara,2.0
person_baltael,cooccurs_with,person_credus,6.0
person_baltael,cooccurs_with,person_darren,8.0
person_baltael,cooccurs_with,person_edda,2.0
person_baltael,cooccurs_with,person_elaris,2.0
person_baltael,cooccurs_with,person_faeryne,26.0
person_baltael,cooccurs_with,person_garrick,2.0
person_baltael,cooccurs_with,person_hadar,6.0
person_baltael,cooccurs_with,person_henry,14.0
person_baltael,cooccurs_with,person_holly,2.0
person_baltael,cooccurs_with,person_jane,4.0
person_baltael,cooccurs_with,person_jemmy,2.0
person_baltael,cooccurs_with,person_katy,2.0
person_baltael,cooccurs_with,person_kavar,2.0
person_baltael,cooccurs_with,person_liacyne,4.0
person_baltael,cooccurs_with,person_liavarah,14.0
person_baltael,cooccurs_with,person_light,4.0
person_baltael,cooccurs_with,person_luminia,16.0
person_baltael,cooccurs_with,person_macfeegle,2.0
person_baltael,cooccurs_with,person_mercy,8.0
person_baltael,cooccurs_with,person_newberry,2.0
person_baltael,cooccurs_with,person_poppy,2.0
person_baltael,cooccurs_with,person_rhona,2.0
person_baltael,cooccurs_with,person_sala,6.0
person_baltael,cooccurs_with,person_saphira,4.0
person_baltael,cooccurs_with,person_soren,2.0
person_baltael,cooccurs_with,person_spike,2.0
person_baltael,cooccurs_with,person_tanzo,6.0
person_baltael,cooccurs_with,person_terry,2.0
person_baltael,cooccurs_with,person_unala,12.0
person_baltael,cooccurs_with,person_urgulk,12.0
person_baltael,cooccurs_with,person_victor,4.0
person_baltael,cooccurs_with,place_blackburn,6.0
person_baltael,cooccurs_with,place_blackwood,2.0
person_baltael,cooccurs_with,place_brechin,2.0
person_baltael,cooccurs_with,place_brightfields,4.0
person_baltael,cooccurs_with,place_crafthold,16.0
person_baltael,cooccurs_with,place_dhassa,2.0
person_baltael,cooccurs_with,place_druwen,2.0
person_baltael,cooccurs_with,place_guldrur,4.0
person_baltael,cooccurs_with,place_northbend,2.0
person_baltael,cooccurs_with,place_rarmal,2.0
person_baltael,cooccurs_with,place_stonehome,2.0
person_baltael,cooccurs_with,place_trollhills,4.0
person_baltael,cooccurs_with,place_wolfstream,2.0
person_baltael,cooccurs_with,player_bysickle,2.0
person_baltael,cooccurs_with,player_crowe,6.0
person_baltael,cooccurs_with,player_kalina,4.0
person_baltael,cooccurs_with,player_spartan,2.0
person_baltael,cooccurs_with,player_venric,4.0
person_bear,cooccurs_with,person_beni,4.0
person_bear,cooccurs_with,person_bixley,2.0
person_bear,cooccurs_with,person_bre,50.0
person_bear,cooccurs_with,person_brigitte,2.0
person_bear,cooccurs_with,person_caldwell,4.0
person_bear,cooccurs_with,person_cara,6.0
person_bear,cooccurs_with,person_cergad,12.0
person_bear,cooccurs_with,person_chuck,2.0
person_bear,cooccurs_with,person_clara,4.0
person_bear,cooccurs_with,person_claw,2.0
person_bear,cooccurs_with,person_connor,4.0
person_bear,cooccurs_with,person_credus,16.0
person_bear,cooccurs_with,person_cullen,2.0
person_bear,cooccurs_with,person_cunai,2.0
person_bear,cooccurs_with,person_cursin,2.0
person_bear,cooccurs_with,person_dakgorim,2.0
person_bear,cooccurs_with,person_darren,26.0
person_bear,cooccurs_with,person_david_bowie,6.0
person_bear,cooccurs_with,person_david_herder,2.0
person_bear,cooccurs_with,person_draug,4.0
person_bear,cooccurs_with,person_drib,14.0
person_bear,cooccurs_with,person_eghad,8.0
person_bear,cooccurs_with,person_elaris,2.0
person_bear,cooccurs_with,person_elias,2.0
person_bear,cooccurs_with,person_faeryne,34.0
person_bear,cooccurs_with,person_fritz,6.0
person_bear,cooccurs_with,person_fulbert,20.0
person_bear,cooccurs_with,person_garrick,18.0
person_bear,cooccurs_with,person_grace,8.0
person_bear,cooccurs_with,person_hadar,6.0
person_bear,cooccurs_with,person_hammer,4.0
person_bear,cooccurs_with,person_henry,30.0
person_bear,cooccurs_with,person_holly,2.0
person_bear,cooccurs_with,person_idolus,20.0
person_bear,cooccurs_with,person_jane,12.0
person_bear,cooccurs_with,person_jemmy,6.0
person_bear,cooccurs_with,person_kaitlyn,6.0
person_bear,cooccurs_with,person_katy,4.0
person_bear,cooccurs_with,person_kavar,6.0
person_bear,cooccurs_with,person_liacyne,42.0
person_bear,cooccurs_with,person_liavarah,20.0
person_bear,cooccurs_with,person_light,8.0
person_bear,cooccurs_with,person_luminia,18.0
person_bear,cooccurs_with,person_macfeegle,2.0
person_bear,cooccurs_with,person_makhala,2.0
person_bear,cooccurs_with,person_mercy,22.0
person_bear,cooccurs_with,person_moon,2.0
person_bear,cooccurs_with,person_mowser,2.0
person_bear,cooccurs_with,person_nala,4.0
person_bear,cooccurs_with,person_newberry,4.0
person_bear,cooccurs_with,person_norris,4.0
person_bear,cooccurs_with,person_piers,2.0
person_bear,cooccurs_with,person_poppy,8.0
person_bear,cooccurs_with,person_sala,22.0
person_bear,cooccurs_with,person_saphira,6.0
person_bear,cooccurs_with,person_shworn,4.0
person_bear,cooccurs_with,person_soren,14.0
person_bear,cooccurs_with,person_spike,2.0
person_bear,cooccurs_with,person_tanzo,18.0
person_bear,cooccurs_with,person_tawyn,4.0
person_bear,cooccurs_with,person_terry,6.0
person_bear,cooccurs_with,person_tiber,2.0
person_bear,cooccurs_with,person_touya,2.0
person_bear,cooccurs_with,person_unala,44.0
person_bear,cooccurs_with,person_urgulk,16.0
person_bear,cooccurs_with,person_victor,10.0
person_bear,cooccurs_with,person_warhammer,2.0
person_bear,cooccurs_with,place_blackburn,16.0
person_bear,cooccurs_with,place_brightfields,10.0
person_bear,cooccurs_with,place_cameth,4.0
person_bear,cooccurs_with,place_cliffborough,2.0
person_bear,cooccurs_with,place_crafthold,46.0
person_bear,cooccurs_with,place_dhassa,6.0
person_bear,cooccurs_with,place_druwen,2.0
person_bear,cooccurs_with,place_guldrur,4.0
person_bear,cooccurs_with,place_jotunheim,2.0
person_bear,cooccurs_with,place_northbend,2.0
person_bear,cooccurs_with,place_rarmal,2.0
person_bear,cooccurs_with,place_stonehome,6.0
person_bear,cooccurs_with,place_trollhills,16.0
person_bear,cooccurs_with,player_bysickle,8.0
person_bear,cooccurs_with,player_crowe,8.0
person_bear,cooccurs_with,player_kalina,8.0
person_bear,cooccurs_with,player_spartan,4.0
person_bear,cooccurs_with,player_venric,6.0
person_bella,cooccurs_with,person_beni,2.0
person_bella,cooccurs_with,person_bre,6.0
person_bella,cooccurs_with,person_brigitte,2.0
person_bella,cooccurs_with,person_cergad,10.0
person_bella,cooccurs_with,person_credus,2.0
person_bella,cooccurs_with,person_faeryne,8.0
person_bella,cooccurs_with,person_henry,6.0
person_bella,cooccurs_with,person_jane,10.0
person_bella,cooccurs_with,person_jemmy,2.0
person_bella,cooccurs_with,person_liavarah,2.0
person_bella,cooccurs_with,person_light,2.0
person_bella,cooccurs_with,person_luminia,8.0
person_bella,cooccurs_with,person_mercy,2.0
person_bella,cooccurs_with,person_norris,2.0
person_bella,cooccurs_with,person_sala,2.0
person_bella,cooccurs_with,person_spike,2.0
person_bella,cooccurs_with,person_tanzo,8.0
person_bella,cooccurs_with,person_unala,4.0
person_bella,cooccurs_with,place_blackburn,4.0
person_bella,cooccurs_with,place_brightfields,6.0
person_bella,cooccurs_with,place_crafthold,8.0
person_bella,cooccurs_with,place_trollhills,2.0
person_bella,cooccurs_with,player_crowe,2.0
person_beni,cooccurs_with,person_bloodaxe,2.0
person_beni,cooccurs_with,person_bre,6.0
person_beni,cooccurs_with,person_cara,2.0
person_beni,cooccurs_with,person_cergad,2.0
person_beni,cooccurs_with,person_clara,2.0
person_beni,cooccurs_with,person_credus,4.0
person_beni,cooccurs_with,person_cursin,2.0
person_beni,cooccurs_with,person_dakgorim,2.0
person_beni,cooccurs_with,person_darren,4.0
person_beni,cooccurs_with,person_david_bowie,2.0
person_beni,cooccurs_with,person_drib,4.0
person_beni,cooccurs_with,person_edda,2.0
person_beni,cooccurs_with,person_eghad,2.0
person_beni,cooccurs_with,person_elias,2.0
person_beni,cooccurs_with,person_faeryne,18.0
person_beni,cooccurs_with,person_fritz,2.0
person_beni,cooccurs_with,person_fulbert,2.0
person_beni,cooccurs_with,person_garrick,2.0
person_beni,cooccurs_with,person_hammer,2.0
person_beni,cooccurs_with,person_henry,20.0
person_beni,cooccurs_with,person_idolus,2.0
person_beni,cooccurs_with,person_jane,16.0
person_beni,cooccurs_with,person_jemmy,8.0
person_beni,cooccurs_with,person_katy,2.0
person_beni,cooccurs_with,person_kavar,2.0
person_beni,cooccurs_with,person_liacyne,8.0
person_beni,cooccurs_with,person_liavarah,6.0
person_beni,cooccurs_with,person_light,2.0
person_beni,cooccurs_with,person_luminia,10.0
person_beni,cooccurs_with,person_macfeegle,2.0
person_beni,cooccurs_with,person_mercy,8.0
person_beni,cooccurs_with,person_moon,2.0
person_beni,cooccurs_with,person_newberry,2.0
person_beni,cooccurs_with,person_sala,2.0
person_beni,cooccurs_with,person_saphira,4.0
person_beni,cooccurs_with,person_shargaas,4.0
person_beni,cooccurs_with,person_shworn,2.0
person_beni,cooccurs_with,person_spike,4.0
person_beni,cooccurs_with,person_tanzo,20.0
person_beni,cooccurs_with,person_terry,2.0
person_beni,cooccurs_with,person_tiber,2.0
person_beni,cooccurs_with,person_touya,2.0
person_beni,cooccurs_with,person_unala,4.0
person_beni,cooccurs_with,person_urgulk,6.0
person_beni,cooccurs_with,person_victor,6.0
person_beni,cooccurs_with,place_blackburn,2.0
person_beni,cooccurs_with,place_brightfields,2.0
person_beni,cooccurs_with,place_cliffborough,8.0
person_beni,cooccurs_with,place_crafthold,12.0
person_beni,cooccurs_with,place_dhassa,2.0
person_beni,cooccurs_with,place_druwen,2.0
person_beni,cooccurs_with,place_guldrur,2.0
person_beni,cooccurs_with,place_jotunheim,2.0
person_beni,cooccurs_with,place_rarmal,4.0
person_beni,cooccurs_with,place_stonehome,14.0
person_beni,cooccurs_with,player_bysickle,2.0
person_beni,cooccurs_with,player_crowe,2.0
person_beni,cooccurs_with,player_kalina,2.0
person_bixley,cooccurs_with,person_braydon,2.0
person_bixley,cooccurs_with,person_bre,2.0
person_bixley,cooccurs_with,person_cara,10.0
person_bixley,cooccurs_with,person_cergad,2.0
person_bixley,cooccurs_with,person_clara,4.0
person_bixley,cooccurs_with,person_claw,2.0
person_bixley,cooccurs_with,person_connor,2.0
person_bixley,cooccurs_with,person_credus,16.0
person_bixley,cooccurs_with,person_cunai,8.0
person_bixley,cooccurs_with,person_cursin,2.0
person_bixley,cooccurs_with,person_darren,8.0
person_bixley,cooccurs_with,person_david_bowie,2.0
person_bixley,cooccurs_with,person_david_herder,2.0
person_bixley,cooccurs_with,person_draug,2.0
person_bixley,cooccurs_with,person_drib,2.0
person_bixley,cooccurs_with,person_eghad,2.0
person_bixley,cooccurs_with,person_elaris,8.0
person_bixley,cooccurs_with,person_elias,4.0
person_bixley,cooccurs_with,person_faeryne,18.0
person_bixley,cooccurs_with,person_fritz,2.0
person_bixley,cooccurs_with,person_fulbert,8.0
person_bixley,cooccurs_with,person_garrick,6.0
person_bixley,cooccurs_with,person_grace,2.0
person_bixley,cooccurs_with,person_hadar,2.0
person_bixley,cooccurs_with,person_hammer,2.0
person_bixley,cooccurs_with,person_henry,10.0
person_bixley,cooccurs_with,person_holly,8.0
person_bixley,cooccurs_with,person_idolus,2.0
person_bixley,cooccurs_with,person_jane,6.0
person_bixley,cooccurs_with,person_jemmy,2.0
person_bixley,cooccurs_with,person_kaitlyn,2.0
person_bixley,cooccurs_with,person_katy,8.0
person_bixley,cooccurs_with,person_kavar,2.0
person_bixley,cooccurs_with,person_kir,2.0
person_bixley,cooccurs_with,person_kluta,2.0
person_bixley,cooccurs_with,person_liacyne,6.0
person_bixley,cooccurs_with,person_liavarah,16.0
person_bixley,cooccurs_with,person_light,2.0
person_bixley,cooccurs_with,person_luminia,8.0
person_bixley,cooccurs_with,person_mercy,8.0
person_bixley,cooccurs_with,person_mowser,8.0
person_bixley,cooccurs_with,person_newberry,2.0
person_bixley,cooccurs_with,person_poppy,16.0
person_bixley,cooccurs_with,person_rhona,2.0
person_bixley,cooccurs_with,person_sala,6.0
person_bixley,cooccurs_with,person_saphira,16.0
person_bixley,cooccurs_with,person_shworn,2.0
person_bixley,cooccurs_with,person_soren,4.0
person_bixley,cooccurs_with,person_spike,2.0
person_bixley,cooccurs_with,person_tanzo,6.0
person_bixley,cooccurs_with,person_terry,4.0
person_bixley,cooccurs_with,person_touya,6.0
person_bixley,cooccurs_with,person_unala,6.0
person_bixley,cooccurs_with,person_urgulk,2.0
person_bixley,cooccurs_with,person_victor,10.0
person_bixley,cooccurs_with,person_zedna,2.0
person_bixley,cooccurs_with,place_blackburn,2.0
person_bixley,cooccurs_with,place_brightfields,2.0
person_bixley,cooccurs_with,place_crafthold,14.0
person_bixley,cooccurs_with,place_dhassa,2.0
person_bixley,cooccurs_with,place_druwen,2.0
person_bixley,cooccurs_with,place_guldrur,2.0
person_bixley,cooccurs_with,place_killeth,2.0
person_bixley,cooccurs_with,place_rarmal,2.0
person_bixley,cooccurs_with,place_thurway,2.0
person_bixley,cooccurs_with,player_bysickle,8.0
person_bixley,cooccurs_with,player_crowe,16.0
person_bixley,cooccurs_with,player_kalina,16.0
person_bixley,cooccurs_with,player_venric,8.0
person_bloodaxe,cooccurs_with,person_caldwell,2.0
person_bloodaxe,cooccurs_with,person_claw,2.0
person_bloodaxe,cooccurs_with,person_dakgorim,6.0
person_bloodaxe,cooccurs_with,person_edda,4.0
person_bloodaxe,cooccurs_with,person_faeryne,8.0
person_bloodaxe,cooccurs_with,person_garrick,4.0
person_bloodaxe,cooccurs_with,person_grace,2.0
person_bloodaxe,cooccurs_with,person_hammer,2.0
person_bloodaxe,cooccurs_with,person_henry,10.0
person_bloodaxe,cooccurs_with,person_jane,2.0
person_bloodaxe,cooccurs_with,person_kavar,2.0
person_bloodaxe,cooccurs_with,person_liacyne,2.0
person_bloodaxe,cooccurs_with,person_liavarah,4.0
person_bloodaxe,cooccurs_with,person_light,2.0
person_bloodaxe,cooccurs_with,person_luminia,4.0
person_bloodaxe,cooccurs_with,person_macfeegle,4.0
person_bloodaxe,cooccurs_with,person_mercy,2.0
person_bloodaxe,cooccurs_with,person_newberry,2.0
person_bloodaxe,cooccurs_with,person_shargaas,2.0
person_bloodaxe,cooccurs_with,person_soren,2.0
person_bloodaxe,cooccurs_with,person_spike,2.0
person_bloodaxe,cooccurs_with,person_tanzo,4.0
person_bloodaxe,cooccurs_with,person_unala,4.0
person_bloodaxe,cooccurs_with,person_urgulk,4.0
person_bloodaxe,cooccurs_with,person_victor,6.0
person_bloodaxe,cooccurs_with,person_warhammer,4.0
person_bloodaxe,cooccurs_with,place_blackburn,2.0
person_bloodaxe,cooccurs_with,place_blackwood,2.0
person_bloodaxe,cooccurs_with,place_brechin,2.0
person_bloodaxe,cooccurs_with,place_brightfields,2.0
person_bloodaxe,cooccurs_with,place_crafthold,10.0
person_bloodaxe,cooccurs_with,place_dhassa,2.0
person_bloodaxe,cooccurs_with,place_druwen,2.0
person_bloodaxe,cooccurs_with,place_guldrur,8.0
person_bloodaxe,cooccurs_with,place_rarmal,10.0
person_bloodaxe,cooccurs_with,place_stonehome,4.0
person_bloodaxe,cooccurs_with,place_wolfstream,2.0
person_bloodaxe,cooccurs_with,player_bysickle,2.0
person_bloodaxe,cooccurs_with,player_crowe,2.0
person_bloodaxe,cooccurs_with,player_venric,2.0
person_braydon,cooccurs_with,person_credus,6.0
person_braydon,cooccurs_with,person_cullen,2.0
person_braydon,cooccurs_with,person_elias,2.0
person_braydon,cooccurs_with,person_faeryne,12.0
person_braydon,cooccurs_with,person_fenrir,2.0
person_braydon,cooccurs_with,person_henry,10.0
person_braydon,cooccurs_with,person_jane,4.0
person_braydon,cooccurs_with,person_kaedra,2.0
person_braydon,cooccurs_with,person_kir,2.0
person_braydon,cooccurs_with,person_liavarah,2.0
person_braydon,cooccurs_with,person_loris,2.0
person_braydon,cooccurs_with,person_luminia,10.0
person_braydon,cooccurs_with,person_mercy,2.0
person_braydon,cooccurs_with,person_newberry,2.0
person_braydon,cooccurs_with,person_poppy,2.0
person_braydon,cooccurs_with,person_sala,2.0
person_braydon,cooccurs_with,person_saphira,2.0
person_braydon,cooccurs_with,person_shworn,12.0
person_braydon,cooccurs_with,person_terry,4.0
person_braydon,cooccurs_with,person_touya,2.0
person_braydon,cooccurs_with,person_victor,14.0
person_braydon,cooccurs_with,place_crafthold,8.0
person_braydon,cooccurs_with,place_dhassa,8.0
person_braydon,cooccurs_with,place_elysia,6.0
person_braydon,cooccurs_with,place_killeth,8.0
person_braydon,cooccurs_with,place_thurway,6.0
person_braydon,cooccurs_with,place_torenth,6.0
person_braydon,cooccurs_with,player_bysickle,8.0
person_braydon,cooccurs_with,player_crowe,8.0
person_braydon,cooccurs_with,player_kalina,10.0
person_braydon,cooccurs_with,player_venric,8.0
person_bre,cooccurs_with,person_brigitte,4.0
person_bre,cooccurs_with,person_caldwell,6.0
person_bre,cooccurs_with,person_cara,6.0
person_bre,cooccurs_with,person_cergad,26.0
person_bre,cooccurs_with,person_chuck,2.0
person_bre,cooccurs_with,person_clara,8.0
person_bre,cooccurs_with,person_claw,4.0
person_bre,cooccurs_with,person_connor,2.0
person_bre,cooccurs_with,person_credus,20.0
person_bre,cooccurs_with,person_cullen,4.0
person_bre,cooccurs_with,person_cunai,2.0
person_bre,cooccurs_with,person_cursin,2.0
person_bre,cooccurs_with,person_dakgorim,4.0
person_bre,cooccurs_with,person_darren,34.0
person_bre,cooccurs_with,person_david_bowie,6.0
person_bre,cooccurs_with,person_david_herder,2.0
person_bre,cooccurs_with,person_draug,4.0
person_bre,cooccurs_with,person_drib,38.0
person_bre,cooccurs_with,person_eardwulf,2.0
person_bre,cooccurs_with,person_edda,2.0
person_bre,cooccurs_with,person_eghad,16.0
person_bre,cooccurs_with,person_elaris,2.0
person_bre,cooccurs_with,person_elias,2.0
person_bre,cooccurs_with,person_faeryne,88.0
person_bre,cooccurs_with,person_fritz,6.0
person_bre,cooccurs_with,person_fulbert,20.0
person_bre,cooccurs_with,person_garrick,24.0
person_bre,cooccurs_with,person_grace,8.0
person_bre,cooccurs_with,person_hadar,8.0
person_bre,cooccurs_with,person_hammer,6.0
person_bre,cooccurs_with,person_henry,78.0
person_bre,cooccurs_with,person_holly,2.0
person_bre,cooccurs_with,person_idolus,20.0
person_bre,cooccurs_with,person_jane,40.0
person_bre,cooccurs_with,person_jemmy,10.0
person_bre,cooccurs_with,person_kaitlyn,6.0
person_bre,cooccurs_with,person_katy,4.0
person_bre,cooccurs_with,person_kavar,6.0
person_bre,cooccurs_with,person_liacyne,56.0
person_bre,cooccurs_with,person_liavarah,26.0
person_bre,cooccurs_with,person_light,16.0
person_bre,cooccurs_with,person_luminia,34.0
person_bre,cooccurs_with,person_macfeegle,2.0
person_bre,cooccurs_with,person_melba,2.0
person_bre,cooccurs_with,person_mercy,34.0
person_bre,cooccurs_with,person_moon,6.0
person_bre,cooccurs_with,person_mowser,2.0
person_bre,cooccurs_with,person_nala,4.0
person_bre,cooccurs_with,person_newberry,6.0
person_bre,cooccurs_with,person_norris,2.0
person_bre,cooccurs_with,person_poppy,8.0
person_bre,cooccurs_with,person_sala,28.0
person_bre,cooccurs_with,person_saphira,10.0
person_bre,cooccurs_with,person_shargaas,4.0
person_bre,cooccurs_with,person_shworn,2.0
person_bre,cooccurs_with,person_soren,20.0
person_bre,cooccurs_with,person_spike,10.0
person_bre,cooccurs_with,person_tanzo,38.0
person_bre,cooccurs_with,person_tawyn,4.0
person_bre,cooccurs_with,person_terry,2.0
person_bre,cooccurs_with,person_tiber,4.0
person_bre,cooccurs_with,person_touya,2.0
person_bre,cooccurs_with,person_unala,86.0
person_bre,cooccurs_with,person_urgulk,18.0
person_bre,cooccurs_with,person_victor,10.0
person_bre,cooccurs_with,person_warhammer,4.0
person_bre,cooccurs_with,place_blackburn,24.0
person_bre,cooccurs_with,place_brightfields,16.0
person_bre,cooccurs_with,place_cameth,6.0
person_bre,cooccurs_with,place_cliffborough,2.0
person_bre,cooccurs_with,place_crafthold,74.0
person_bre,cooccurs_with,place_dhassa,6.0
person_bre,cooccurs_with,place_druwen,4.0
person_bre,cooccurs_with,place_elulind,4.0
person_bre,cooccurs_with,place_guldrur,10.0
person_bre,cooccurs_with,place_jotunheim,2.0
person_bre,cooccurs_with,place_northbend,10.0
person_bre,cooccurs_with,place_rarmal,2.0
person_bre,cooccurs_with,place_stonehome,8.0
person_bre,cooccurs_with,place_trollhills,18.0
person_bre,cooccurs_with,place_wolfstream,4.0
person_bre,cooccurs_with,player_bysickle,12.0
person_bre,cooccurs_with,player_charis,4.0
person_bre,cooccurs_with,player_crowe,10.0
person_bre,cooccurs_with,player_kalina,12.0
person_bre,cooccurs_with,player_spartan,6.0
person_bre,cooccurs_with,player_venric,6.0
person_brigitte,cooccurs_with,person_caldwell,4.0
person_brigitte,cooccurs_with,person_cara,2.0
person_brigitte,cooccurs_with,person_credus,2.0
person_brigitte,cooccurs_with,person_cullen,6.0
person_brigitte,cooccurs_with,person_dakgorim,2.0
person_brigitte,cooccurs_with,person_darren,2.0
person_brigitte,cooccurs_with,person_faeryne,2.0
person_brigitte,cooccurs_with,person_fulbert,2.0
person_brigitte,cooccurs_with,person_idolus,2.0
person_brigitte,cooccurs_with,person_liacyne,2.0
person_brigitte,cooccurs_with,person_luminia,2.0
person_brigitte,cooccurs_with,person_mercy,2.0
person_brigitte,cooccurs_with,person_newberry,6.0
person_brigitte,cooccurs_with,person_norris,4.0
person_brigitte,cooccurs_with,person_soren,4.0
person_brigitte,cooccurs_with,person_unala,4.0
person_brigitte,cooccurs_with,place_crafthold,6.0
person_brigitte,cooccurs_with,place_elulind,2.0
person_brigitte,cooccurs_with,place_guldrur,2.0
person_brigitte,cooccurs_with,place_northbend,4.0
person_brigitte,cooccurs_with,place_wolfstream,4.0
person_caldwell,cooccurs_with,person_cara,2.0
person_caldwell,cooccurs_with,person_chuck,2.0
person_caldwell,cooccurs_with,person_credus,8.0
person_caldwell,cooccurs_with,person_cullen,6.0
person_caldwell,cooccurs_with,person_cursin,2.0
person_caldwell,cooccurs_with,person_dakgorim,4.0
person_caldwell,cooccurs_with,person_darren,4.0
person_caldwell,cooccurs_with,person_evaine,2.0
person_caldwell,cooccurs_with,person_faeryne,12.0
person_caldwell,cooccurs_with,person_fulbert,2.0
person_caldwell,cooccurs_with,person_henry,10.0
person_caldwell,cooccurs_with,person_idolus,2.0
person_caldwell,cooccurs_with,person_jane,2.0
person_caldwell,cooccurs_with,person_joram,2.0
person_caldwell,cooccurs_with,person_kir,2.0
person_caldwell,cooccurs_with,person_liacyne,4.0
person_caldwell,cooccurs_with,person_liavarah,2.0
person_caldwell,cooccurs_with,person_light,2.0
person_caldwell,cooccurs_with,person_luminia,6.0
person_caldwell,cooccurs_with,person_macfeegle,2.0
person_caldwell,cooccurs_with,person_mercy,4.0
person_caldwell,cooccurs_with,person_newberry,10.0
person_caldwell,cooccurs_with,person_norris,2.0
person_caldwell,cooccurs_with,person_poppy,2.0
person_caldwell,cooccurs_with,person_rhona,2.0
person_caldwell,cooccurs_with,person_rhys,2.0
person_caldwell,cooccurs_with,person_soren,6.0
person_caldwell,cooccurs_with,person_tanzo,2.0
person_caldwell,cooccurs_with,person_terry,2.0
person_caldwell,cooccurs_with,person_unala,6.0
person_caldwell,cooccurs_with,person_urgulk,2.0
person_caldwell,cooccurs_with,person_victor,8.0
person_caldwell,cooccurs_with,place_blackburn,4.0
person_caldwell,cooccurs_with,place_blackwood,2.0
person_caldwell,cooccurs_with,place_brechin,2.0
person_caldwell,cooccurs_with,place_brightfields,4.0
person_caldwell,cooccurs_with,place_crafthold,14.0
person_caldwell,cooccurs_with,place_dhassa,4.0
person_caldwell,cooccurs_with,place_druwen,2.0
person_caldwell,cooccurs_with,place_elulind,2.0
person_caldwell,cooccurs_with,place_guldrur,4.0
person_caldwell,cooccurs_with,place_northbend,6.0
person_caldwell,cooccurs_with,place_rarmal,4.0
person_caldwell,cooccurs_with,place_stonehome,6.0
person_caldwell,cooccurs_with,place_thurway,2.0
person_caldwell,cooccurs_with,place_wolfstream,8.0
person_caldwell,cooccurs_with,player_bysickle,2.0
person_caldwell,cooccurs_with,player_crowe,2.0
person_caldwell,cooccurs_with,player_kalina,2.0
person_cara,cooccurs_with,person_cergad,2.0
person_cara,cooccurs_with,person_clara,6.0
person_cara,cooccurs_with,person_claw,2.0
person_cara,cooccurs_with,person_connor,2.0
person_cara,cooccurs_with,person_credus,10.0
person_cara,cooccurs_with,person_cullen,2.0
person_cara,cooccurs_with,person_cunai,4.0
person_cara,cooccurs_with,person_cursin,4.0
person_cara,cooccurs_with,person_dakgorim,2.0
person_cara,cooccurs_with,person_darren,20.0
person_cara,cooccurs_with,person_david_bowie,2.0
person_cara,cooccurs_with,person_david_herder,2.0
person_cara,cooccurs_with,person_draug,2.0
person_cara,cooccurs_with,person_drib,4.0
person_cara,cooccurs_with,person_edda,2.0
person_cara,cooccurs_with,person_eghad,4.0
person_cara,cooccurs_with,person_elaris,4.0
person_cara,cooccurs_with,person_elias,2.0
person_cara,cooccurs_with,person_faeryne,16.0
person_cara,cooccurs_with,person_fritz,2.0
person_cara,cooccurs_with,person_fulbert,10.0
person_cara,cooccurs_with,person_garrick,10.0
person_cara,cooccurs_with,person_hadar,4.0
person_cara,cooccurs_with,person_hammer,4.0
person_cara,cooccurs_with,person_henry,10.0
person_cara,cooccurs_with,person_holly,4.0
person_cara,cooccurs_with,person_idolus,6.0
person_cara,cooccurs_with,person_jane,8.0
person_cara,cooccurs_with,person_jemmy,2.0
person_cara,cooccurs_with,person_kaitlyn,2.0
person_cara,cooccurs_with,person_katy,6.0
person_cara,cooccurs_with,person_kavar,2.0
person_cara,cooccurs_with,person_kluta,2.0
person_cara,cooccurs_with,person_liacyne,12.0
person_cara,cooccurs_with,person_liavarah,20.0
person_cara,cooccurs_with,person_light,6.0
person_cara,cooccurs_with,person_luminia,8.0
person_cara,cooccurs_with,person_macfeegle,2.0
person_cara,cooccurs_with,person_mercy,16.0
person_cara,cooccurs_with,person_moon,2.0
person_cara,cooccurs_with,person_mowser,4.0
person_cara,cooccurs_with,person_newberry,2.0
person_cara,cooccurs_with,person_norris,2.0
person_cara,cooccurs_with,person_poppy,14.0
person_cara,cooccurs_with,person_rhona,2.0
person_cara,cooccurs_with,person_sala,10.0
person_cara,cooccurs_with,person_saphira,14.0
person_cara,cooccurs_with,person_shworn,2.0
person_cara,cooccurs_with,person_soren,6.0
person_cara,cooccurs_with,person_spike,4.0
person_cara,cooccurs_with,person_tanzo,10.0
person_cara,cooccurs_with,person_terry,4.0
person_cara,cooccurs_with,person_tiber,4.0
person_cara,cooccurs_with,person_touya,2.0
person_cara,cooccurs_with,person_unala,10.0
person_cara,cooccurs_with,person_urgulk,6.0
person_cara,cooccurs_with,person_victor,10.0
person_cara,cooccurs_with,person_zedna,2.0
person_cara,cooccurs_with,place_brightfields,2.0
person_cara,cooccurs_with,place_crafthold,14.0
person_cara,cooccurs_with,place_dhassa,2.0
person_cara,cooccurs_with,place_druwen,2.0
person_cara,cooccurs_with,place_elysia,2.0
person_cara,cooccurs_with,place_guldrur,2.0
person_cara,cooccurs_with,place_jotunheim,2.0
person_cara,cooccurs_with,place_northbend,2.0
person_cara,cooccurs_with,place_rarmal,2.0
person_cara,cooccurs_with,place_stonehome,2.0
person_cara,cooccurs_with,place_wolfstream,2.0
person_cara,cooccurs_with,player_bysickle,4.0
person_cara,cooccurs_with,player_crowe,10.0
person_cara,cooccurs_with,player_kalina,12.0
person_cara,cooccurs_with,player_venric,6.0
person_cergad,cooccurs_with,person_chuck,2.0
person_cergad,cooccurs_with,person_clara,4.0
person_cergad,cooccurs_with,person_claw,2.0
person_cergad,cooccurs_with,person_connor,2.0
person_cergad,cooccurs_with,person_credus,6.0
person_cergad,cooccurs_with,person_cunai,2.0
person_cergad,cooccurs_with,person_darren,16.0
person_cergad,cooccurs_with,person_david_bowie,4.0
person_cergad,cooccurs_with,person_david_herder,2.0
person_cergad,cooccurs_with,person_draug,2.0
person_cergad,cooccurs_with,person_drib,8.0
person_cergad,cooccurs_with,person_edda,2.0
person_cergad,cooccurs_with,person_eghad,8.0
person_cergad,cooccurs_with,person_elaris,4.0
person_cergad,cooccurs_with,person_faeryne,32.0
person_cergad,cooccurs_with,person_fritz,4.0
person_cergad,cooccurs_with,person_fulbert,4.0
person_cergad,cooccurs_with,person_garrick,10.0
person_cergad,cooccurs_with,person_grace,6.0
person_cergad,cooccurs_with,person_hammer,4.0
person_cergad,cooccurs_with,person_henry,24.0
person_cergad,cooccurs_with,person_holly,4.0
person_cergad,cooccurs_with,person_idolus,2.0
person_cergad,cooccurs_with,person_jane,22.0
person_cergad,cooccurs_with,person_jemmy,4.0
person_cergad,cooccurs_with,person_kaitlyn,2.0
person_cergad,cooccurs_with,person_katy,4.0
person_cergad,cooccurs_with,person_kavar,2.0
person_cergad,cooccurs_with,person_liacyne,14.0
person_cergad,cooccurs_with,person_liavarah,6.0
person_cergad,cooccurs_with,person_light,8.0
person_cergad,cooccurs_with,person_luminia,18.0
person_cergad,cooccurs_with,person_mercy,12.0
person_cergad,cooccurs_with,person_mowser,2.0
person_cergad,cooccurs_with,person_nala,2.0
person_cergad,cooccurs_with,person_newberry,2.0
person_cergad,cooccurs_with,person_poppy,4.0
person_cergad,cooccurs_with,person_sala,12.0
person_cergad,cooccurs_with,person_saphira,6.0
person_cergad,cooccurs_with,person_shargaas,2.0
person_cergad,cooccurs_with,person_soren,6.0
person_cergad,cooccurs_with,person_spike,2.0
person_cergad,cooccurs_with,person_tanzo,26.0
person_cergad,cooccurs_with,person_tawyn,2.0
person_cergad,cooccurs_with,person_terry,2.0
person_cergad,cooccurs_with,person_unala,28.0
person_cergad,cooccurs_with,person_urgulk,6.0
person_cergad,cooccurs_with,person_victor,6.0
person_cergad,cooccurs_with,place_blackburn,10.0
person_cergad,cooccurs_with,place_brightfields,12.0
person_cergad,cooccurs_with,place_cameth,8.0
person_cergad,cooccurs_with,place_cliffborough,2.0
person_cergad,cooccurs_with,place_crafthold,32.0
person_cergad,cooccurs_with,place_guldrur,2.0
person_cergad,cooccurs_with,place_rarmal,2.0
person_cergad,cooccurs_with,place_stonehome,4.0
person_cergad,cooccurs_with,place_trollhills,10.0
person_cergad,cooccurs_with,place_wolfstream,2.0
person_cergad,cooccurs_with,player_bysickle,4.0
person_cergad,cooccurs_with,player_crowe,6.0
person_cergad,cooccurs_with,player_kalina,4.0
person_cergad,cooccurs_with,ref_kwalish,4.0
person_chuck,cooccurs_with,person_credus,2.0
person_chuck,cooccurs_with,person_cursin,2.0
person_chuck,cooccurs_with,person_darren,2.0
person_chuck,cooccurs_with,person_faeryne,4.0
person_chuck,cooccurs_with,person_henry,2.0
person_chuck,cooccurs_with,person_jane,2.0
person_chuck,cooccurs_with,person_kir,2.0
person_chuck,cooccurs_with,person_liacyne,2.0
person_chuck,cooccurs_with,person_light,2.0
person_chuck,cooccurs_with,person_newberry,2.0
person_chuck,cooccurs_with,person_poppy,4.0
person_chuck,cooccurs_with,person_sala,2.0
person_chuck,cooccurs_with,person_soren,2.0
person_chuck,cooccurs_with,person_unala,2.0
person_chuck,cooccurs_with,person_urgulk,2.0
person_chuck,cooccurs_with,person_victor,2.0
person_chuck,cooccurs_with,place_blackburn,4.0
person_chuck,cooccurs_with,place_brightfields,4.0
person_chuck,cooccurs_with,place_crafthold,4.0
person_chuck,cooccurs_with,place_dhassa,2.0
person_chuck,cooccurs_with,place_stonehome,2.0
person_chuck,cooccurs_with,place_thurway,2.0
person_chuck,cooccurs_with,place_trollhills,2.0
person_chuck,cooccurs_with,place_wolfstream,2.0
person_chuck,cooccurs_with,player_bysickle,2.0
person_chuck,cooccurs_with,player_crowe,2.0
person_chuck,cooccurs_with,player_kalina,2.0
person_chuck,cooccurs_with,ref_kwalish,2.0
person_clara,cooccurs_with,person_claw,2.0
person_clara,cooccurs_with,person_connor,2.0
person_clara,cooccurs_with,person_credus,16.0
person_clara,cooccurs_with,person_cunai,2.0
person_clara,cooccurs_with,person_cursin,8.0
person_clara,cooccurs_with,person_darren,10.0
person_clara,cooccurs_with,person_david_bowie,2.0
person_clara,cooccurs_with,person_david_herder,2.0
person_clara,cooccurs_with,person_drib,4.0
person_clara,cooccurs_with,person_edda,4.0
person_clara,cooccurs_with,person_eghad,2.0
person_clara,cooccurs_with,person_elaris,2.0
person_clara,cooccurs_with,person_elias,4.0
person_clara,cooccurs_with,person_faeryne,14.0
person_clara,cooccurs_with,person_fritz,2.0
person_clara,cooccurs_with,person_fulbert,6.0
person_clara,cooccurs_with,person_garrick,6.0
person_clara,cooccurs_with,person_grace,2.0
person_clara,cooccurs_with,person_hadar,2.0
person_clara,cooccurs_with,person_hammer,2.0
person_clara,cooccurs_with,person_henry,10.0
person_clara,cooccurs_with,person_holly,4.0
person_clara,cooccurs_with,person_idolus,4.0
person_clara,cooccurs_with,person_jane,14.0
person_clara,cooccurs_with,person_jemmy,2.0
person_clara,cooccurs_with,person_kaitlyn,2.0
person_clara,cooccurs_with,person_katy,4.0
person_clara,cooccurs_with,person_kavar,2.0
person_clara,cooccurs_with,person_kluta,2.0
person_clara,cooccurs_with,person_liacyne,12.0
person_clara,cooccurs_with,person_liavarah,6.0
person_clara,cooccurs_with,person_light,2.0
person_clara,cooccurs_with,person_luminia,8.0
person_clara,cooccurs_with,person_macfeegle,2.0
person_clara,cooccurs_with,person_mercy,14.0
person_clara,cooccurs_with,person_moon,4.0
person_clara,cooccurs_with,person_mowser,2.0
person_clara,cooccurs_with,person_newberry,2.0
person_clara,cooccurs_with,person_poppy,4.0
person_clara,cooccurs_with,person_sala,10.0
person_clara,cooccurs_with,person_saphira,16.0
person_clara,cooccurs_with,person_shworn,2.0
person_clara,cooccurs_with,person_soren,2.0
person_clara,cooccurs_with,person_spike,2.0
person_clara,cooccurs_with,person_tanzo,10.0
person_clara,cooccurs_with,person_terry,2.0
person_clara,cooccurs_with,person_tiber,6.0
person_clara,cooccurs_with,person_touya,6.0
person_clara,cooccurs_with,person_unala,10.0
person_clara,cooccurs_with,person_urgulk,6.0
person_clara,cooccurs_with,person_victor,12.0
person_clara,cooccurs_with,person_zedna,2.0
person_clara,cooccurs_with,place_blackburn,2.0
person_clara,cooccurs_with,place_brightfields,4.0
person_clara,cooccurs_with,place_crafthold,16.0
person_clara,cooccurs_with,place_dhassa,2.0
person_clara,cooccurs_with,place_elysia,2.0
person_clara,cooccurs_with,place_guldrur,4.0
person_clara,cooccurs_with,place_jotunheim,2.0
person_clara,cooccurs_with,place_rarmal,4.0
person_clara,cooccurs_with,place_stonehome,4.0
person_clara,cooccurs_with,player_bysickle,4.0
person_clara,cooccurs_with,player_crowe,8.0
person_clara,cooccurs_with,player_kalina,8.0
person_clara,cooccurs_with,player_venric,6.0
person_claw,cooccurs_with,person_connor,2.0
person_claw,cooccurs_with,person_cunai,2.0
person_claw,cooccurs_with,person_darren,2.0
person_claw,cooccurs_with,person_david_bowie,4.0
person_claw,cooccurs_with,person_david_herder,2.0
person_claw,cooccurs_with,person_drib,2.0
person_claw,cooccurs_with,person_eghad,4.0
person_claw,cooccurs_with,person_elaris,2.0
person_claw,cooccurs_with,person_faeryne,8.0
person_claw,cooccurs_with,person_fritz,2.0
person_claw,cooccurs_with,person_fulbert,4.0
person_claw,cooccurs_with,person_garrick,2.0
person_claw,cooccurs_with,person_hammer,10.0
person_claw,cooccurs_with,person_henry,10.0
person_claw,cooccurs_with,person_holly,2.0
person_claw,cooccurs_with,person_idolus,2.0
person_claw,cooccurs_with,person_jane,8.0
person_claw,cooccurs_with,person_jemmy,2.0
person_claw,cooccurs_with,person_kaitlyn,2.0
person_claw,cooccurs_with,person_katy,2.0
person_claw,cooccurs_with,person_liacyne,4.0
person_claw,cooccurs_with,person_liavarah,4.0
person_claw,cooccurs_with,person_light,10.0
person_claw,cooccurs_with,person_luminia,2.0
person_claw,cooccurs_with,person_mercy,6.0
person_claw,cooccurs_with,person_moon,4.0
person_claw,cooccurs_with,person_mowser,2.0
person_claw,cooccurs_with,person_poppy,6.0
person_claw,cooccurs_with,person_rhys,2.0
person_claw,cooccurs_with,person_sala,2.0
person_claw,cooccurs_with,person_saphira,2.0
person_claw,cooccurs_with,person_shargaas,2.0
person_claw,cooccurs_with,person_soren,2.0
person_claw,cooccurs_with,person_spike,6.0
person_claw,cooccurs_with,person_tanzo,10.0
person_claw,cooccurs_with,person_terry,2.0
person_claw,cooccurs_with,person_unala,2.0
person_claw,cooccurs_with,person_urgulk,4.0
person_claw,cooccurs_with,person_victor,4.0
person_claw,cooccurs_with,place_brightfields,2.0
person_claw,cooccurs_with,place_crafthold,6.0
person_claw,cooccurs_with,player_bysickle,2.0
person_claw,cooccurs_with,player_charis,4.0
person_claw,cooccurs_with,player_crowe,4.0
person_claw,cooccurs_with,player_kalina,4.0
person_connor,cooccurs_with,person_credus,2.0
person_connor,cooccurs_with,person_cunai,2.0
person_connor,cooccurs_with,person_darren,2.0
person_connor,cooccurs_with,person_david_bowie,2.0
person_connor,cooccurs_with,person_david_herder,4.0
person_connor,cooccurs_with,person_drib,2.0
person_connor,cooccurs_with,person_eghad,2.0
person_connor,cooccurs_with,person_elaris,2.0
person_connor,cooccurs_with,person_faeryne,4.0
person_connor,cooccurs_with,person_fritz,2.0
person_connor,cooccurs_with,person_fulbert,2.0
person_connor,cooccurs_with,person_garrick,2.0
person_connor,cooccurs_with,person_hammer,2.0
person_connor,cooccurs_with,person_henry,4.0
person_connor,cooccurs_with,person_holly,2.0
person_connor,cooccurs_with,person_idolus,2.0
person_connor,cooccurs_with,person_jane,2.0
person_connor,cooccurs_with,person_jemmy,4.0
person_connor,cooccurs_with,person_kaitlyn,4.0
person_connor,cooccurs_with,person_katy,2.0
person_connor,cooccurs_with,person_liacyne,4.0
person_connor,cooccurs_with,person_liavarah,4.0
person_connor,cooccurs_with,person_light,2.0
person_connor,cooccurs_with,person_luminia,2.0
person_connor,cooccurs_with,person_mercy,8.0
person_connor,cooccurs_with,person_mowser,2.0
person_connor,cooccurs_with,person_poppy,4.0
person_connor,cooccurs_with,person_sala,2.0
person_connor,cooccurs_with,person_saphira,2.0
person_connor,cooccurs_with,person_soren,4.0
person_connor,cooccurs_with,person_spike,2.0
person_connor,cooccurs_with,person_tanzo,4.0
person_connor,cooccurs_with,person_unala,2.0
person_connor,cooccurs_with,person_urgulk,4.0
person_connor,cooccurs_with,person_victor,4.0
person_connor,cooccurs_with,place_blackburn,4.0
person_connor,cooccurs_with,place_brightfields,4.0
person_connor,cooccurs_with,place_crafthold,8.0
person_connor,cooccurs_with,place_guldrur,2.0
person_connor,cooccurs_with,place_trollhills,4.0
person_connor,cooccurs_with,player_crowe,2.0
person_connor,cooccurs_with,player_kalina,2.0
person_connor,cooccurs_with,player_spartan,2.0
person_credus,cooccurs_with,person_cullen,6.0
person_credus,cooccurs_with,person_cunai,14.0
person_credus,cooccurs_with,person_cursin,12.0
person_credus,cooccurs_with,person_dakgorim,4.0
person_credus,cooccurs_with,person_darren,14.0
person_credus,cooccurs_with,person_david_bowie,2.0
person_credus,cooccurs_with,person_drib,4.0
person_credus,cooccurs_with,person_eardwulf,2.0
person_credus,cooccurs_with,person_edda,4.0
person_credus,cooccurs_with,person_eghad,6.0
person_credus,cooccurs_with,person_elaris,26.0
person_credus,cooccurs_with,person_elias,12.0
person_credus,cooccurs_with,person_faeryne,104.0
person_credus,cooccurs_with,person_fenrir,2.0
person_credus,cooccurs_with,person_fritz,2.0
person_credus,cooccurs_with,person_fulbert,26.0
person_credus,cooccurs_with,person_garrick,8.0
person_credus,cooccurs_with,person_grace,4.0
person_credus,cooccurs_with,person_hadar,12.0
person_credus,cooccurs_with,person_hammer,2.0
person_credus,cooccurs_with,person_henry,42.0
person_credus,cooccurs_with,person_holly,44.0
person_credus,cooccurs_with,person_idolus,8.0
person_credus,cooccurs_with,person_jane,24.0
person_credus,cooccurs_with,person_jemmy,6.0
person_credus,cooccurs_with,person_katy,42.0
person_credus,cooccurs_with,person_kavar,4.0
person_credus,cooccurs_with,person_kir,4.0
person_credus,cooccurs_with,person_kluta,8.0
person_credus,cooccurs_with,person_liacyne,32.0
person_credus,cooccurs_with,person_liavarah,52.0
person_credus,cooccurs_with,person_light,14.0
person_credus,cooccurs_with,person_loris,4.0
person_credus,cooccurs_with,person_luminia,66.0
person_credus,cooccurs_with,person_macfeegle,4.0
person_credus,cooccurs_with,person_melba,4.0
person_credus,cooccurs_with,person_mercy,44.0
person_credus,cooccurs_with,person_moon,8.0
person_credus,cooccurs_with,person_mowser,18.0
person_credus,cooccurs_with,person_nala,2.0
person_credus,cooccurs_with,person_newberry,12.0
person_credus,cooccurs_with,person_norris,2.0
person_credus,cooccurs_with,person_poppy,34.0
person_credus,cooccurs_with,person_rhona,2.0
person_credus,cooccurs_with,person_sala,28.0
person_credus,cooccurs_with,person_saphira,48.0
person_credus,cooccurs_with,person_shworn,12.0
person_credus,cooccurs_with,person_soren,10.0
person_credus,cooccurs_with,person_tanzo,26.0
person_credus,cooccurs_with,person_tawyn,2.0
person_credus,cooccurs_with,person_terry,36.0
person_credus,cooccurs_with,person_tiber,10.0
person_credus,cooccurs_with,person_touya,10.0
person_credus,cooccurs_with,person_unala,60.0
person_credus,cooccurs_with,person_urgulk,6.0
person_credus,cooccurs_with,person_victor,40.0
person_credus,cooccurs_with,person_zedna,6.0
person_credus,cooccurs_with,place_blackburn,18.0
person_credus,cooccurs_with,place_brightfields,20.0
person_credus,cooccurs_with,place_cliffborough,2.0
person_credus,cooccurs_with,place_crafthold,76.0
person_credus,cooccurs_with,place_dereham,4.0
person_credus,cooccurs_with,place_dhassa,14.0
person_credus,cooccurs_with,place_druwen,2.0
person_credus,cooccurs_with,place_elysia,6.0
person_credus,cooccurs_with,place_guldrur,12.0
person_credus,cooccurs_with,place_jotunheim,2.0
person_credus,cooccurs_with,place_killeth,4.0
person_credus,cooccurs_with,place_northbend,2.0
person_credus,cooccurs_with,place_rarmal,8.0
person_credus,cooccurs_with,place_stonehome,10.0
person_credus,cooccurs_with,place_thurway,4.0
person_credus,cooccurs_with,place_torenth,4.0
person_credus,cooccurs_with,place_trollhills,4.0
person_credus,cooccurs_with,place_wolfstream,2.0
person_credus,cooccurs_with,player_bysickle,18.0
person_credus,cooccurs_with,player_crowe,56.0
person_credus,cooccurs_with,player_kalina,58.0
person_credus,cooccurs_with,player_spartan,2.0
person_credus,cooccurs_with,player_thon,2.0
person_credus,cooccurs_with,player_venric,32.0
person_credus,cooccurs_with,ref_kwalish,4.0
person_cullen,cooccurs_with,person_dakgorim,2.0
person_cullen,cooccurs_with,person_darren,2.0
person_cullen,cooccurs_with,person_faeryne,4.0
person_cullen,cooccurs_with,person_fenrir,2.0
person_cullen,cooccurs_with,person_fulbert,2.0
person_cullen,cooccurs_with,person_henry,6.0
person_cullen,cooccurs_with,person_idolus,2.0
person_cullen,cooccurs_with,person_kavar,2.0
person_cullen,cooccurs_with,person_liacyne,2.0
person_cullen,cooccurs_with,person_loris,4.0
person_cullen,cooccurs_with,person_luminia,2.0
person_cullen,cooccurs_with,person_mercy,2.0
person_cullen,cooccurs_with,person_moon,2.0
person_cullen,cooccurs_with,person_newberry,6.0
person_cullen,cooccurs_with,person_norris,2.0
person_cullen,cooccurs_with,person_shworn,4.0
person_cullen,cooccurs_with,person_soren,4.0
person_cullen,cooccurs_with,person_terry,2.0
person_cullen,cooccurs_with,person_unala,4.0
person_cullen,cooccurs_with,person_victor,4.0
person_cullen,cooccurs_with,place_crafthold,8.0
person_cullen,cooccurs_with,place_dhassa,6.0
person_cullen,cooccurs_with,place_elulind,4.0
person_cullen,cooccurs_with,place_elysia,4.0
person_cullen,cooccurs_with,place_guldrur,2.0
person_cullen,cooccurs_with,place_killeth,2.0
person_cullen,cooccurs_with,place_northbend,6.0
person_cullen,cooccurs_with,place_torenth,2.0
person_cullen,cooccurs_with,place_wolfstream,2.0
person_cullen,cooccurs_with,player_bysickle,2.0
person_cullen,cooccurs_with,player_crowe,2.0
person_cullen,cooccurs_with,player_kalina,2.0
person_cullen,cooccurs_with,player_venric,2.0
person_cunai,cooccurs_with,person_darren,2.0
person_cunai,cooccurs_with,person_david_bowie,2.0
person_cunai,cooccurs_with,person_david_herder,2.0
person_cunai,cooccurs_with,person_drib,2.0
person_cunai,cooccurs_with,person_eghad,2.0
person_cunai,cooccurs_with,person_elaris,12.0
person_cunai,cooccurs_with,person_faeryne,16.0
person_cunai,cooccurs_with,person_fritz,2.0
person_cunai,cooccurs_with,person_fulbert,2.0
person_cunai,cooccurs_with,person_garrick,2.0
person_cunai,cooccurs_with,person_hadar,2.0
person_cunai,cooccurs_with,person_hammer,4.0
person_cunai,cooccurs_with,person_henry,2.0
person_cunai,cooccurs_with,person_holly,16.0
person_cunai,cooccurs_with,person_idolus,2.0
person_cunai,cooccurs_with,person_jane,2.0
person_cunai,cooccurs_with,person_jemmy,2.0
person_cunai,cooccurs_with,person_kaitlyn,2.0
person_cunai,cooccurs_with,person_katy,14.0
person_cunai,cooccurs_with,person_kluta,4.0
person_cunai,cooccurs_with,person_liacyne,6.0
person_cunai,cooccurs_with,person_liavarah,10.0
person_cunai,cooccurs_with,person_light,4.0
person_cunai,cooccurs_with,person_luminia,10.0
person_cunai,cooccurs_with,person_mercy,2.0
person_cunai,cooccurs_with,person_mowser,12.0
person_cunai,cooccurs_with,person_poppy,12.0
person_cunai,cooccurs_with,person_sala,10.0
person_cunai,cooccurs_with,person_saphira,12.0
person_cunai,cooccurs_with,person_soren,2.0
person_cunai,cooccurs_with,person_spike,2.0
person_cunai,cooccurs_with,person_tanzo,4.0
person_cunai,cooccurs_with,person_terry,8.0
person_cunai,cooccurs_with,person_unala,10.0
person_cunai,cooccurs_with,person_urgulk,2.0
person_cunai,cooccurs_with,person_victor,8.0
person_cunai,cooccurs_with,person_zedna,4.0
person_cunai,cooccurs_with,place_brightfields,2.0
person_cunai,cooccurs_with,place_crafthold,10.0
person_cunai,cooccurs_with,player_crowe,14.0
person_cunai,cooccurs_with,player_kalina,14.0
person_cunai,cooccurs_with,player_venric,8.0
person_cursin,cooccurs_with,person_darren,4.0
person_cursin,cooccurs_with,person_drib,2.0
person_cursin,cooccurs_with,person_elias,2.0
person_cursin,cooccurs_with,person_faeryne,8.0
person_cursin,cooccurs_with,person_fulbert,6.0
person_cursin,cooccurs_with,person_garrick,2.0
person_cursin,cooccurs_with,person_grace,2.0
person_cursin,cooccurs_with,person_henry,6.0
person_cursin,cooccurs_with,person_idolus,2.0
person_cursin,cooccurs_with,person_jane,10.0
person_cursin,cooccurs_with,person_katy,2.0
person_cursin,cooccurs_with,person_kavar,2.0
person_cursin,cooccurs_with,person_kir,4.0
person_cursin,cooccurs_with,person_liacyne,4.0
person_cursin,cooccurs_with,person_liavarah,2.0
person_cursin,cooccurs_with,person_light,2.0
person_cursin,cooccurs_with,person_luminia,4.0
person_cursin,cooccurs_with,person_macfeegle,2.0
person_cursin,cooccurs_with,person_mercy,6.0
person_cursin,cooccurs_with,person_moon,2.0
person_cursin,cooccurs_with,person_newberry,2.0
person_cursin,cooccurs_with,person_poppy,2.0
person_cursin,cooccurs_with,person_sala,4.0
person_cursin,cooccurs_with,person_saphira,8.0
person_cursin,cooccurs_with,person_shworn,2.0
person_cursin,cooccurs_with,person_tanzo,4.0
person_cursin,cooccurs_with,person_terry,2.0
person_cursin,cooccurs_with,person_tiber,4.0
person_cursin,cooccurs_with,person_touya,6.0
person_cursin,cooccurs_with,person_unala,2.0
person_cursin,cooccurs_with,person_urgulk,4.0
person_cursin,cooccurs_with,person_victor,8.0
person_cursin,cooccurs_with,place_blackburn,2.0
person_cursin,cooccurs_with,place_brightfields,2.0
person_cursin,cooccurs_with,place_crafthold,8.0
person_cursin,cooccurs_with,place_dhassa,4.0
person_cursin,cooccurs_with,place_elysia,2.0
person_cursin,cooccurs_with,place_jotunheim,2.0
person_cursin,cooccurs_with,place_stonehome,2.0
person_cursin,cooccurs_with,place_thurway,4.0
person_cursin,cooccurs_with,place_wolfstream,2.0
person_cursin,cooccurs_with,player_bysickle,6.0
person_cursin,cooccurs_with,player_crowe,8.0
person_cursin,cooccurs_with,player_kalina,8.0
person_cursin,cooccurs_with,player_venric,6.0
person_dakgorim,cooccurs_with,person_darren,2.0
person_dakgorim,cooccurs_with,person_eardwulf,2.0
person_dakgorim,cooccurs_with,person_edda,4.0
person_dakgorim,cooccurs_with,person_faeryne,10.0
person_dakgorim,cooccurs_with,person_fulbert,2.0
person_dakgorim,cooccurs_with,person_garrick,4.0
person_dakgorim,cooccurs_with,person_grace,2.0
person_dakgorim,cooccurs_with,person_hadar,2.0
person_dakgorim,cooccurs_with,person_henry,10.0
person_dakgorim,cooccurs_with,person_idolus,4.0
person_dakgorim,cooccurs_with,person_kavar,2.0
person_dakgorim,cooccurs_with,person_liacyne,6.0
person_dakgorim,cooccurs_with,person_liavarah,4.0
person_dakgorim,cooccurs_with,person_luminia,6.0
person_dakgorim,cooccurs_with,person_macfeegle,4.0
person_dakgorim,cooccurs_with,person_melba,2.0
person_dakgorim,cooccurs_with,person_mercy,4.0
person_dakgorim,cooccurs_with,person_newberry,8.0
person_dakgorim,cooccurs_with,person_norris,2.0
person_dakgorim,cooccurs_with,person_shworn,2.0
person_dakgorim,cooccurs_with,person_soren,4.0
person_dakgorim,cooccurs_with,person_tanzo,2.0
person_dakgorim,cooccurs_with,person_terry,4.0
person_dakgorim,cooccurs_with,person_tiber,2.0
person_dakgorim,cooccurs_with,person_unala,10.0
person_dakgorim,cooccurs_with,person_urgulk,2.0
person_dakgorim,cooccurs_with,person_victor,8.0
person_dakgorim,cooccurs_with,person_warhammer,6.0
person_dakgorim,cooccurs_with,place_blackburn,4.0
person_dakgorim,cooccurs_with,place_brightfields,2.0
person_dakgorim,cooccurs_with,place_crafthold,14.0
person_dakgorim,cooccurs_with,place_dhassa,2.0
person_dakgorim,cooccurs_with,place_guldrur,12.0
person_dakgorim,cooccurs_with,place_northbend,4.0
person_dakgorim,cooccurs_with,place_rarmal,10.0
person_dakgorim,cooccurs_with,place_stonehome,6.0
person_dakgorim,cooccurs_with,player_bysickle,2.0
person_dakgorim,cooccurs_with,player_crowe,2.0
person_dakgorim,cooccurs_with,player_venric,2.0
person_darren,cooccurs_with,person_david_bowie,4.0
person_darren,cooccurs_with,person_david_herder,2.0
person_darren,cooccurs_with,person_draug,6.0
person_darren,cooccurs_with,person_drib,4.0
person_darren,cooccurs_with,person_edda,4.0
person_darren,cooccurs_with,person_eghad,6.0
person_darren,cooccurs_with,person_elaris,2.0
person_darren,cooccurs_with,person_elias,2.0
person_darren,cooccurs_with,person_faeryne,30.0
person_darren,cooccurs_with,person_fritz,4.0
person_darren,cooccurs_with,person_fulbert,12.0
person_darren,cooccurs_with,person_garrick,32.0
person_darren,cooccurs_with,person_grace,10.0
person_darren,cooccurs_with,person_hadar,2.0
person_darren,cooccurs_with,person_hammer,2.0
person_darren,cooccurs_with,person_henry,12.0
person_darren,cooccurs_with,person_holly,2.0
person_darren,cooccurs_with,person_idolus,8.0
person_darren,cooccurs_with,person_jane,18.0
person_darren,cooccurs_with,person_jemmy,2.0
person_darren,cooccurs_with,person_kaitlyn,2.0
person_darren,cooccurs_with,person_katy,4.0
person_darren,cooccurs_with,person_kavar,2.0
person_darren,cooccurs_with,person_liacyne,36.0
person_darren,cooccurs_with,person_liavarah,20.0
person_darren,cooccurs_with,person_light,6.0
person_darren,cooccurs_with,person_luminia,14.0
person_darren,cooccurs_with,person_macfeegle,4.0
person_darren,cooccurs_with,person_mercy,24.0
person_darren,cooccurs_with,person_moon,2.0
person_darren,cooccurs_with,person_mowser,2.0
person_darren,cooccurs_with,person_nala,4.0
person_darren,cooccurs_with,person_newberry,8.0
person_darren,cooccurs_with,person_norris,2.0
person_darren,cooccurs_with,person_poppy,14.0
person_darren,cooccurs_with,person_rhona,6.0
person_darren,cooccurs_with,person_sala,22.0
person_darren,cooccurs_with,person_saphira,22.0
person_darren,cooccurs_with,person_shworn,2.0
person_darren,cooccurs_with,person_soren,8.0
person_darren,cooccurs_with,person_spike,4.0
person_darren,cooccurs_with,person_tanzo,18.0
person_darren,cooccurs_with,person_tawyn,4.0
person_darren,cooccurs_with,person_terry,2.0
person_darren,cooccurs_with,person_tiber,4.0
person_darren,cooccurs_with,person_touya,2.0
person_darren,cooccurs_with,person_unala,40.0
person_darren,cooccurs_with,person_urgulk,10.0
person_darren,cooccurs_with,person_victor,16.0
person_darren,cooccurs_with,place_blackburn,10.0
person_darren,cooccurs_with,place_brightfields,6.0
person_darren,cooccurs_with,place_cameth,6.0
person_darren,cooccurs_with,place_cliffborough,2.0
person_darren,cooccurs_with,place_crafthold,36.0
person_darren,cooccurs_with,place_dhassa,2.0
person_darren,cooccurs_with,place_elysia,2.0
person_darren,cooccurs_with,place_guldrur,4.0
person_darren,cooccurs_with,place_jotunheim,2.0
person_darren,cooccurs_with,place_northbend,2.0
person_darren,cooccurs_with,place_rarmal,2.0
person_darren,cooccurs_with,place_stonehome,4.0
person_darren,cooccurs_with,place_trollhills,14.0
person_darren,cooccurs_with,place_wolfstream,2.0
person_darren,cooccurs_with,player_bysickle,10.0
person_darren,cooccurs_with,player_crowe,10.0
person_darren,cooccurs_with,player_kalina,12.0
person_darren,cooccurs_with,player_venric,8.0
person_david_bowie,cooccurs_with,person_david_herder,2.0
person_david_bowie,cooccurs_with,person_drib,2.0
person_david_bowie,cooccurs_with,person_eghad,6.0
person_david_bowie,cooccurs_with,person_elaris,2.0
person_david_bowie,cooccurs_with,person_faeryne,4.0
person_david_bowie,cooccurs_with,person_fritz,4.0
person_david_bowie,cooccurs_with,person_fulbert,2.0
person_david_bowie,cooccurs_with,person_garrick,2.0
person_david_bowie,cooccurs_with,person_hammer,4.0
person_david_bowie,cooccurs_with,person_henry,8.0
person_david_bowie,cooccurs_with,person_holly,2.0
person_david_bowie,cooccurs_with,person_idolus,2.0
person_david_bowie,cooccurs_with,person_jane,4.0
person_david_bowie,cooccurs_with,person_jemmy,2.0
person_david_bowie,cooccurs_with,person_kaitlyn,2.0
person_david_bowie,cooccurs_with,person_katy,2.0
person_david_bowie,cooccurs_with,person_liacyne,4.0
person_david_bowie,cooccurs_with,person_liavarah,4.0
person_david_bowie,cooccurs_with,person_light,4.0
person_david_bowie,cooccurs_with,person_luminia,2.0
person_david_bowie,cooccurs_with,person_mercy,4.0
person_david_bowie,cooccurs_with,person_mowser,2.0
person_david_bowie,cooccurs_with,person_poppy,6.0
person_david_bowie,cooccurs_with,person_sala,2.0
person_david_bowie,cooccurs_with,person_saphira,4.0
person_david_bowie,cooccurs_with,person_soren,4.0
person_david_bowie,cooccurs_with,person_spike,2.0
person_david_bowie,cooccurs_with,person_tanzo,4.0
person_david_bowie,cooccurs_with,person_unala,6.0
person_david_bowie,cooccurs_with,person_urgulk,2.0
person_david_bowie,cooccurs_with,person_victor,2.0
person_david_bowie,cooccurs_with,place_blackburn,4.0
person_david_bowie,cooccurs_with,place_brightfields,4.0
person_david_bowie,cooccurs_with,place_cliffborough,2.0
person_david_bowie,cooccurs_with,place_crafthold,10.0
person_david_bowie,cooccurs_with,place_druwen,2.0
person_david_bowie,cooccurs_with,place_stonehome,2.0
person_david_bowie,cooccurs_with,player_bysickle,2.0
person_david_bowie,cooccurs_with,player_charis,2.0
person_david_bowie,cooccurs_with,player_crowe,4.0
person_david_bowie,cooccurs_with,player_kalina,4.0
person_david_herder,cooccurs_with,person_drib,2.0
person_david_herder,cooccurs_with,person_eghad,2.0
person_david_herder,cooccurs_with,person_elaris,4.0
person_david_herder,cooccurs_with,person_faeryne,4.0
person_david_herder,cooccurs_with,person_fritz,2.0
person_david_herder,cooccurs_with,person_fulbert,2.0
person_david_herder,cooccurs_with,person_garrick,2.0
person_david_herder,cooccurs_with,person_hammer,2.0
person_david_herder,cooccurs_with,person_henry,2.0
person_david_herder,cooccurs_with,person_holly,4.0
person_david_herder,cooccurs_with,person_idolus,2.0
person_david_herder,cooccurs_with,person_jane,2.0
person_david_herder,cooccurs_with,person_jemmy,2.0
person_david_herder,cooccurs_with,person_kaitlyn,2.0
person_david_herder,cooccurs_with,person_katy,2.0
person_david_herder,cooccurs_with,person_liacyne,4.0
person_david_herder,cooccurs_with,person_liavarah,2.0
person_david_herder,cooccurs_with,person_light,2.0
person_david_herder,cooccurs_with,person_luminia,2.0
person_david_herder,cooccurs_with,person_mercy,4.0
person_david_herder,cooccurs_with,person_mowser,2.0
person_david_herder,cooccurs_with,person_poppy,2.0
person_david_herder,cooccurs_with,person_sala,2.0
person_david_herder,cooccurs_with,person_saphira,2.0
person_david_herder,cooccurs_with,person_soren,2.0
person_david_herder,cooccurs_with,person_spike,4.0
person_david_herder,cooccurs_with,person_tanzo,4.0
person_david_herder,cooccurs_with,person_unala,4.0
person_david_herder,cooccurs_with,person_urgulk,2.0
person_david_herder,cooccurs_with,person_victor,2.0
person_david_herder,cooccurs_with,place_blackburn,2.0
person_david_herder,cooccurs_with,place_brightfields,2.0
person_david_herder,cooccurs_with,place_crafthold,4.0
person_david_herder,cooccurs_with,place_guldrur,2.0
person_david_herder,cooccurs_with,place_trollhills,2.0
person_david_herder,cooccurs_with,player_kalina,2.0
person_draug,cooccurs_with,person_fulbert,2.0
person_draug,cooccurs_with,person_garrick,4.0
person_draug,cooccurs_with,person_grace,6.0
person_draug,cooccurs_with,person_liacyne,4.0
person_draug,cooccurs_with,person_liavarah,2.0
person_draug,cooccurs_with,person_nala,6.0
person_draug,cooccurs_with,person_poppy,2.0
person_draug,cooccurs_with,person_rhona,4.0
person_draug,cooccurs_with,person_saphira,2.0
person_draug,cooccurs_with,person_soren,2.0
person_draug,cooccurs_with,person_tawyn,6.0
person_draug,cooccurs_with,person_unala,4.0
person_draug,cooccurs_with,place_cameth,2.0
person_draug,cooccurs_with,place_dereham,2.0
person_draug,cooccurs_with,place_trollhills,2.0
person_draug,cooccurs_with,player_bysickle,2.0
person_draug,cooccurs_with,player_crowe,2.0
person_draug,cooccurs_with,player_kalina,2.0
person_drib,cooccurs_with,person_eardwulf,2.0
person_drib,cooccurs_with,person_eghad,14.0
person_drib,cooccurs_with,person_elaris,2.0
person_drib,cooccurs_with,person_elias,2.0
person_drib,cooccurs_with,person_faeryne,38.0
person_drib,cooccurs_with,person_fritz,4.0
person_drib,cooccurs_with,person_fulbert,10.0
person_drib,cooccurs_with,person_garrick,4.0
person_drib,cooccurs_with,person_hammer,6.0
person_drib,cooccurs_with,person_henry,38.0
person_drib,cooccurs_with,person_holly,2.0
person_drib,cooccurs_with,person_idolus,10.0
person_drib,cooccurs_with,person_jane,8.0
person_drib,cooccurs_with,person_jemmy,2.0
person_drib,cooccurs_with,person_kaitlyn,2.0
person_drib,cooccurs_with,person_katy,4.0
person_drib,cooccurs_with,person_kavar,2.0
person_drib,cooccurs_with,person_liacyne,14.0
person_drib,cooccurs_with,person_liavarah,8.0
person_drib,cooccurs_with,person_light,8.0
person_drib,cooccurs_with,person_luminia,6.0
person_drib,cooccurs_with,person_macfeegle,2.0
person_drib,cooccurs_with,person_melba,2.0
person_drib,cooccurs_with,person_mercy,8.0
person_drib,cooccurs_with,person_moon,2.0
person_drib,cooccurs_with,person_mowser,2.0
person_drib,cooccurs_with,person_poppy,2.0
person_drib,cooccurs_with,person_sala,8.0
person_drib,cooccurs_with,person_saphira,4.0
person_drib,cooccurs_with,person_shargaas,2.0
person_drib,cooccurs_with,person_shworn,2.0
person_drib,cooccurs_with,person_soren,4.0
person_drib,cooccurs_with,person_spike,4.0
person_drib,cooccurs_with,person_tanzo,18.0
person_drib,cooccurs_with,person_terry,2.0
person_drib,cooccurs_with,person_tiber,2.0
person_drib,cooccurs_with,person_touya,2.0
person_drib,cooccurs_with,person_unala,38.0
person_drib,cooccurs_with,person_urgulk,10.0
person_drib,cooccurs_with,person_victor,6.0
person_drib,cooccurs_with,person_warhammer,2.0
person_drib,cooccurs_with,place_blackburn,6.0
person_drib,cooccurs_with,place_brightfields,2.0
person_drib,cooccurs_with,place_cliffborough,2.0
person_drib,cooccurs_with,place_crafthold,26.0
person_drib,cooccurs_with,place_dhassa,2.0
person_drib,cooccurs_with,place_druwen,2.0
person_drib,cooccurs_with,place_guldrur,2.0
person_drib,cooccurs_with,place_jotunheim,2.0
person_drib,cooccurs_with,place_rarmal,2.0
person_drib,cooccurs_with,place_stonehome,4.0
person_eardwulf,cooccurs_with,person_faeryne,4.0
person_eardwulf,cooccurs_with,person_henry,4.0
person_eardwulf,cooccurs_with,person_light,2.0
person_eardwulf,cooccurs_with,person_luminia,2.0
person_eardwulf,cooccurs_with,person_melba,8.0
person_eardwulf,cooccurs_with,person_newberry,2.0
person_eardwulf,cooccurs_with,person_shworn,2.0
person_eardwulf,cooccurs_with,person_soren,2.0
person_eardwulf,cooccurs_with,person_terry,2.0
person_eardwulf,cooccurs_with,person_tiber,2.0
person_eardwulf,cooccurs_with,person_unala,4.0
person_eardwulf,cooccurs_with,place_blackburn,2.0
person_eardwulf,cooccurs_with,place_brightfields,2.0
person_eardwulf,cooccurs_with,place_crafthold,2.0
person_eardwulf,cooccurs_with,place_dhassa,2.0
person_eardwulf,cooccurs_with,place_guldrur,2.0
person_eardwulf,cooccurs_with,place_rarmal,2.0
person_eardwulf,cooccurs_with,place_stonehome,2.0
person_edda,cooccurs_with,person_faeryne,8.0
person_edda,cooccurs_with,person_garrick,4.0
person_edda,cooccurs_with,person_grace,4.0
person_edda,cooccurs_with,person_hadar,2.0
person_edda,cooccurs_with,person_henry,12.0
person_edda,cooccurs_with,person_jane,2.0
person_edda,cooccurs_with,person_kavar,4.0
person_edda,cooccurs_with,person_liacyne,6.0
person_edda,cooccurs_with,person_liavarah,6.0
person_edda,cooccurs_with,person_light,2.0
person_edda,cooccurs_with,person_luminia,6.0
person_edda,cooccurs_with,person_macfeegle,2.0
person_edda,cooccurs_with,person_mercy,8.0
person_edda,cooccurs_with,person_newberry,4.0
person_edda,cooccurs_with,person_poppy,4.0
person_edda,cooccurs_with,person_sala,4.0
person_edda,cooccurs_with,person_saphira,6.0
person_edda,cooccurs_with,person_tanzo,8.0
person_edda,cooccurs_with,person_unala,8.0
person_edda,cooccurs_with,person_urgulk,2.0
person_edda,cooccurs_with,person_victor,10.0
person_edda,cooccurs_with,person_warhammer,2.0
person_edda,cooccurs_with,place_blackburn,2.0
person_edda,cooccurs_with,place_brechin,2.0
person_edda,cooccurs_with,place_brightfields,2.0
person_edda,cooccurs_with,place_crafthold,10.0
person_edda,cooccurs_with,place_dhassa,2.0
person_edda,cooccurs_with,place_elysia,2.0
person_edda,cooccurs_with,place_guldrur,6.0
person_edda,cooccurs_with,place_rarmal,8.0
person_edda,cooccurs_with,place_stonehome,2.0
person_edda,cooccurs_with,player_bysickle,4.0
person_edda,cooccurs_with,player_crowe,4.0
person_edda,cooccurs_with,player_kalina,2.0
person_edda,cooccurs_with,player_venric,4.0
person_eghad,cooccurs_with,person_elaris,2.0
person_eghad,cooccurs_with,person_faeryne,14.0
person_eghad,cooccurs_with,person_fritz,4.0
person_eghad,cooccurs_with,person_fulbert,6.0
person_eghad,cooccurs_with,person_garrick,2.0
person_eghad,cooccurs_with,person_hadar,2.0
person_eghad,cooccurs_with,person_hammer,8.0
person_eghad,cooccurs_with,person_henry,18.0
person_eghad,cooccurs_with,person_holly,2.0
person_eghad,cooccurs_with,person_idolus,4.0
person_eghad,cooccurs_with,person_jane,6.0
person_eghad,cooccurs_with,person_jemmy,2.0
person_eghad,cooccurs_with,person_kaitlyn,2.0
person_eghad,cooccurs_with,person_katy,2.0
person_eghad,cooccurs_with,person_liacyne,6.0
person_eghad,cooccurs_with,person_liavarah,8.0
person_eghad,cooccurs_with,person_light,8.0
person_eghad,cooccurs_with,person_luminia,6.0
person_eghad,cooccurs_with,person_mercy,12.0
person_eghad,cooccurs_with,person_mowser,2.0
person_eghad,cooccurs_with,person_poppy,4.0
person_eghad,cooccurs_with,person_sala,4.0
person_eghad,cooccurs_with,person_saphira,4.0
person_eghad,cooccurs_with,person_soren,2.0
person_eghad,cooccurs_with,person_spike,2.0
person_eghad,cooccurs_with,person_tanzo,10.0
person_eghad,cooccurs_with,person_unala,16.0
person_eghad,cooccurs_with,person_urgulk,2.0
person_eghad,cooccurs_with,person_victor,2.0
person_eghad,cooccurs_with,place_blackburn,10.0
person_eghad,cooccurs_with,place_blackwood,4.0
person_eghad,cooccurs_with,place_brechin,4.0
person_eghad,cooccurs_with,place_brightfields,6.0
person_eghad,cooccurs_with,place_cameth,4.0
person_eghad,cooccurs_with,place_cliffborough,2.0
person_eghad,cooccurs_with,place_crafthold,20.0
person_eghad,cooccurs_with,place_dereham,4.0
person_eghad,cooccurs_with,place_dhassa,4.0
person_eghad,cooccurs_with,place_druwen,4.0
person_eghad,cooccurs_with,place_elulind,4.0
person_eghad,cooccurs_with,place_elysia,4.0
person_eghad,cooccurs_with,place_guldrur,4.0
person_eghad,cooccurs_with,place_jotunheim,4.0
person_eghad,cooccurs_with,place_killeth,4.0
person_eghad,cooccurs_with,place_monadh_mor,4.0
person_eghad,cooccurs_with,place_northbend,4.0
person_eghad,cooccurs_with,place_rarmal,4.0
person_eghad,cooccurs_with,place_stonehome,6.0
person_eghad,cooccurs_with,place_thurway,4.0
person_eghad,cooccurs_with,place_tolan,4.0
person_eghad,cooccurs_with,place_torenth,4.0
person_eghad,cooccurs_with,place_trollhills,4.0
person_eghad,cooccurs_with,place_wolfstream,4.0
person_eghad,cooccurs_with,player_bysickle,4.0
person_eghad,cooccurs_with,player_charis,2.0
person_eghad,cooccurs_with,player_crowe,8.0
person_eghad,cooccurs_with,player_kalina,8.0
person_eghad,cooccurs_with,player_venric,2.0
person_eira,cooccurs_with,person_haldane,2.0
person_eira,cooccurs_with,person_henry,4.0
person_eira,cooccurs_with,person_loris,2.0
person_eira,cooccurs_with,person_shworn,4.0
person_eira,cooccurs_with,person_torchholder,2.0
person_eira,cooccurs_with,place_dhassa,2.0
person_eira,cooccurs_with,place_elulind,2.0
person_elaris,cooccurs_with,person_elias,2.0
person_elaris,cooccurs_with,person_faeryne,36.0
person_elaris,cooccurs_with,person_fritz,2.0
person_elaris,cooccurs_with,person_fulbert,2.0
person_elaris,cooccurs_with,person_garrick,2.0
person_elaris,cooccurs_with,person_hadar,6.0
person_elaris,cooccurs_with,person_hammer,4.0
person_elaris,cooccurs_with,person_henry,4.0
person_elaris,cooccurs_with,person_holly,46.0
person_elaris,cooccurs_with,person_idolus,2.0
person_elaris,cooccurs_with,person_jane,4.0
person_elaris,cooccurs_with,person_jemmy,2.0
person_elaris,cooccurs_with,person_kaitlyn,2.0
person_elaris,cooccurs_with,person_katy,46.0
person_elaris,cooccurs_with,person_kluta,6.0
person_elaris,cooccurs_with,person_liacyne,6.0
person_elaris,cooccurs_with,person_liavarah,24.0
person_elaris,cooccurs_with,person_light,6.0
person_elaris,cooccurs_with,person_luminia,22.0
person_elaris,cooccurs_with,person_mercy,2.0
person_elaris,cooccurs_with,person_mowser,16.0
person_elaris,cooccurs_with,person_poppy,14.0
person_elaris,cooccurs_with,person_sala,8.0
person_elaris,cooccurs_with,person_saphira,26.0
person_elaris,cooccurs_with,person_soren,4.0
person_elaris,cooccurs_with,person_spike,4.0
person_elaris,cooccurs_with,person_tanzo,8.0
person_elaris,cooccurs_with,person_terry,22.0
person_elaris,cooccurs_with,person_unala,26.0
person_elaris,cooccurs_with,person_urgulk,2.0
person_elaris,cooccurs_with,person_victor,8.0
person_elaris,cooccurs_with,person_zedna,6.0
person_elaris,cooccurs_with,place_brightfields,4.0
person_elaris,cooccurs_with,place_crafthold,12.0
person_elaris,cooccurs_with,place_guldrur,2.0
person_elaris,cooccurs_with,player_crowe,28.0
person_elaris,cooccurs_with,player_kalina,32.0
person_elaris,cooccurs_with,player_thon,2.0
person_elaris,cooccurs_with,player_venric,10.0
person_elias,cooccurs_with,person_faeryne,12.0
person_elias,cooccurs_with,person_fulbert,2.0
person_elias,cooccurs_with,person_garrick,2.0
person_elias,cooccurs_with,person_henry,8.0
person_elias,cooccurs_with,person_holly,2.0
person_elias,cooccurs_with,person_idolus,2.0
person_elias,cooccurs_with,person_jane,2.0
person_elias,cooccurs_with,person_jemmy,2.0
person_elias,cooccurs_with,person_katy,2.0
person_elias,cooccurs_with,person_kavar,4.0
person_elias,cooccurs_with,person_liacyne,4.0
person_elias,cooccurs_with,person_liavarah,4.0
person_elias,cooccurs_with,person_luminia,8.0
person_elias,cooccurs_with,person_macfeegle,2.0
person_elias,cooccurs_with,person_mercy,4.0
person_elias,cooccurs_with,person_moon,2.0
person_elias,cooccurs_with,person_mowser,2.0
person_elias,cooccurs_with,person_newberry,2.0
person_elias,cooccurs_with,person_sala,2.0
person_elias,cooccurs_with,person_saphira,4.0
person_elias,cooccurs_with,person_shworn,4.0
person_elias,cooccurs_with,person_tanzo,6.0
person_elias,cooccurs_with,person_terry,4.0
person_elias,cooccurs_with,person_tiber,2.0
person_elias,cooccurs_with,person_touya,4.0
person_elias,cooccurs_with,person_unala,4.0
person_elias,cooccurs_with,person_urgulk,2.0
person_elias,cooccurs_with,person_victor,4.0
person_elias,cooccurs_with,place_blackburn,2.0
person_elias,cooccurs_with,place_brightfields,2.0
person_elias,cooccurs_with,place_crafthold,8.0
person_elias,cooccurs_with,place_dhassa,4.0
person_elias,cooccurs_with,place_druwen,2.0
person_elias,cooccurs_with,place_elysia,2.0
person_elias,cooccurs_with,place_guldrur,2.0
person_elias,cooccurs_with,place_jotunheim,2.0
person_elias,cooccurs_with,place_rarmal,2.0
person_elias,cooccurs_with,place_stonehome,2.0
person_elias,cooccurs_with,place_torenth,2.0
person_elias,cooccurs_with,player_bysickle,2.0
person_elias,cooccurs_with,player_crowe,4.0
person_elias,cooccurs_with,player_kalina,4.0
person_elias,cooccurs_with,player_venric,2.0
person_emily,cooccurs_with,person_evaine,4.0
person_emily,cooccurs_with,person_faeryne,8.0
person_emily,cooccurs_with,person_gina,2.0
person_emily,cooccurs_with,person_henry,6.0
person_emily,cooccurs_with,person_joram,2.0
person_emily,cooccurs_with,person_kavar,2.0
person_emily,cooccurs_with,person_luminia,4.0
person_emily,cooccurs_with,person_makhala,6.0
person_emily,cooccurs_with,person_piers,26.0
person_emily,cooccurs_with,person_rhys,6.0
person_emily,cooccurs_with,person_ricardo,2.0
person_emily,cooccurs_with,person_ronric,2.0
person_emily,cooccurs_with,person_shworn,8.0
person_emily,cooccurs_with,person_terry,6.0
person_emily,cooccurs_with,person_urgulk,4.0
person_emily,cooccurs_with,person_victor,24.0
person_emily,cooccurs_with,person_vyssa,2.0
person_emily,cooccurs_with,place_elysia,2.0
person_emily,cooccurs_with,player_bysickle,2.0
person_emily,cooccurs_with,player_charis,2.0
person_evaine,cooccurs_with,person_faeryne,20.0
person_evaine,cooccurs_with,person_gina,6.0
person_evaine,cooccurs_with,person_henry,20.0
person_evaine,cooccurs_with,person_joram,30.0
person_evaine,cooccurs_with,person_kavar,2.0
person_evaine,cooccurs_with,person_light,6.0
person_evaine,cooccurs_with,person_luminia,12.0
person_evaine,cooccurs_with,person_makhala,16.0
person_evaine,cooccurs_with,person_piers,18.0
person_evaine,cooccurs_with,person_rhys,42.0
person_evaine,cooccurs_with,person_ricardo,22.0
person_evaine,cooccurs_with,person_ronric,6.0
person_evaine,cooccurs_with,person_shworn,2.0
person_evaine,cooccurs_with,person_terry,18.0
person_evaine,cooccurs_with,person_todd,2.0
person_evaine,cooccurs_with,person_urgulk,12.0
person_evaine,cooccurs_with,person_victor,54.0
person_evaine,cooccurs_with,person_vyssa,8.0
person_evaine,cooccurs_with,place_dhassa,2.0
person_evaine,cooccurs_with,place_elulind,2.0
person_evaine,cooccurs_with,place_elysia,6.0
person_evaine,cooccurs_with,place_killeth,2.0
person_evaine,cooccurs_with,place_tolan,2.0
person_evaine,cooccurs_with,player_bysickle,2.0
person_evaine,cooccurs_with,player_charis,2.0
person_evaine,cooccurs_with,player_crowe,6.0
person_evaine,cooccurs_with,player_kalina,4.0
person_faeryne,cooccurs_with,person_fenrir,6.0
person_faeryne,cooccurs_with,person_fritz,10.0
person_faeryne,cooccurs_with,person_fulbert,34.0
person_faeryne,cooccurs_with,person_garrick,24.0
person_faeryne,cooccurs_with,person_gina,6.0
person_faeryne,cooccurs_with,person_grace,10.0
person_faeryne,cooccurs_with,person_hadar,28.0
person_faeryne,cooccurs_with,person_hammer,12.0
person_faeryne,cooccurs_with,person_henry,284.0
person_faeryne,cooccurs_with,person_holly,48.0
person_faeryne,cooccurs_with,person_idolus,14.0
person_faeryne,cooccurs_with,person_jane,78.0
person_faeryne,cooccurs_with,person_jemmy,42.0
person_faeryne,cooccurs_with,person_joram,22.0
person_faeryne,cooccurs_with,person_kaedra,6.0
person_faeryne,cooccurs_with,person_kaitlyn,8.0
person_faeryne,cooccurs_with,person_katy,46.0
person_faeryne,cooccurs_with,person_kavar,18.0
person_faeryne,cooccurs_with,person_kir,8.0
person_faeryne,cooccurs_with,person_kluta,10.0
person_faeryne,cooccurs_with,person_liacyne,48.0
person_faeryne,cooccurs_with,person_liavarah,88.0
person_faeryne,cooccurs_with,person_light,60.0
person_faeryne,cooccurs_with,person_loris,4.0
person_faeryne,cooccurs_with,person_luminia,224.0
person_faeryne,cooccurs_with,person_macfeegle,10.0
person_faeryne,cooccurs_with,person_makhala,10.0
person_faeryne,cooccurs_with,person_melba,6.0
person_faeryne,cooccurs_with,person_mercy,68.0
person_faeryne,cooccurs_with,person_moon,10.0
person_faeryne,cooccurs_with,person_mowser,20.0
person_faeryne,cooccurs_with,person_nala,2.0
person_faeryne,cooccurs_with,person_newberry,20.0
person_faeryne,cooccurs_with,person_norris,2.0
person_faeryne,cooccurs_with,person_piers,36.0
person_faeryne,cooccurs_with,person_poppy,38.0
person_faeryne,cooccurs_with,person_rhona,4.0
person_faeryne,cooccurs_with,person_rhys,28.0
person_faeryne,cooccurs_with,person_ricardo,20.0
person_faeryne,cooccurs_with,person_ronric,10.0
person_faeryne,cooccurs_with,person_sala,46.0
person_faeryne,cooccurs_with,person_saphira,54.0
person_faeryne,cooccurs_with,person_shargaas,16.0
person_faeryne,cooccurs_with,person_shworn,44.0
person_faeryne,cooccurs_with,person_soren,22.0
person_faeryne,cooccurs_with,person_spike,22.0
person_faeryne,cooccurs_with,person_tanzo,90.0
person_faeryne,cooccurs_with,person_tawyn,2.0
person_faeryne,cooccurs_with,person_terry,112.0
person_faeryne,cooccurs_with,person_tiber,8.0
person_faeryne,cooccurs_with,person_todd,4.0
person_faeryne,cooccurs_with,person_touya,8.0
person_faeryne,cooccurs_with,person_unala,118.0
person_faeryne,cooccurs_with,person_urgulk,60.0
person_faeryne,cooccurs_with,person_victor,198.0
person_faeryne,cooccurs_with,person_vyssa,10.0
person_faeryne,cooccurs_with,person_warhammer,8.0
person_faeryne,cooccurs_with,person_zedna,10.0
person_faeryne,cooccurs_with,place_blackburn,36.0
person_faeryne,cooccurs_with,place_blackwood,2.0
person_faeryne,cooccurs_with,place_brechin,2.0
person_faeryne,cooccurs_with,place_brightfields,52.0
person_faeryne,cooccurs_with,place_cliffborough,6.0
person_faeryne,cooccurs_with,place_crafthold,160.0
person_faeryne,cooccurs_with,place_dereham,4.0
person_faeryne,cooccurs_with,place_dhassa,42.0
person_faeryne,cooccurs_with,place_druwen,10.0
person_faeryne,cooccurs_with,place_elulind,4.0
person_faeryne,cooccurs_with,place_elysia,18.0
person_faeryne,cooccurs_with,place_guldrur,20.0
person_faeryne,cooccurs_with,place_jotunheim,2.0
person_faeryne,cooccurs_with,place_killeth,12.0
person_faeryne,cooccurs_with,place_northbend,6.0
person_faeryne,cooccurs_with,place_rarmal,18.0
person_faeryne,cooccurs_with,place_stonehome,16.0
person_faeryne,cooccurs_with,place_thurway,14.0
person_faeryne,cooccurs_with,place_torenth,6.0
person_faeryne,cooccurs_with,place_trollhills,16.0
person_faeryne,cooccurs_with,place_wolfstream,12.0
person_faeryne,cooccurs_with,player_bysickle,58.0
person_faeryne,cooccurs_with,player_charis,8.0
person_faeryne,cooccurs_with,player_crowe,92.0
person_faeryne,cooccurs_with,player_kalina,110.0
person_faeryne,cooccurs_with,player_phil,2.0
person_faeryne,cooccurs_with,player_spartan,6.0
person_faeryne,cooccurs_with,player_thon,2.0
person_faeryne,cooccurs_with,player_venric,46.0
person_faeryne,cooccurs_with,ref_kwalish,4.0
person_fenrir,cooccurs_with,person_henry,10.0
person_fenrir,cooccurs_with,person_kavar,6.0
person_fenrir,cooccurs_with,person_loris,2.0
person_fenrir,cooccurs_with,person_luminia,4.0
person_fenrir,cooccurs_with,person_shworn,10.0
person_fenrir,cooccurs_with,person_terry,6.0
person_fenrir,cooccurs_with,person_victor,6.0
person_fenrir,cooccurs_with,place_crafthold,2.0
person_fenrir,cooccurs_with,place_dhassa,4.0
person_fenrir,cooccurs_with,place_elysia,2.0
person_fenrir,cooccurs_with,place_killeth,2.0
person_fenrir,cooccurs_with,place_torenth,2.0
person_fenrir,cooccurs_with,player_bysickle,2.0
person_fenrir,cooccurs_with,player_charis,2.0
person_fenrir,cooccurs_with,player_venric,2.0
person_fritz,cooccurs_with,person_fulbert,4.0
person_fritz,cooccurs_with,person_garrick,2.0
person_fritz,cooccurs_with,person_hammer,2.0
person_fritz,cooccurs_with,person_henry,10.0
person_fritz,cooccurs_with,person_holly,2.0
person_fritz,cooccurs_with,person_idolus,4.0
person_fritz,cooccurs_with,person_jane,10.0
person_fritz,cooccurs_with,person_jemmy,6.0
person_fritz,cooccurs_with,person_kaitlyn,2.0
person_fritz,cooccurs_with,person_katy,2.0
person_fritz,cooccurs_with,person_liacyne,6.0
person_fritz,cooccurs_with,person_liavarah,6.0
person_fritz,cooccurs_with,person_light,2.0
person_fritz,cooccurs_with,person_luminia,6.0
person_fritz,cooccurs_with,person_mercy,8.0
person_fritz,cooccurs_with,person_mowser,2.0
person_fritz,cooccurs_with,person_poppy,2.0
person_fritz,cooccurs_with,person_sala,4.0
person_fritz,cooccurs_with,person_saphira,4.0
person_fritz,cooccurs_with,person_soren,2.0
person_fritz,cooccurs_with,person_spike,2.0
person_fritz,cooccurs_with,person_tanzo,10.0
person_fritz,cooccurs_with,person_unala,6.0
person_fritz,cooccurs_with,person_urgulk,4.0
person_fritz,cooccurs_with,person_victor,2.0
person_fritz,cooccurs_with,person_warhammer,2.0
person_fritz,cooccurs_with,place_blackburn,4.0
person_fritz,cooccurs_with,place_brightfields,4.0
person_fritz,cooccurs_with,place_cliffborough,2.0
person_fritz,cooccurs_with,place_crafthold,10.0
person_fritz,cooccurs_with,place_stonehome,2.0
person_fritz,cooccurs_with,place_wolfstream,2.0
person_fritz,cooccurs_with,player_bysickle,2.0
person_fritz,cooccurs_with,player_crowe,2.0
person_fritz,cooccurs_with,player_kalina,2.0
person_fulbert,cooccurs_with,person_garrick,6.0
person_fulbert,cooccurs_with,person_grace,2.0
person_fulbert,cooccurs_with,person_hadar,4.0
person_fulbert,cooccurs_with,person_hammer,2.0
person_fulbert,cooccurs_with,person_henry,30.0
person_fulbert,cooccurs_with,person_holly,2.0
person_fulbert,cooccurs_with,person_idolus,16.0
person_fulbert,cooccurs_with,person_jane,18.0
person_fulbert,cooccurs_with,person_jemmy,2.0
person_fulbert,cooccurs_with,person_kaitlyn,6.0
person_fulbert,cooccurs_with,person_katy,4.0
person_fulbert,cooccurs_with,person_kavar,6.0
person_fulbert,cooccurs_with,person_kir,2.0
person_fulbert,cooccurs_with,person_liacyne,22.0
person_fulbert,cooccurs_with,person_liavarah,24.0
person_fulbert,cooccurs_with,person_light,4.0
person_fulbert,cooccurs_with,person_luminia,16.0
person_fulbert,cooccurs_with,person_macfeegle,2.0
person_fulbert,cooccurs_with,person_mercy,28.0
person_fulbert,cooccurs_with,person_moon,4.0
person_fulbert,cooccurs_with,person_mowser,2.0
person_fulbert,cooccurs_with,person_nala,2.0
person_fulbert,cooccurs_with,person_newberry,6.0
person_fulbert,cooccurs_with,person_norris,2.0
person_fulbert,cooccurs_with,person_poppy,12.0
person_fulbert,cooccurs_with,person_rhona,2.0
person_fulbert,cooccurs_with,person_sala,20.0
person_fulbert,cooccurs_with,person_saphira,10.0
person_fulbert,cooccurs_with,person_shworn,2.0
person_fulbert,cooccurs_with,person_soren,10.0
person_fulbert,cooccurs_with,person_spike,2.0
person_fulbert,cooccurs_with,person_tanzo,16.0
person_fulbert,cooccurs_with,person_terry,2.0
person_fulbert,cooccurs_with,person_tiber,6.0
person_fulbert,cooccurs_with,person_touya,4.0
person_fulbert,cooccurs_with,person_unala,22.0
person_fulbert,cooccurs_with,person_urgulk,18.0
person_fulbert,cooccurs_with,person_victor,8.0
person_fulbert,cooccurs_with,place_blackburn,10.0
person_fulbert,cooccurs_with,place_brightfields,2.0
person_fulbert,cooccurs_with,place_crafthold,30.0
person_fulbert,cooccurs_with,place_dhassa,6.0
person_fulbert,cooccurs_with,place_elysia,2.0
person_fulbert,cooccurs_with,place_guldrur,4.0
person_fulbert,cooccurs_with,place_jotunheim,2.0
person_fulbert,cooccurs_with,place_northbend,2.0
person_fulbert,cooccurs_with,place_stonehome,2.0
person_fulbert,cooccurs_with,place_thurway,2.0
person_fulbert,cooccurs_with,place_trollhills,2.0
person_fulbert,cooccurs_with,player_bysickle,10.0
person_fulbert,cooccurs_with,player_crowe,8.0
person_fulbert,cooccurs_with,player_kalina,10.0
person_fulbert,cooccurs_with,player_spartan,2.0
person_fulbert,cooccurs_with,player_venric,8.0
person_fulbert,cooccurs_with,ref_kwalish,2.0
person_garrick,cooccurs_with,person_grace,12.0
person_garrick,cooccurs_with,person_hadar,6.0
person_garrick,cooccurs_with,person_hammer,2.0
person_garrick,cooccurs_with,person_henry,18.0
person_garrick,cooccurs_with,person_holly,2.0
person_garrick,cooccurs_with,person_idolus,4.0
person_garrick,cooccurs_with,person_jane,6.0
person_garrick,cooccurs_with,person_jemmy,2.0
person_garrick,cooccurs_with,person_kaitlyn,2.0
person_garrick,cooccurs_with,person_katy,4.0
person_garrick,cooccurs_with,person_kavar,4.0
person_garrick,cooccurs_with,person_kir,2.0
person_garrick,cooccurs_with,person_liacyne,22.0
person_garrick,cooccurs_with,person_liavarah,16.0
person_garrick,cooccurs_with,person_light,4.0
person_garrick,cooccurs_with,person_luminia,8.0
person_garrick,cooccurs_with,person_macfeegle,8.0
person_garrick,cooccurs_with,person_mercy,14.0
person_garrick,cooccurs_with,person_moon,2.0
person_garrick,cooccurs_with,person_mowser,2.0
person_garrick,cooccurs_with,person_nala,6.0
person_garrick,cooccurs_with,person_newberry,6.0
person_garrick,cooccurs_with,person_poppy,14.0
person_garrick,cooccurs_with,person_rhona,2.0
person_garrick,cooccurs_with,person_sala,12.0
person_garrick,cooccurs_with,person_saphira,14.0
person_garrick,cooccurs_with,person_shworn,2.0
person_garrick,cooccurs_with,person_soren,2.0
person_garrick,cooccurs_with,person_spike,2.0
person_garrick,cooccurs_with,person_tanzo,10.0
person_garrick,cooccurs_with,person_tawyn,4.0
person_garrick,cooccurs_with,person_terry,2.0
person_garrick,cooccurs_with,person_tiber,4.0
person_garrick,cooccurs_with,person_touya,2.0
person_garrick,cooccurs_with,person_unala,32.0
person_garrick,cooccurs_with,person_urgulk,8.0
person_garrick,cooccurs_with,person_victor,20.0
person_garrick,cooccurs_with,person_warhammer,2.0
person_garrick,cooccurs_with,place_blackburn,6.0
person_garrick,cooccurs_with,place_brightfields,4.0
person_garrick,cooccurs_with,place_cameth,6.0
person_garrick,cooccurs_with,place_crafthold,22.0
person_garrick,cooccurs_with,place_dhassa,2.0
person_garrick,cooccurs_with,place_guldrur,6.0
person_garrick,cooccurs_with,place_jotunheim,2.0
person_garrick,cooccurs_with,place_rarmal,6.0
person_garrick,cooccurs_with,place_stonehome,2.0
person_garrick,cooccurs_with,place_trollhills,10.0
person_garrick,cooccurs_with,place_wolfstream,4.0
person_garrick,cooccurs_with,player_bysickle,6.0
person_garrick,cooccurs_with,player_crowe,6.0
person_garrick,cooccurs_with,player_kalina,4.0
person_garrick,cooccurs_with,player_venric,6.0
person_gina,cooccurs_with,person_henry,16.0
person_gina,cooccurs_with,person_joram,6.0
person_gina,cooccurs_with,person_kaedra,2.0
person_gina,cooccurs_with,person_kavar,2.0
person_gina,cooccurs_with,person_liavarah,2.0
person_gina,cooccurs_with,person_light,2.0
person_gina,cooccurs_with,person_luminia,2.0
person_gina,cooccurs_with,person_makhala,4.0
person_gina,cooccurs_with,person_mercy,2.0
person_gina,cooccurs_with,person_moon,2.0
person_gina,cooccurs_with,person_piers,10.0
person_gina,cooccurs_with,person_rhys,4.0
person_gina,cooccurs_with,person_ricardo,4.0
person_gina,cooccurs_with,person_ronric,28.0
person_gina,cooccurs_with,person_shworn,2.0
person_gina,cooccurs_with,person_terry,4.0
person_gina,cooccurs_with,person_todd,8.0
person_gina,cooccurs_with,person_urgulk,2.0
person_gina,cooccurs_with,person_victor,52.0
person_gina,cooccurs_with,person_vyssa,18.0
person_gina,cooccurs_with,place_crafthold,8.0
person_gina,cooccurs_with,place_elysia,16.0
person_gina,cooccurs_with,player_bysickle,6.0
person_grace,cooccurs_with,person_hadar,2.0
person_grace,cooccurs_with,person_henry,8.0
person_grace,cooccurs_with,person_jane,4.0
person_grace,cooccurs_with,person_kavar,2.0
person_grace,cooccurs_with,person_kir,2.0
person_grace,cooccurs_with,person_liacyne,6.0
person_grace,cooccurs_with,person_liavarah,2.0
person_grace,cooccurs_with,person_luminia,8.0
person_grace,cooccurs_with,person_macfeegle,2.0
person_grace,cooccurs_with,person_mercy,6.0
person_grace,cooccurs_with,person_nala,6.0
person_grace,cooccurs_with,person_newberry,4.0
person_grace,cooccurs_with,person_poppy,2.0
person_grace,cooccurs_with,person_rhona,4.0
person_grace,cooccurs_with,person_saphira,6.0
person_grace,cooccurs_with,person_tanzo,4.0
person_grace,cooccurs_with,person_tawyn,6.0
person_grace,cooccurs_with,person_touya,2.0
person_grace,cooccurs_with,person_unala,12.0
person_grace,cooccurs_with,person_urgulk,2.0
person_grace,cooccurs_with,person_victor,10.0
person_grace,cooccurs_with,person_warhammer,2.0
person_grace,cooccurs_with,place_blackburn,4.0
person_grace,cooccurs_with,place_brightfields,4.0
person_grace,cooccurs_with,place_cameth,4.0
person_grace,cooccurs_with,place_crafthold,10.0
person_grace,cooccurs_with,place_dereham,2.0
person_grace,cooccurs_with,place_guldrur,2.0
person_grace,cooccurs_with,place_rarmal,4.0
person_grace,cooccurs_with,place_thurway,2.0
person_grace,cooccurs_with,place_trollhills,4.0
person_grace,cooccurs_with,player_bysickle,6.0
person_grace,cooccurs_with,player_crowe,4.0
person_grace,cooccurs_with,player_kalina,2.0
person_grace,cooccurs_with,player_venric,2.0
person_hadar,cooccurs_with,person_hammer,2.0
person_hadar,cooccurs_with,person_henry,20.0
person_hadar,cooccurs_with,person_holly,6.0
person_hadar,cooccurs_with,person_kaitlyn,4.0
person_hadar,cooccurs_with,person_katy,8.0
person_hadar,cooccurs_with,person_kavar,4.0
person_hadar,cooccurs_with,person_kluta,2.0
person_hadar,cooccurs_with,person_liacyne,4.0
person_hadar,cooccurs_with,person_liavarah,30.0
person_hadar,cooccurs_with,person_light,4.0
person_hadar,cooccurs_with,person_luminia,20.0
person_hadar,cooccurs_with,person_macfeegle,2.0
person_hadar,cooccurs_with,person_mercy,10.0
person_hadar,cooccurs_with,person_mowser,2.0
person_hadar,cooccurs_with,person_newberry,2.0
person_hadar,cooccurs_with,person_poppy,8.0
person_hadar,cooccurs_with,person_sala,6.0
person_hadar,cooccurs_with,person_saphira,8.0
person_hadar,cooccurs_with,person_soren,4.0
person_hadar,cooccurs_with,person_tanzo,6.0
person_hadar,cooccurs_with,person_terry,8.0
person_hadar,cooccurs_with,person_unala,14.0
person_hadar,cooccurs_with,person_urgulk,12.0
person_hadar,cooccurs_with,person_victor,8.0
person_hadar,cooccurs_with,person_zedna,2.0
person_hadar,cooccurs_with,place_blackburn,6.0
person_hadar,cooccurs_with,place_brightfields,4.0
person_hadar,cooccurs_with,place_crafthold,10.0
person_hadar,cooccurs_with,place_dhassa,4.0
person_hadar,cooccurs_with,place_guldrur,2.0
person_hadar,cooccurs_with,place_rarmal,2.0
person_hadar,cooccurs_with,place_trollhills,4.0
person_hadar,cooccurs_with,player_crowe,8.0
person_hadar,cooccurs_with,player_kalina,8.0
person_haldane,cooccurs_with,person_henry,2.0
person_haldane,cooccurs_with,person_loris,2.0
person_haldane,cooccurs_with,person_shworn,2.0
person_haldane,cooccurs_with,person_torchholder,2.0
person_haldane,cooccurs_with,place_dhassa,2.0
person_haldane,cooccurs_with,place_elulind,2.0
person_hammer,cooccurs_with,person_henry,10.0
person_hammer,cooccurs_with,person_holly,4.0
person_hammer,cooccurs_with,person_idolus,2.0
person_hammer,cooccurs_with,person_jane,8.0
person_hammer,cooccurs_with,person_jemmy,2.0
person_hammer,cooccurs_with,person_kaitlyn,2.0
person_hammer,cooccurs_with,person_katy,4.0
person_hammer,cooccurs_with,person_liacyne,2.0
person_hammer,cooccurs_with,person_liavarah,4.0
person_hammer,cooccurs_with,person_light,12.0
person_hammer,cooccurs_with,person_luminia,6.0
person_hammer,cooccurs_with,person_mercy,8.0
person_hammer,cooccurs_with,person_mowser,2.0
person_hammer,cooccurs_with,person_poppy,6.0
person_hammer,cooccurs_with,person_sala,4.0
person_hammer,cooccurs_with,person_saphira,4.0
person_hammer,cooccurs_with,person_shargaas,2.0
person_hammer,cooccurs_with,person_soren,2.0
person_hammer,cooccurs_with,person_spike,6.0
person_hammer,cooccurs_with,person_tanzo,12.0
person_hammer,cooccurs_with,person_terry,2.0
person_hammer,cooccurs_with,person_unala,6.0
person_hammer,cooccurs_with,person_urgulk,2.0
person_hammer,cooccurs_with,person_victor,2.0
person_hammer,cooccurs_with,person_warhammer,2.0
person_hammer,cooccurs_with,place_blackburn,2.0
person_hammer,cooccurs_with,place_brightfields,4.0
person_hammer,cooccurs_with,place_crafthold,10.0
person_hammer,cooccurs_with,place_stonehome,2.0
person_hammer,cooccurs_with,player_charis,4.0
person_hammer,cooccurs_with,player_crowe,8.0
person_hammer,cooccurs_with,player_kalina,8.0
person_hammer,cooccurs_with,player_venric,2.0
person_henry,cooccurs_with,person_holly,4.0
person_henry,cooccurs_with,person_idolus,10.0
person_henry,cooccurs_with,person_jane,68.0
person_henry,cooccurs_with,person_jemmy,38.0
person_henry,cooccurs_with,person_joram,22.0
person_henry,cooccurs_with,person_kaedra,2.0
person_henry,cooccurs_with,person_kaitlyn,10.0
person_henry,cooccurs_with,person_katy,4.0
person_henry,cooccurs_with,person_kavar,36.0
person_henry,cooccurs_with,person_kir,10.0
person_henry,cooccurs_with,person_liacyne,34.0
person_henry,cooccurs_with,person_liavarah,60.0
person_henry,cooccurs_with,person_light,40.0
person_henry,cooccurs_with,person_loris,8.0
person_henry,cooccurs_with,person_luminia,146.0
person_henry,cooccurs_with,person_macfeegle,8.0
person_henry,cooccurs_with,person_makhala,14.0
person_henry,cooccurs_with,person_melba,4.0
person_henry,cooccurs_with,person_mercy,62.0
person_henry,cooccurs_with,person_moon,8.0
person_henry,cooccurs_with,person_mowser,4.0
person_henry,cooccurs_with,person_nala,2.0
person_henry,cooccurs_with,person_newberry,14.0
person_henry,cooccurs_with,person_norris,2.0
person_henry,cooccurs_with,person_piers,38.0
person_henry,cooccurs_with,person_poppy,22.0
person_henry,cooccurs_with,person_rhys,20.0
person_henry,cooccurs_with,person_ricardo,20.0
person_henry,cooccurs_with,person_ronric,46.0
person_henry,cooccurs_with,person_sala,26.0
person_henry,cooccurs_with,person_saphira,18.0
person_henry,cooccurs_with,person_shargaas,16.0
person_henry,cooccurs_with,person_shworn,78.0
person_henry,cooccurs_with,person_soren,14.0
person_henry,cooccurs_with,person_spike,18.0
person_henry,cooccurs_with,person_tanzo,88.0
person_henry,cooccurs_with,person_terry,58.0
person_henry,cooccurs_with,person_tiber,6.0
person_henry,cooccurs_with,person_todd,12.0
person_henry,cooccurs_with,person_torchholder,2.0
person_henry,cooccurs_with,person_touya,8.0
person_henry,cooccurs_with,person_unala,72.0
person_henry,cooccurs_with,person_urgulk,80.0
person_henry,cooccurs_with,person_victor,260.0
person_henry,cooccurs_with,person_vyssa,30.0
person_henry,cooccurs_with,person_warhammer,8.0
person_henry,cooccurs_with,place_blackburn,34.0
person_henry,cooccurs_with,place_blackwood,4.0
person_henry,cooccurs_with,place_brechin,4.0
person_henry,cooccurs_with,place_brightfields,44.0
person_henry,cooccurs_with,place_cameth,2.0
person_henry,cooccurs_with,place_cliffborough,6.0
person_henry,cooccurs_with,place_crafthold,146.0
person_henry,cooccurs_with,place_dereham,2.0
person_henry,cooccurs_with,place_dhassa,64.0
person_henry,cooccurs_with,place_druwen,12.0
person_henry,cooccurs_with,place_elulind,12.0
person_henry,cooccurs_with,place_elysia,36.0
person_henry,cooccurs_with,place_elysian,4.0
person_henry,cooccurs_with,place_guldrur,20.0
person_henry,cooccurs_with,place_jotunheim,4.0
person_henry,cooccurs_with,place_killeth,16.0
person_henry,cooccurs_with,place_monadh_mor,2.0
person_henry,cooccurs_with,place_northbend,4.0
person_henry,cooccurs_with,place_rarmal,24.0
person_henry,cooccurs_with,place_stonehome,22.0
person_henry,cooccurs_with,place_thurway,18.0
person_henry,cooccurs_with,place_tolan,4.0
person_henry,cooccurs_with,place_torenth,6.0
person_henry,cooccurs_with,place_trollhills,12.0
person_henry,cooccurs_with,place_wolfstream,14.0
person_henry,cooccurs_with,player_bysickle,104.0
person_henry,cooccurs_with,player_charis,18.0
person_henry,cooccurs_with,player_crowe,58.0
person_henry,cooccurs_with,player_kalina,56.0
person_henry,cooccurs_with,player_phil,2.0
person_henry,cooccurs_with,player_venric,28.0
person_henry,cooccurs_with,ref_kwalish,2.0
person_holly,cooccurs_with,person_idolus,2.0
person_holly,cooccurs_with,person_jane,4.0
person_holly,cooccurs_with,person_jemmy,2.0
person_holly,cooccurs_with,person_kaitlyn,2.0
person_holly,cooccurs_with,person_katy,56.0
person_holly,cooccurs_with,person_kluta,10.0
person_holly,cooccurs_with,person_liacyne,10.0
person_holly,cooccurs_with,person_liavarah,34.0
person_holly,cooccurs_with,person_light,14.0
person_holly,cooccurs_with,person_luminia,34.0
person_holly,cooccurs_with,person_mercy,6.0
person_holly,cooccurs_with,person_moon,2.0
person_holly,cooccurs_with,person_mowser,20.0
person_holly,cooccurs_with,person_poppy,20.0
person_holly,cooccurs_with,person_sala,10.0
person_holly,cooccurs_with,person_saphira,28.0
person_holly,cooccurs_with,person_soren,4.0
person_holly,cooccurs_with,person_spike,4.0
person_holly,cooccurs_with,person_tanzo,8.0
person_holly,cooccurs_with,person_tawyn,2.0
person_holly,cooccurs_with,person_terry,26.0
person_holly,cooccurs_with,person_unala,34.0
person_holly,cooccurs_with,person_urgulk,2.0
person_holly,cooccurs_with,person_victor,16.0
person_holly,cooccurs_with,person_zedna,8.0
person_holly,cooccurs_with,place_brightfields,4.0
person_holly,cooccurs_with,place_crafthold,20.0
person_holly,cooccurs_with,place_dereham,4.0
person_holly,cooccurs_with,place_guldrur,2.0
person_holly,cooccurs_with,player_crowe,32.0
person_holly,cooccurs_with,player_kalina,38.0
person_holly,cooccurs_with,player_thon,2.0
person_holly,cooccurs_with,player_venric,12.0
person_holly,cooccurs_with,ref_kwalish,2.0
person_idolus,cooccurs_with,person_jane,10.0
person_idolus,cooccurs_with,person_jemmy,2.0
person_idolus,cooccurs_with,person_kaitlyn,2.0
person_idolus,cooccurs_with,person_katy,4.0
person_idolus,cooccurs_with,person_kavar,2.0
person_idolus,cooccurs_with,person_liacyne,22.0
person_idolus,cooccurs_with,person_liavarah,12.0
person_idolus,cooccurs_with,person_light,4.0
person_idolus,cooccurs_with,person_luminia,6.0
person_idolus,cooccurs_with,person_macfeegle,2.0
person_idolus,cooccurs_with,person_mercy,12.0
person_idolus,cooccurs_with,person_moon,2.0
person_idolus,cooccurs_with,person_mowser,2.0
person_idolus,cooccurs_with,person_newberry,2.0
person_idolus,cooccurs_with,person_norris,2.0
person_idolus,cooccurs_with,person_poppy,4.0
person_idolus,cooccurs_with,person_sala,12.0
person_idolus,cooccurs_with,person_saphira,4.0
person_idolus,cooccurs_with,person_shworn,2.0
person_idolus,cooccurs_with,person_soren,4.0
person_idolus,cooccurs_with,person_spike,2.0
person_idolus,cooccurs_with,person_tanzo,12.0
person_idolus,cooccurs_with,person_terry,2.0
person_idolus,cooccurs_with,person_tiber,2.0
person_idolus,cooccurs_with,person_touya,2.0
person_idolus,cooccurs_with,person_unala,20.0
person_idolus,cooccurs_with,person_urgulk,12.0
person_idolus,cooccurs_with,person_victor,4.0
person_idolus,cooccurs_with,person_warhammer,2.0
person_idolus,cooccurs_with,place_blackburn,6.0
person_idolus,cooccurs_with,place_brightfields,2.0
person_idolus,cooccurs_with,place_crafthold,20.0
person_idolus,cooccurs_with,place_dhassa,2.0
person_idolus,cooccurs_with,place_guldrur,6.0
person_idolus,cooccurs_with,place_jotunheim,2.0
person_idolus,cooccurs_with,place_northbend,4.0
person_idolus,cooccurs_with,place_stonehome,2.0
person_idolus,cooccurs_with,player_bysickle,4.0
person_idolus,cooccurs_with,player_crowe,4.0
person_idolus,cooccurs_with,player_kalina,4.0
person_idolus,cooccurs_with,player_spartan,2.0
person_idolus,cooccurs_with,player_venric,6.0
person_jane,cooccurs_with,person_jemmy,26.0
person_jane,cooccurs_with,person_kaitlyn,2.0
person_jane,cooccurs_with,person_katy,6.0
person_jane,cooccurs_with,person_kavar,2.0
person_jane,cooccurs_with,person_kir,4.0
person_jane,cooccurs_with,person_liacyne,20.0
person_jane,cooccurs_with,person_liavarah,18.0
person_jane,cooccurs_with,person_light,16.0
person_jane,cooccurs_with,person_luminia,50.0
person_jane,cooccurs_with,person_macfeegle,4.0
person_jane,cooccurs_with,person_mercy,38.0
person_jane,cooccurs_with,person_moon,6.0
person_jane,cooccurs_with,person_mowser,2.0
person_jane,cooccurs_with,person_newberry,6.0
person_jane,cooccurs_with,person_poppy,6.0
person_jane,cooccurs_with,person_rhona,2.0
person_jane,cooccurs_with,person_sala,20.0
person_jane,cooccurs_with,person_saphira,20.0
person_jane,cooccurs_with,person_shargaas,10.0
person_jane,cooccurs_with,person_shworn,6.0
person_jane,cooccurs_with,person_soren,6.0
person_jane,cooccurs_with,person_spike,16.0
person_jane,cooccurs_with,person_tanzo,64.0
person_jane,cooccurs_with,person_terry,4.0
person_jane,cooccurs_with,person_tiber,6.0
person_jane,cooccurs_with,person_touya,8.0
person_jane,cooccurs_with,person_unala,26.0
person_jane,cooccurs_with,person_urgulk,12.0
person_jane,cooccurs_with,person_victor,20.0
person_jane,cooccurs_with,person_warhammer,4.0
person_jane,cooccurs_with,place_blackburn,18.0
person_jane,cooccurs_with,place_brightfields,22.0
person_jane,cooccurs_with,place_cliffborough,4.0
person_jane,cooccurs_with,place_crafthold,64.0
person_jane,cooccurs_with,place_dhassa,4.0
person_jane,cooccurs_with,place_elysia,2.0
person_jane,cooccurs_with,place_jotunheim,2.0
person_jane,cooccurs_with,place_killeth,2.0
person_jane,cooccurs_with,place_northbend,4.0
person_jane,cooccurs_with,place_rarmal,2.0
person_jane,cooccurs_with,place_stonehome,12.0
person_jane,cooccurs_with,place_thurway,4.0
person_jane,cooccurs_with,place_trollhills,2.0
person_jane,cooccurs_with,place_wolfstream,4.0
person_jane,cooccurs_with,player_bysickle,16.0
person_jane,cooccurs_with,player_charis,4.0
person_jane,cooccurs_with,player_crowe,20.0
person_jane,cooccurs_with,player_kalina,20.0
person_jane,cooccurs_with,player_spartan,2.0
person_jane,cooccurs_with,player_venric,12.0
person_jane,cooccurs_with,ref_kwalish,2.0
person_jemmy,cooccurs_with,person_kaitlyn,4.0
person_jemmy,cooccurs_with,person_katy,4.0
person_jemmy,cooccurs_with,person_kavar,2.0
person_jemmy,cooccurs_with,person_liacyne,4.0
person_jemmy,cooccurs_with,person_liavarah,2.0
person_jemmy,cooccurs_with,person_light,8.0
person_jemmy,cooccurs_with,person_luminia,26.0
person_jemmy,cooccurs_with,person_melba,2.0
person_jemmy,cooccurs_with,person_mercy,12.0
person_jemmy,cooccurs_with,person_mowser,2.0
person_jemmy,cooccurs_with,person_norris,2.0
person_jemmy,cooccurs_with,person_poppy,2.0
person_jemmy,cooccurs_with,person_sala,4.0
person_jemmy,cooccurs_with,person_saphira,2.0
person_jemmy,cooccurs_with,person_shargaas,8.0
person_jemmy,cooccurs_with,person_soren,4.0
person_jemmy,cooccurs_with,person_spike,12.0
person_jemmy,cooccurs_with,person_tanzo,36.0
person_jemmy,cooccurs_with,person_unala,4.0
person_jemmy,cooccurs_with,person_urgulk,4.0
person_jemmy,cooccurs_with,person_victor,6.0
person_jemmy,cooccurs_with,person_warhammer,2.0
person_jemmy,cooccurs_with,place_blackburn,2.0
person_jemmy,cooccurs_with,place_brightfields,24.0
person_jemmy,cooccurs_with,place_cliffborough,2.0
person_jemmy,cooccurs_with,place_crafthold,24.0
person_jemmy,cooccurs_with,place_northbend,2.0
person_jemmy,cooccurs_with,place_stonehome,2.0
person_jemmy,cooccurs_with,place_trollhills,2.0
person_jemmy,cooccurs_with,place_wolfstream,4.0
person_jemmy,cooccurs_with,player_bysickle,2.0
person_jemmy,cooccurs_with,player_charis,4.0
person_jemmy,cooccurs_with,player_crowe,2.0
person_jemmy,cooccurs_with,player_kalina,6.0
person_jemmy,cooccurs_with,player_spartan,2.0
person_jemmy,cooccurs_with,player_venric,4.0
person_joram,cooccurs_with,person_kavar,2.0
person_joram,cooccurs_with,person_light,2.0
person_joram,cooccurs_with,person_luminia,12.0
person_joram,cooccurs_with,person_makhala,12.0
person_joram,cooccurs_with,person_piers,26.0
person_joram,cooccurs_with,person_rhys,36.0
person_joram,cooccurs_with,person_ricardo,38.0
person_joram,cooccurs_with,person_ronric,8.0
person_joram,cooccurs_with,person_shworn,2.0
person_joram,cooccurs_with,person_terry,16.0
person_joram,cooccurs_with,person_todd,2.0
person_joram,cooccurs_with,person_urgulk,2.0
person_joram,cooccurs_with,person_victor,54.0
person_joram,cooccurs_with,person_vyssa,8.0
person_joram,cooccurs_with,place_crafthold,2.0
person_joram,cooccurs_with,place_dhassa,2.0
person_joram,cooccurs_with,place_elulind,2.0
person_joram,cooccurs_with,place_elysia,6.0
person_joram,cooccurs_with,place_tolan,2.0
person_joram,cooccurs_with,player_bysickle,2.0
person_joram,cooccurs_with,player_crowe,4.0
person_joram,cooccurs_with,player_kalina,6.0
person_kaedra,cooccurs_with,person_luminia,2.0
person_kaedra,cooccurs_with,person_makhala,2.0
person_kaedra,cooccurs_with,person_piers,2.0
person_kaedra,cooccurs_with,person_terry,4.0
person_kaedra,cooccurs_with,person_victor,18.0
person_kaedra,cooccurs_with,player_kalina,2.0
person_kaitlyn,cooccurs_with,person_katy,2.0
person_kaitlyn,cooccurs_with,person_kavar,4.0
person_kaitlyn,cooccurs_with,person_liacyne,2.0
person_kaitlyn,cooccurs_with,person_liavarah,8.0
person_kaitlyn,cooccurs_with,person_light,2.0
person_kaitlyn,cooccurs_with,person_luminia,4.0
person_kaitlyn,cooccurs_with,person_mercy,10.0
person_kaitlyn,cooccurs_with,person_mowser,2.0
person_kaitlyn,cooccurs_with,person_poppy,4.0
person_kaitlyn,cooccurs_with,person_sala,6.0
person_kaitlyn,cooccurs_with,person_saphira,2.0
person_kaitlyn,cooccurs_with,person_soren,6.0
person_kaitlyn,cooccurs_with,person_spike,2.0
person_kaitlyn,cooccurs_with,person_tanzo,6.0
person_kaitlyn,cooccurs_with,person_unala,6.0
person_kaitlyn,cooccurs_with,person_urgulk,4.0
person_kaitlyn,cooccurs_with,person_victor,2.0
person_kaitlyn,cooccurs_with,place_blackburn,6.0
person_kaitlyn,cooccurs_with,place_brightfields,4.0
person_kaitlyn,cooccurs_with,place_crafthold,10.0
person_kaitlyn,cooccurs_with,place_dhassa,4.0
person_kaitlyn,cooccurs_with,place_guldrur,2.0
person_kaitlyn,cooccurs_with,place_trollhills,4.0
person_katy,cooccurs_with,person_kavar,2.0
person_katy,cooccurs_with,person_kluta,10.0
person_katy,cooccurs_with,person_liacyne,8.0
person_katy,cooccurs_with,person_liavarah,32.0
person_katy,cooccurs_with,person_light,8.0
person_katy,cooccurs_with,person_luminia,26.0
person_katy,cooccurs_with,person_macfeegle,2.0
person_katy,cooccurs_with,person_melba,2.0
person_katy,cooccurs_with,person_mercy,6.0
person_katy,cooccurs_with,person_moon,2.0
person_katy,cooccurs_with,person_mowser,14.0
person_katy,cooccurs_with,person_poppy,20.0
person_katy,cooccurs_with,person_sala,10.0
person_katy,cooccurs_with,person_saphira,34.0
person_katy,cooccurs_with,person_shworn,2.0
person_katy,cooccurs_with,person_soren,4.0
person_katy,cooccurs_with,person_spike,2.0
person_katy,cooccurs_with,person_tanzo,8.0
person_katy,cooccurs_with,person_tawyn,2.0
person_katy,cooccurs_with,person_terry,30.0
person_katy,cooccurs_with,person_tiber,2.0
person_katy,cooccurs_with,person_touya,2.0
person_katy,cooccurs_with,person_unala,32.0
person_katy,cooccurs_with,person_urgulk,4.0
person_katy,cooccurs_with,person_victor,18.0
person_katy,cooccurs_with,person_zedna,8.0
person_katy,cooccurs_with,place_brightfields,8.0
person_katy,cooccurs_with,place_crafthold,18.0
person_katy,cooccurs_with,place_dereham,4.0
person_katy,cooccurs_with,place_dhassa,2.0
person_katy,cooccurs_with,place_jotunheim,2.0
person_katy,cooccurs_with,place_stonehome,2.0
person_katy,cooccurs_with,player_crowe,28.0
person_katy,cooccurs_with,player_kalina,32.0
person_katy,cooccurs_with,player_thon,2.0
person_katy,cooccurs_with,player_venric,14.0
person_kavar,cooccurs_with,person_liacyne,4.0
person_kavar,cooccurs_with,person_liavarah,8.0
person_kavar,cooccurs_with,person_luminia,14.0
person_kavar,cooccurs_with,person_macfeegle,4.0
person_kavar,cooccurs_with,person_makhala,2.0
person_kavar,cooccurs_with,person_mercy,10.0
person_kavar,cooccurs_with,person_moon,2.0
person_kavar,cooccurs_with,person_piers,2.0
person_kavar,cooccurs_with,person_rhys,2.0
person_kavar,cooccurs_with,person_ricardo,2.0
person_kavar,cooccurs_with,person_ronric,2.0
person_kavar,cooccurs_with,person_sala,8.0
person_kavar,cooccurs_with,person_saphira,2.0
person_kavar,cooccurs_with,person_shworn,16.0
person_kavar,cooccurs_with,person_soren,4.0
person_kavar,cooccurs_with,person_tanzo,8.0
person_kavar,cooccurs_with,person_terry,8.0
person_kavar,cooccurs_with,person_tiber,2.0
person_kavar,cooccurs_with,person_touya,2.0
person_kavar,cooccurs_with,person_unala,10.0
person_kavar,cooccurs_with,person_urgulk,8.0
person_kavar,cooccurs_with,person_victor,12.0
person_kavar,cooccurs_with,person_vyssa,2.0
person_kavar,cooccurs_with,person_warhammer,2.0
person_kavar,cooccurs_with,place_blackburn,12.0
person_kavar,cooccurs_with,place_brightfields,2.0
person_kavar,cooccurs_with,place_crafthold,18.0
person_kavar,cooccurs_with,place_dhassa,16.0
person_kavar,cooccurs_with,place_druwen,2.0
person_kavar,cooccurs_with,place_elysia,4.0
person_kavar,cooccurs_with,place_guldrur,2.0
person_kavar,cooccurs_with,place_jotunheim,2.0
person_kavar,cooccurs_with,place_rarmal,2.0
person_kavar,cooccurs_with,place_stonehome,2.0
person_kavar,cooccurs_with,place_torenth,8.0
person_kavar,cooccurs_with,place_trollhills,4.0
person_kavar,cooccurs_with,player_bysickle,6.0
person_kavar,cooccurs_with,player_charis,4.0
person_kavar,cooccurs_with,player_crowe,2.0
person_kavar,cooccurs_with,player_venric,4.0
person_kir,cooccurs_with,person_light,2.0
person_kir,cooccurs_with,person_luminia,6.0
person_kir,cooccurs_with,person_mercy,4.0
person_kir,cooccurs_with,person_newberry,4.0
person_kir,cooccurs_with,person_poppy,2.0
person_kir,cooccurs_with,person_saphira,2.0
person_kir,cooccurs_with,person_shworn,4.0
person_kir,cooccurs_with,person_touya,2.0
person_kir,cooccurs_with,person_victor,8.0
person_kir,cooccurs_with,place_blackburn,4.0
person_kir,cooccurs_with,place_brightfields,2.0
person_kir,cooccurs_with,place_crafthold,4.0
person_kir,cooccurs_with,place_dhassa,4.0
person_kir,cooccurs_with,place_elysia,2.0
person_kir,cooccurs_with,place_thurway,10.0
person_kir,cooccurs_with,place_wolfstream,6.0
person_kir,cooccurs_with,player_bysickle,10.0
person_kir,cooccurs_with,player_crowe,10.0
person_kir,cooccurs_with,player_kalina,10.0
person_kir,cooccurs_with,player_venric,4.0
person_kluta,cooccurs_with,person_liacyne,6.0
person_kluta,cooccurs_with,person_liavarah,2.0
person_kluta,cooccurs_with,person_light,2.0
person_kluta,cooccurs_with,person_luminia,4.0
person_kluta,cooccurs_with,person_mercy,2.0
person_kluta,cooccurs_with,person_moon,2.0
person_kluta,cooccurs_with,person_mowser,2.0
person_kluta,cooccurs_with,person_poppy,2.0
person_kluta,cooccurs_with,person_saphira,4.0
person_kluta,cooccurs_with,person_tanzo,2.0
person_kluta,cooccurs_with,person_terry,2.0
person_kluta,cooccurs_with,person_unala,2.0
person_kluta,cooccurs_with,person_victor,8.0
person_kluta,cooccurs_with,person_zedna,10.0
person_kluta,cooccurs_with,place_crafthold,6.0
person_kluta,cooccurs_with,player_crowe,10.0
person_kluta,cooccurs_with,player_kalina,10.0
person_liacyne,cooccurs_with,person_liavarah,28.0
person_liacyne,cooccurs_with,person_light,12.0
person_liacyne,cooccurs_with,person_luminia,24.0
person_liacyne,cooccurs_with,person_macfeegle,2.0
person_liacyne,cooccurs_with,person_mercy,36.0
person_liacyne,cooccurs_with,person_moon,4.0
person_liacyne,cooccurs_with,person_mowser,4.0
person_liacyne,cooccurs_with,person_nala,4.0
person_liacyne,cooccurs_with,person_newberry,6.0
person_liacyne,cooccurs_with,person_norris,2.0
person_liacyne,cooccurs_with,person_poppy,14.0
person_liacyne,cooccurs_with,person_sala,30.0
person_liacyne,cooccurs_with,person_saphira,16.0
person_liacyne,cooccurs_with,person_shworn,2.0
person_liacyne,cooccurs_with,person_soren,12.0
person_liacyne,cooccurs_with,person_spike,4.0
person_liacyne,cooccurs_with,person_tanzo,34.0
person_liacyne,cooccurs_with,person_tawyn,4.0
person_liacyne,cooccurs_with,person_terry,4.0
person_liacyne,cooccurs_with,person_tiber,6.0
person_liacyne,cooccurs_with,person_touya,2.0
person_liacyne,cooccurs_with,person_unala,60.0
person_liacyne,cooccurs_with,person_urgulk,26.0
person_liacyne,cooccurs_with,person_victor,22.0
person_liacyne,cooccurs_with,person_warhammer,2.0
person_liacyne,cooccurs_with,person_zedna,8.0
person_liacyne,cooccurs_with,place_blackburn,16.0
person_liacyne,cooccurs_with,place_brightfields,8.0
person_liacyne,cooccurs_with,place_cameth,6.0
person_liacyne,cooccurs_with,place_cliffborough,4.0
person_liacyne,cooccurs_with,place_crafthold,64.0
person_liacyne,cooccurs_with,place_dhassa,2.0
person_liacyne,cooccurs_with,place_druwen,4.0
person_liacyne,cooccurs_with,place_elysia,2.0
person_liacyne,cooccurs_with,place_guldrur,14.0
person_liacyne,cooccurs_with,place_jotunheim,2.0
person_liacyne,cooccurs_with,place_northbend,4.0
person_liacyne,cooccurs_with,place_rarmal,8.0
person_liacyne,cooccurs_with,place_stonehome,12.0
person_liacyne,cooccurs_with,place_trollhills,14.0
person_liacyne,cooccurs_with,place_wolfstream,2.0
person_liacyne,cooccurs_with,player_bysickle,14.0
person_liacyne,cooccurs_with,player_crowe,18.0
person_liacyne,cooccurs_with,player_kalina,22.0
person_liacyne,cooccurs_with,player_spartan,4.0
person_liacyne,cooccurs_with,player_venric,12.0
person_liavarah,cooccurs_with,person_light,18.0
person_liavarah,cooccurs_with,person_luminia,60.0
person_liavarah,cooccurs_with,person_macfeegle,4.0
person_liavarah,cooccurs_with,person_mercy,40.0
person_liavarah,cooccurs_with,person_moon,2.0
person_liavarah,cooccurs_with,person_mowser,18.0
person_liavarah,cooccurs_with,person_newberry,4.0
person_liavarah,cooccurs_with,person_poppy,36.0
person_liavarah,cooccurs_with,person_rhona,2.0
person_liavarah,cooccurs_with,person_ronric,2.0
person_liavarah,cooccurs_with,person_sala,30.0
person_liavarah,cooccurs_with,person_saphira,40.0
person_liavarah,cooccurs_with,person_shworn,4.0
person_liavarah,cooccurs_with,person_soren,10.0
person_liavarah,cooccurs_with,person_spike,2.0
person_liavarah,cooccurs_with,person_tanzo,30.0
person_liavarah,cooccurs_with,person_tawyn,2.0
person_liavarah,cooccurs_with,person_terry,26.0
person_liavarah,cooccurs_with,person_tiber,2.0
person_liavarah,cooccurs_with,person_todd,2.0
person_liavarah,cooccurs_with,person_touya,4.0
person_liavarah,cooccurs_with,person_unala,54.0
person_liavarah,cooccurs_with,person_urgulk,42.0
person_liavarah,cooccurs_with,person_victor,22.0
person_liavarah,cooccurs_with,person_vyssa,2.0
person_liavarah,cooccurs_with,person_zedna,2.0
person_liavarah,cooccurs_with,place_blackburn,22.0
person_liavarah,cooccurs_with,place_blackwood,2.0
person_liavarah,cooccurs_with,place_brechin,2.0
person_liavarah,cooccurs_with,place_brightfields,12.0
person_liavarah,cooccurs_with,place_cliffborough,2.0
person_liavarah,cooccurs_with,place_crafthold,48.0
person_liavarah,cooccurs_with,place_dereham,4.0
person_liavarah,cooccurs_with,place_dhassa,10.0
person_liavarah,cooccurs_with,place_druwen,4.0
person_liavarah,cooccurs_with,place_elysia,2.0
person_liavarah,cooccurs_with,place_guldrur,8.0
person_liavarah,cooccurs_with,place_jotunheim,2.0
person_liavarah,cooccurs_with,place_killeth,2.0
person_liavarah,cooccurs_with,place_rarmal,8.0
person_liavarah,cooccurs_with,place_stonehome,8.0
person_liavarah,cooccurs_with,place_trollhills,10.0
person_liavarah,cooccurs_with,place_wolfstream,4.0
person_liavarah,cooccurs_with,player_bysickle,14.0
person_liavarah,cooccurs_with,player_crowe,44.0
person_liavarah,cooccurs_with,player_kalina,46.0
person_liavarah,cooccurs_with,player_spartan,2.0
person_liavarah,cooccurs_with,player_thon,2.0
person_liavarah,cooccurs_with,player_venric,22.0
person_liavarah,cooccurs_with,ref_kwalish,2.0
person_light,cooccurs_with,person_luminia,44.0
person_light,cooccurs_with,person_melba,2.0
person_light,cooccurs_with,person_mercy,14.0
person_light,cooccurs_with,person_moon,2.0
person_light,cooccurs_with,person_mowser,6.0
person_light,cooccurs_with,person_piers,6.0
person_light,cooccurs_with,person_poppy,8.0
person_light,cooccurs_with,person_rhys,4.0
person_light,cooccurs_with,person_ricardo,2.0
person_light,cooccurs_with,person_ronric,2.0
person_light,cooccurs_with,person_sala,10.0
person_light,cooccurs_with,person_saphira,6.0
person_light,cooccurs_with,person_shargaas,4.0
person_light,cooccurs_with,person_shworn,2.0
person_light,cooccurs_with,person_soren,4.0
person_light,cooccurs_with,person_spike,10.0
person_light,cooccurs_with,person_tanzo,18.0
person_light,cooccurs_with,person_terry,16.0
person_light,cooccurs_with,person_unala,22.0
person_light,cooccurs_with,person_urgulk,10.0
person_light,cooccurs_with,person_victor,26.0
person_light,cooccurs_with,person_vyssa,2.0
person_light,cooccurs_with,person_zedna,2.0
person_light,cooccurs_with,place_blackburn,4.0
person_light,cooccurs_with,place_brightfields,16.0
person_light,cooccurs_with,place_crafthold,28.0
person_light,cooccurs_with,place_dhassa,2.0
person_light,cooccurs_with,place_elysia,6.0
person_light,cooccurs_with,place_guldrur,2.0
person_light,cooccurs_with,place_killeth,2.0
person_light,cooccurs_with,place_northbend,2.0
person_light,cooccurs_with,place_rarmal,2.0
person_light,cooccurs_with,place_stonehome,2.0
person_light,cooccurs_with,place_thurway,4.0
person_light,cooccurs_with,place_trollhills,6.0
person_light,cooccurs_with,place_wolfstream,2.0
person_light,cooccurs_with,player_bysickle,8.0
person_light,cooccurs_with,player_charis,4.0
person_light,cooccurs_with,player_crowe,22.0
person_light,cooccurs_with,player_kalina,20.0
person_light,cooccurs_with,player_spartan,2.0
person_light,cooccurs_with,player_thon,2.0
person_light,cooccurs_with,player_venric,4.0
person_loris,cooccurs_with,person_luminia,2.0
person_loris,cooccurs_with,person_moon,2.0
person_loris,cooccurs_with,person_sala,2.0
person_loris,cooccurs_with,person_shworn,8.0
person_loris,cooccurs_with,person_terry,2.0
person_loris,cooccurs_with,person_torchholder,2.0
person_loris,cooccurs_with,person_victor,6.0
person_loris,cooccurs_with,place_crafthold,4.0
person_loris,cooccurs_with,place_dhassa,8.0
person_loris,cooccurs_with,place_elulind,4.0
person_loris,cooccurs_with,place_elysia,2.0
person_loris,cooccurs_with,place_killeth,2.0
person_loris,cooccurs_with,place_torenth,2.0
person_loris,cooccurs_with,player_bysickle,4.0
person_loris,cooccurs_with,player_crowe,4.0
person_loris,cooccurs_with,player_kalina,4.0
person_loris,cooccurs_with,player_venric,4.0
person_luminia,cooccurs_with,person_makhala,6.0
person_luminia,cooccurs_with,person_melba,2.0
person_luminia,cooccurs_with,person_mercy,50.0
person_luminia,cooccurs_with,person_moon,4.0
person_luminia,cooccurs_with,person_mowser,12.0
person_luminia,cooccurs_with,person_newberry,12.0
person_luminia,cooccurs_with,person_norris,2.0
person_luminia,cooccurs_with,person_piers,24.0
person_luminia,cooccurs_with,person_poppy,24.0
person_luminia,cooccurs_with,person_rhona,2.0
person_luminia,cooccurs_with,person_rhys,12.0
person_luminia,cooccurs_with,person_ricardo,14.0
person_luminia,cooccurs_with,person_ronric,4.0
person_luminia,cooccurs_with,person_sala,32.0
person_luminia,cooccurs_with,person_saphira,40.0
person_luminia,cooccurs_with,person_shargaas,8.0
person_luminia,cooccurs_with,person_shworn,34.0
person_luminia,cooccurs_with,person_soren,14.0
person_luminia,cooccurs_with,person_spike,12.0
person_luminia,cooccurs_with,person_tanzo,54.0
person_luminia,cooccurs_with,person_tawyn,2.0
person_luminia,cooccurs_with,person_terry,110.0
person_luminia,cooccurs_with,person_tiber,4.0
person_luminia,cooccurs_with,person_touya,4.0
person_luminia,cooccurs_with,person_unala,60.0
person_luminia,cooccurs_with,person_urgulk,44.0
person_luminia,cooccurs_with,person_victor,118.0
person_luminia,cooccurs_with,person_vyssa,6.0
person_luminia,cooccurs_with,person_warhammer,2.0
person_luminia,cooccurs_with,person_zedna,4.0
person_luminia,cooccurs_with,place_blackburn,22.0
person_luminia,cooccurs_with,place_blackwood,2.0
person_luminia,cooccurs_with,place_brechin,2.0
person_luminia,cooccurs_with,place_brightfields,36.0
person_luminia,cooccurs_with,place_cliffborough,4.0
person_luminia,cooccurs_with,place_crafthold,90.0
person_luminia,cooccurs_with,place_dereham,2.0
person_luminia,cooccurs_with,place_dhassa,26.0
person_luminia,cooccurs_with,place_druwen,4.0
person_luminia,cooccurs_with,place_elulind,2.0
person_luminia,cooccurs_with,place_elysia,18.0
person_luminia,cooccurs_with,place_guldrur,12.0
person_luminia,cooccurs_with,place_killeth,10.0
person_luminia,cooccurs_with,place_northbend,4.0
person_luminia,cooccurs_with,place_rarmal,8.0
person_luminia,cooccurs_with,place_stonehome,12.0
person_luminia,cooccurs_with,place_thurway,12.0
person_luminia,cooccurs_with,place_torenth,4.0
person_luminia,cooccurs_with,place_trollhills,8.0
person_luminia,cooccurs_with,place_wolfstream,8.0
person_luminia,cooccurs_with,player_bysickle,36.0
person_luminia,cooccurs_with,player_charis,8.0
person_luminia,cooccurs_with,player_crowe,58.0
person_luminia,cooccurs_with,player_kalina,74.0
person_luminia,cooccurs_with,player_phil,2.0
person_luminia,cooccurs_with,player_spartan,2.0
person_luminia,cooccurs_with,player_thon,2.0
person_luminia,cooccurs_with,player_venric,34.0
person_luminia,cooccurs_with,ref_kwalish,2.0
person_macfeegle,cooccurs_with,person_mercy,4.0
person_macfeegle,cooccurs_with,person_moon,2.0
person_macfeegle,cooccurs_with,person_newberry,4.0
person_macfeegle,cooccurs_with,person_rhona,2.0
person_macfeegle,cooccurs_with,person_sala,2.0
person_macfeegle,cooccurs_with,person_saphira,2.0
person_macfeegle,cooccurs_with,person_shworn,2.0
person_macfeegle,cooccurs_with,person_tanzo,4.0
person_macfeegle,cooccurs_with,person_terry,2.0
person_macfeegle,cooccurs_with,person_tiber,2.0
person_macfeegle,cooccurs_with,person_touya,2.0
person_macfeegle,cooccurs_with,person_unala,10.0
person_macfeegle,cooccurs_with,person_urgulk,2.0
person_macfeegle,cooccurs_with,person_victor,10.0
person_macfeegle,cooccurs_with,person_warhammer,2.0
person_macfeegle,cooccurs_with,place_blackburn,4.0
person_macfeegle,cooccurs_with,place_crafthold,8.0
person_macfeegle,cooccurs_with,place_dhassa,2.0
person_macfeegle,cooccurs_with,place_guldrur,2.0
person_macfeegle,cooccurs_with,place_jotunheim,2.0
person_macfeegle,cooccurs_with,place_rarmal,6.0
person_macfeegle,cooccurs_with,place_stonehome,2.0
person_macfeegle,cooccurs_with,player_bysickle,2.0
person_macfeegle,cooccurs_with,player_crowe,2.0
person_macfeegle,cooccurs_with,player_venric,2.0
person_makhala,cooccurs_with,person_piers,22.0
person_makhala,cooccurs_with,person_rhys,16.0
person_makhala,cooccurs_with,person_ricardo,20.0
person_makhala,cooccurs_with,person_ronric,2.0
person_makhala,cooccurs_with,person_shworn,2.0
person_makhala,cooccurs_with,person_terry,6.0
person_makhala,cooccurs_with,person_urgulk,6.0
person_makhala,cooccurs_with,person_victor,34.0
person_makhala,cooccurs_with,person_vyssa,2.0
person_makhala,cooccurs_with,place_dhassa,2.0
person_makhala,cooccurs_with,place_elulind,2.0
person_makhala,cooccurs_with,place_elysia,4.0
person_makhala,cooccurs_with,place_tolan,2.0
person_makhala,cooccurs_with,player_crowe,2.0
person_melba,cooccurs_with,person_newberry,2.0
person_melba,cooccurs_with,person_shworn,2.0
person_melba,cooccurs_with,person_soren,2.0
person_melba,cooccurs_with,person_terry,2.0
person_melba,cooccurs_with,person_tiber,2.0
person_melba,cooccurs_with,person_unala,4.0
person_melba,cooccurs_with,person_victor,2.0
person_melba,cooccurs_with,place_blackburn,2.0
person_melba,cooccurs_with,place_brightfields,4.0
person_melba,cooccurs_with,place_crafthold,2.0
person_melba,cooccurs_with,place_dhassa,2.0
person_melba,cooccurs_with,place_guldrur,2.0
person_melba,cooccurs_with,place_rarmal,2.0
person_melba,cooccurs_with,place_stonehome,2.0
person_melba,cooccurs_with,player_venric,2.0
person_mercy,cooccurs_with,person_moon,4.0
person_mercy,cooccurs_with,person_mowser,2.0
person_mercy,cooccurs_with,person_nala,2.0
person_mercy,cooccurs_with,person_newberry,14.0
person_mercy,cooccurs_with,person_norris,2.0
person_mercy,cooccurs_with,person_poppy,18.0
person_mercy,cooccurs_with,person_rhona,2.0
person_mercy,cooccurs_with,person_sala,34.0
person_mercy,cooccurs_with,person_saphira,22.0
person_mercy,cooccurs_with,person_shworn,4.0
person_mercy,cooccurs_with,person_soren,12.0
person_mercy,cooccurs_with,person_spike,4.0
person_mercy,cooccurs_with,person_tanzo,48.0
person_mercy,cooccurs_with,person_terry,4.0
person_mercy,cooccurs_with,person_tiber,8.0
person_mercy,cooccurs_with,person_touya,6.0
person_mercy,cooccurs_with,person_unala,40.0
person_mercy,cooccurs_with,person_urgulk,22.0
person_mercy,cooccurs_with,person_victor,36.0
person_mercy,cooccurs_with,person_warhammer,2.0
person_mercy,cooccurs_with,person_zedna,2.0
person_mercy,cooccurs_with,place_blackburn,30.0
person_mercy,cooccurs_with,place_brightfields,24.0
person_mercy,cooccurs_with,place_cliffborough,2.0
person_mercy,cooccurs_with,place_crafthold,80.0
person_mercy,cooccurs_with,place_dhassa,8.0
person_mercy,cooccurs_with,place_druwen,4.0
person_mercy,cooccurs_with,place_elysia,2.0
person_mercy,cooccurs_with,place_guldrur,10.0
person_mercy,cooccurs_with,place_jotunheim,2.0
person_mercy,cooccurs_with,place_killeth,2.0
person_mercy,cooccurs_with,place_northbend,4.0
person_mercy,cooccurs_with,place_rarmal,6.0
person_mercy,cooccurs_with,place_stonehome,10.0
person_mercy,cooccurs_with,place_thurway,2.0
person_mercy,cooccurs_with,place_trollhills,14.0
person_mercy,cooccurs_with,place_wolfstream,6.0
person_mercy,cooccurs_with,player_bysickle,16.0
person_mercy,cooccurs_with,player_crowe,22.0
person_mercy,cooccurs_with,player_kalina,22.0
person_mercy,cooccurs_with,player_spartan,2.0
person_mercy,cooccurs_with,player_venric,14.0
person_moon,cooccurs_with,person_rhys,2.0
person_moon,cooccurs_with,person_sala,2.0
person_moon,cooccurs_with,person_saphira,2.0
person_moon,cooccurs_with,person_shargaas,2.0
person_moon,cooccurs_with,person_shworn,4.0
person_moon,cooccurs_with,person_tanzo,4.0
person_moon,cooccurs_with,person_terry,2.0
person_moon,cooccurs_with,person_tiber,2.0
person_moon,cooccurs_with,person_touya,2.0
person_moon,cooccurs_with,person_unala,4.0
person_moon,cooccurs_with,person_urgulk,2.0
person_moon,cooccurs_with,person_victor,10.0
person_moon,cooccurs_with,person_zedna,2.0
person_moon,cooccurs_with,place_crafthold,8.0
person_moon,cooccurs_with,place_dhassa,4.0
person_moon,cooccurs_with,place_jotunheim,2.0
person_moon,cooccurs_with,place_stonehome,2.0
person_moon,cooccurs_with,player_bysickle,4.0
person_moon,cooccurs_with,player_crowe,4.0
person_moon,cooccurs_with,player_kalina,4.0
person_moon,cooccurs_with,player_spartan,2.0
person_moon,cooccurs_with,player_venric,2.0
person_mowser,cooccurs_with,person_poppy,10.0
person_mowser,cooccurs_with,person_sala,8.0
person_mowser,cooccurs_with,person_saphira,12.0
person_mowser,cooccurs_with,person_soren,2.0
person_mowser,cooccurs_with,person_spike,2.0
person_mowser,cooccurs_with,person_tanzo,4.0
person_mowser,cooccurs_with,person_terry,10.0
person_mowser,cooccurs_with,person_unala,14.0
person_mowser,cooccurs_with,person_urgulk,2.0
person_mowser,cooccurs_with,person_victor,6.0
person_mowser,cooccurs_with,person_zedna,2.0
person_mowser,cooccurs_with,place_brightfields,2.0
person_mowser,cooccurs_with,place_crafthold,10.0
person_mowser,cooccurs_with,player_crowe,18.0
person_mowser,cooccurs_with,player_kalina,18.0
person_mowser,cooccurs_with,player_thon,2.0
person_mowser,cooccurs_with,player_venric,6.0
person_mowser,cooccurs_with,ref_kwalish,2.0
person_nala,cooccurs_with,person_newberry,2.0
person_nala,cooccurs_with,person_poppy,2.0
person_nala,cooccurs_with,person_rhona,2.0
person_nala,cooccurs_with,person_sala,2.0
person_nala,cooccurs_with,person_tawyn,6.0
person_nala,cooccurs_with,person_tiber,2.0
person_nala,cooccurs_with,person_unala,6.0
person_nala,cooccurs_with,place_cameth,2.0
person_nala,cooccurs_with,place_dereham,2.0
person_nala,cooccurs_with,place_guldrur,2.0
person_nala,cooccurs_with,place_trollhills,2.0
person_newberry,cooccurs_with,person_norris,2.0
person_newberry,cooccurs_with,person_poppy,4.0
person_newberry,cooccurs_with,person_rhona,2.0
person_newberry,cooccurs_with,person_sala,4.0
person_newberry,cooccurs_with,person_saphira,4.0
person_newberry,cooccurs_with,person_shworn,4.0
person_newberry,cooccurs_with,person_soren,8.0
person_newberry,cooccurs_with,person_tanzo,6.0
person_newberry,cooccurs_with,person_terry,4.0
person_newberry,cooccurs_with,person_tiber,4.0
person_newberry,cooccurs_with,person_touya,2.0
person_newberry,cooccurs_with,person_unala,16.0
person_newberry,cooccurs_with,person_urgulk,4.0
person_newberry,cooccurs_with,person_victor,14.0
person_newberry,cooccurs_with,place_blackburn,8.0
person_newberry,cooccurs_with,place_brightfields,6.0
person_newberry,cooccurs_with,place_crafthold,18.0
person_newberry,cooccurs_with,place_dhassa,4.0
person_newberry,cooccurs_with,place_elulind,2.0
person_newberry,cooccurs_with,place_elysia,2.0
person_newberry,cooccurs_with,place_guldrur,8.0
person_newberry,cooccurs_with,place_northbend,6.0
person_newberry,cooccurs_with,place_rarmal,8.0
person_newberry,cooccurs_with,place_stonehome,4.0
person_newberry,cooccurs_with,place_thurway,2.0
person_newberry,cooccurs_with,place_torenth,2.0
person_newberry,cooccurs_with,place_trollhills,2.0
person_newberry,cooccurs_with,place_wolfstream,8.0
person_newberry,cooccurs_with,player_bysickle,4.0
person_newberry,cooccurs_with,player_crowe,4.0
person_newberry,cooccurs_with,player_kalina,4.0
person_newberry,cooccurs_with,player_venric,2.0
person_norris,cooccurs_with,person_soren,2.0
person_norris,cooccurs_with,person_tanzo,2.0
person_norris,cooccurs_with,person_unala,2.0
person_norris,cooccurs_with,place_brightfields,4.0
person_norris,cooccurs_with,place_crafthold,8.0
person_norris,cooccurs_with,place_guldrur,2.0
person_norris,cooccurs_with,place_northbend,2.0
person_piers,cooccurs_with,person_rhys,16.0
person_piers,cooccurs_with,person_ricardo,36.0
person_piers,cooccurs_with,person_ronric,4.0
person_piers,cooccurs_with,person_shworn,28.0
person_piers,cooccurs_with,person_terry,36.0
person_piers,cooccurs_with,person_urgulk,14.0
person_piers,cooccurs_with,person_victor,108.0
person_piers,cooccurs_with,person_vyssa,4.0
person_piers,cooccurs_with,place_crafthold,16.0
person_piers,cooccurs_with,place_dhassa,8.0
person_piers,cooccurs_with,place_elulind,8.0
person_piers,cooccurs_with,place_elysia,8.0
person_piers,cooccurs_with,place_thurway,2.0
person_piers,cooccurs_with,place_tolan,10.0
person_piers,cooccurs_with,player_bysickle,18.0
person_piers,cooccurs_with,player_charis,6.0
person_piers,cooccurs_with,player_crowe,16.0
person_piers,cooccurs_with,player_kalina,22.0
person_piers,cooccurs_with,player_venric,2.0
person_poppy,cooccurs_with,person_rhona,2.0
person_poppy,cooccurs_with,person_sala,20.0
person_poppy,cooccurs_with,person_saphira,28.0
person_poppy,cooccurs_with,person_shworn,2.0
person_poppy,cooccurs_with,person_soren,6.0
person_poppy,cooccurs_with,person_spike,2.0
person_poppy,cooccurs_with,person_tanzo,16.0
person_poppy,cooccurs_with,person_tawyn,2.0
person_poppy,cooccurs_with,person_terry,16.0
person_poppy,cooccurs_with,person_tiber,2.0
person_poppy,cooccurs_with,person_touya,2.0
person_poppy,cooccurs_with,person_unala,28.0
person_poppy,cooccurs_with,person_urgulk,10.0
person_poppy,cooccurs_with,person_victor,16.0
person_poppy,cooccurs_with,person_zedna,2.0
person_poppy,cooccurs_with,place_blackburn,8.0
person_poppy,cooccurs_with,place_brightfields,8.0
person_poppy,cooccurs_with,place_crafthold,28.0
person_poppy,cooccurs_with,place_dereham,4.0
person_poppy,cooccurs_with,place_dhassa,4.0
person_poppy,cooccurs_with,place_guldrur,6.0
person_poppy,cooccurs_with,place_killeth,2.0
person_poppy,cooccurs_with,place_rarmal,2.0
person_poppy,cooccurs_with,place_thurway,2.0
person_poppy,cooccurs_with,place_trollhills,6.0
person_poppy,cooccurs_with,place_wolfstream,2.0
person_poppy,cooccurs_with,player_bysickle,10.0
person_poppy,cooccurs_with,player_charis,2.0
person_poppy,cooccurs_with,player_crowe,22.0
person_poppy,cooccurs_with,player_kalina,24.0
person_poppy,cooccurs_with,player_venric,16.0
person_poppy,cooccurs_with,ref_kwalish,2.0
person_rhona,cooccurs_with,person_saphira,4.0
person_rhona,cooccurs_with,person_soren,2.0
person_rhona,cooccurs_with,person_tanzo,2.0
person_rhona,cooccurs_with,person_tawyn,2.0
person_rhona,cooccurs_with,person_unala,4.0
person_rhona,cooccurs_with,person_victor,4.0
person_rhona,cooccurs_with,place_blackburn,2.0
person_rhona,cooccurs_with,place_crafthold,2.0
person_rhona,cooccurs_with,place_dereham,2.0
person_rhona,cooccurs_with,player_bysickle,2.0
person_rhona,cooccurs_with,player_crowe,2.0
person_rhona,cooccurs_with,player_kalina,2.0
person_rhys,cooccurs_with,person_ricardo,26.0
person_rhys,cooccurs_with,person_ronric,2.0
person_rhys,cooccurs_with,person_shworn,6.0
person_rhys,cooccurs_with,person_terry,20.0
person_rhys,cooccurs_with,person_urgulk,6.0
person_rhys,cooccurs_with,person_victor,66.0
person_rhys,cooccurs_with,person_vyssa,4.0
person_rhys,cooccurs_with,place_crafthold,6.0
person_rhys,cooccurs_with,place_dhassa,6.0
person_rhys,cooccurs_with,place_elulind,4.0
person_rhys,cooccurs_with,place_elysia,12.0
person_rhys,cooccurs_with,place_thurway,2.0
person_rhys,cooccurs_with,place_tolan,2.0
person_rhys,cooccurs_with,player_bysickle,2.0
person_rhys,cooccurs_with,player_charis,2.0
person_rhys,cooccurs_with,player_crowe,4.0
person_rhys,cooccurs_with,player_kalina,6.0
person_rhys,cooccurs_with,player_phil,2.0
person_ricardo,cooccurs_with,person_ronric,4.0
person_ricardo,cooccurs_with,person_shworn,2.0
person_ricardo,cooccurs_with,person_terry,20.0
person_ricardo,cooccurs_with,person_urgulk,8.0
person_ricardo,cooccurs_with,person_victor,44.0
person_ricardo,cooccurs_with,person_vyssa,4.0
person_ricardo,cooccurs_with,place_crafthold,6.0
person_ricardo,cooccurs_with,place_dhassa,8.0
person_ricardo,cooccurs_with,place_elulind,6.0
person_ricardo,cooccurs_with,place_elysia,6.0
person_ricardo,cooccurs_with,place_monadh_mor,2.0
person_ricardo,cooccurs_with,place_tolan,8.0
person_ricardo,cooccurs_with,place_wolfstream,2.0
person_ricardo,cooccurs_with,player_bysickle,2.0
person_ricardo,cooccurs_with,player_crowe,6.0
person_ricardo,cooccurs_with,player_kalina,6.0
person_ronric,cooccurs_with,person_shworn,4.0
person_ronric,cooccurs_with,person_terry,4.0
person_ronric,cooccurs_with,person_todd,22.0
person_ronric,cooccurs_with,person_urgulk,4.0
person_ronric,cooccurs_with,person_victor,48.0
person_ronric,cooccurs_with,person_vyssa,36.0
person_ronric,cooccurs_with,place_blackwood,4.0
person_ronric,cooccurs_with,place_crafthold,2.0
person_ronric,cooccurs_with,place_elulind,2.0
person_ronric,cooccurs_with,place_elysia,14.0
person_ronric,cooccurs_with,place_elysian,2.0
person_ronric,cooccurs_with,player_bysickle,8.0
person_sala,cooccurs_with,person_saphira,20.0
person_sala,cooccurs_with,person_shworn,6.0
person_sala,cooccurs_with,person_soren,8.0
person_sala,cooccurs_with,person_spike,2.0
person_sala,cooccurs_with,person_tanzo,24.0
person_sala,cooccurs_with,person_terry,8.0
person_sala,cooccurs_with,person_tiber,8.0
person_sala,cooccurs_with,person_touya,4.0
person_sala,cooccurs_with,person_unala,44.0
person_sala,cooccurs_with,person_urgulk,16.0
person_sala,cooccurs_with,person_victor,14.0
person_sala,cooccurs_with,place_blackburn,20.0
person_sala,cooccurs_with,place_brightfields,8.0
person_sala,cooccurs_with,place_cameth,2.0
person_sala,cooccurs_with,place_crafthold,44.0
person_sala,cooccurs_with,place_dhassa,10.0
person_sala,cooccurs_with,place_elulind,2.0
person_sala,cooccurs_with,place_elysia,2.0
person_sala,cooccurs_with,place_guldrur,4.0
person_sala,cooccurs_with,place_jotunheim,2.0
person_sala,cooccurs_with,place_killeth,2.0
person_sala,cooccurs_with,place_rarmal,2.0
person_sala,cooccurs_with,place_stonehome,4.0
person_sala,cooccurs_with,place_trollhills,14.0
person_sala,cooccurs_with,place_wolfstream,2.0
person_sala,cooccurs_with,player_bysickle,10.0
person_sala,cooccurs_with,player_crowe,20.0
person_sala,cooccurs_with,player_kalina,20.0
person_sala,cooccurs_with,player_venric,20.0
person_saphira,cooccurs_with,person_shworn,4.0
person_saphira,cooccurs_with,person_soren,4.0
person_saphira,cooccurs_with,person_spike,2.0
person_saphira,cooccurs_with,person_tanzo,14.0
person_saphira,cooccurs_with,person_tawyn,2.0
person_saphira,cooccurs_with,person_terry,24.0
person_saphira,cooccurs_with,person_tiber,6.0
person_saphira,cooccurs_with,person_touya,10.0
person_saphira,cooccurs_with,person_unala,38.0
person_saphira,cooccurs_with,person_urgulk,6.0
person_saphira,cooccurs_with,person_victor,24.0
person_saphira,cooccurs_with,person_zedna,4.0
person_saphira,cooccurs_with,place_blackburn,4.0
person_saphira,cooccurs_with,place_brightfields,6.0
person_saphira,cooccurs_with,place_cliffborough,2.0
person_saphira,cooccurs_with,place_crafthold,30.0
person_saphira,cooccurs_with,place_dereham,2.0
person_saphira,cooccurs_with,place_dhassa,4.0
person_saphira,cooccurs_with,place_elysia,2.0
person_saphira,cooccurs_with,place_guldrur,4.0
person_saphira,cooccurs_with,place_jotunheim,2.0
person_saphira,cooccurs_with,place_killeth,2.0
person_saphira,cooccurs_with,place_rarmal,6.0
person_saphira,cooccurs_with,place_stonehome,6.0
person_saphira,cooccurs_with,place_thurway,2.0
person_saphira,cooccurs_with,player_bysickle,14.0
person_saphira,cooccurs_with,player_crowe,36.0
person_saphira,cooccurs_with,player_kalina,40.0
person_saphira,cooccurs_with,player_thon,2.0
person_saphira,cooccurs_with,player_venric,18.0
person_shargaas,cooccurs_with,person_spike,4.0
person_shargaas,cooccurs_with,person_tanzo,12.0
person_shargaas,cooccurs_with,person_unala,4.0
person_shargaas,cooccurs_with,person_urgulk,2.0
person_shargaas,cooccurs_with,place_cliffborough,2.0
person_shargaas,cooccurs_with,place_crafthold,2.0
person_shargaas,cooccurs_with,place_guldrur,2.0
person_shargaas,cooccurs_with,place_stonehome,2.0
person_shargaas,cooccurs_with,place_wolfstream,2.0
person_shworn,cooccurs_with,person_soren,2.0
person_shworn,cooccurs_with,person_tanzo,2.0
person_shworn,cooccurs_with,person_terry,28.0
person_shworn,cooccurs_with,person_tiber,4.0
person_shworn,cooccurs_with,person_todd,2.0
person_shworn,cooccurs_with,person_torchholder,2.0
person_shworn,cooccurs_with,person_touya,4.0
person_shworn,cooccurs_with,person_unala,4.0
person_shworn,cooccurs_with,person_urgulk,10.0
person_shworn,cooccurs_with,person_victor,52.0
person_shworn,cooccurs_with,person_vyssa,4.0
person_shworn,cooccurs_with,place_blackburn,2.0
person_shworn,cooccurs_with,place_brightfields,2.0
person_shworn,cooccurs_with,place_crafthold,22.0
person_shworn,cooccurs_with,place_dhassa,26.0
person_shworn,cooccurs_with,place_elulind,4.0
person_shworn,cooccurs_with,place_elysia,12.0
person_shworn,cooccurs_with,place_guldrur,2.0
person_shworn,cooccurs_with,place_jotunheim,2.0
person_shworn,cooccurs_with,place_killeth,10.0
person_shworn,cooccurs_with,place_rarmal,2.0
person_shworn,cooccurs_with,place_stonehome,4.0
person_shworn,cooccurs_with,place_thurway,10.0
person_shworn,cooccurs_with,place_torenth,6.0
person_shworn,cooccurs_with,player_bysickle,34.0
person_shworn,cooccurs_with,player_charis,6.0
person_shworn,cooccurs_with,player_crowe,26.0
person_shworn,cooccurs_with,player_kalina,28.0
person_shworn,cooccurs_with,player_phil,2.0
person_shworn,cooccurs_with,player_venric,18.0
person_soren,cooccurs_with,person_spike,2.0
person_soren,cooccurs_with,person_tanzo,4.0
person_soren,cooccurs_with,person_terry,6.0
person_soren,cooccurs_with,person_tiber,2.0
person_soren,cooccurs_with,person_unala,22.0
person_soren,cooccurs_with,person_urgulk,6.0
person_soren,cooccurs_with,person_victor,6.0
person_soren,cooccurs_with,place_blackburn,8.0
person_soren,cooccurs_with,place_blackwood,2.0
person_soren,cooccurs_with,place_brechin,2.0
person_soren,cooccurs_with,place_brightfields,14.0
person_soren,cooccurs_with,place_crafthold,28.0
person_soren,cooccurs_with,place_dhassa,8.0
person_soren,cooccurs_with,place_druwen,4.0
person_soren,cooccurs_with,place_elulind,2.0
person_soren,cooccurs_with,place_guldrur,8.0
person_soren,cooccurs_with,place_northbend,4.0
person_soren,cooccurs_with,place_rarmal,4.0
person_soren,cooccurs_with,place_stonehome,4.0
person_soren,cooccurs_with,place_trollhills,4.0
person_soren,cooccurs_with,place_wolfstream,4.0
person_soren,cooccurs_with,player_bysickle,2.0
person_soren,cooccurs_with,player_crowe,6.0
person_soren,cooccurs_with,player_kalina,6.0
person_soren,cooccurs_with,player_spartan,2.0
person_spike,cooccurs_with,person_tanzo,18.0
person_spike,cooccurs_with,person_unala,6.0
person_spike,cooccurs_with,person_urgulk,2.0
person_spike,cooccurs_with,person_victor,4.0
person_spike,cooccurs_with,person_warhammer,2.0
person_spike,cooccurs_with,place_brightfields,4.0
person_spike,cooccurs_with,place_crafthold,10.0
person_spike,cooccurs_with,place_guldrur,2.0
person_spike,cooccurs_with,place_northbend,2.0
person_spike,cooccurs_with,player_bysickle,2.0
person_spike,cooccurs_with,player_charis,4.0
person_spike,cooccurs_with,player_crowe,2.0
person_spike,cooccurs_with,player_kalina,6.0
person_tanzo,cooccurs_with,person_terry,4.0
person_tanzo,cooccurs_with,person_tiber,4.0
person_tanzo,cooccurs_with,person_touya,2.0
person_tanzo,cooccurs_with,person_unala,36.0
person_tanzo,cooccurs_with,person_urgulk,22.0
person_tanzo,cooccurs_with,person_victor,24.0
person_tanzo,cooccurs_with,person_warhammer,4.0
person_tanzo,cooccurs_with,person_zedna,2.0
person_tanzo,cooccurs_with,place_blackburn,24.0
person_tanzo,cooccurs_with,place_brightfields,32.0
person_tanzo,cooccurs_with,place_cameth,2.0
person_tanzo,cooccurs_with,place_cliffborough,6.0
person_tanzo,cooccurs_with,place_crafthold,84.0
person_tanzo,cooccurs_with,place_dhassa,2.0
person_tanzo,cooccurs_with,place_druwen,4.0
person_tanzo,cooccurs_with,place_elysia,2.0
person_tanzo,cooccurs_with,place_guldrur,8.0
person_tanzo,cooccurs_with,place_jotunheim,2.0
person_tanzo,cooccurs_with,place_northbend,2.0
person_tanzo,cooccurs_with,place_rarmal,8.0
person_tanzo,cooccurs_with,place_stonehome,12.0
person_tanzo,cooccurs_with,place_trollhills,8.0
person_tanzo,cooccurs_with,place_wolfstream,6.0
person_tanzo,cooccurs_with,player_bysickle,8.0
person_tanzo,cooccurs_with,player_charis,2.0
person_tanzo,cooccurs_with,player_crowe,12.0
person_tanzo,cooccurs_with,player_kalina,14.0
person_tanzo,cooccurs_with,player_venric,10.0
person_tawyn,cooccurs_with,person_terry,2.0
person_tawyn,cooccurs_with,person_unala,6.0
person_tawyn,cooccurs_with,place_cameth,2.0
person_tawyn,cooccurs_with,place_dereham,4.0
person_tawyn,cooccurs_with,place_trollhills,2.0
person_terry,cooccurs_with,person_tiber,4.0
person_terry,cooccurs_with,person_touya,2.0
person_terry,cooccurs_with,person_unala,30.0
person_terry,cooccurs_with,person_urgulk,20.0
person_terry,cooccurs_with,person_victor,104.0
person_terry,cooccurs_with,person_vyssa,6.0
person_terry,cooccurs_with,person_zedna,2.0
person_terry,cooccurs_with,place_blackburn,2.0
person_terry,cooccurs_with,place_brightfields,6.0
person_terry,cooccurs_with,place_crafthold,30.0
person_terry,cooccurs_with,place_dereham,4.0
person_terry,cooccurs_with,place_dhassa,16.0
person_terry,cooccurs_with,place_elysia,16.0
person_terry,cooccurs_with,place_guldrur,2.0
person_terry,cooccurs_with,place_jotunheim,2.0
person_terry,cooccurs_with,place_killeth,4.0
person_terry,cooccurs_with,place_rarmal,2.0
person_terry,cooccurs_with,place_stonehome,6.0
person_terry,cooccurs_with,place_thurway,2.0
person_terry,cooccurs_with,place_torenth,4.0
person_terry,cooccurs_with,player_bysickle,8.0
person_terry,cooccurs_with,player_charis,4.0
person_terry,cooccurs_with,player_crowe,34.0
person_terry,cooccurs_with,player_kalina,38.0
person_terry,cooccurs_with,player_phil,2.0
person_terry,cooccurs_with,player_thon,2.0
person_terry,cooccurs_with,player_venric,8.0
person_tiber,cooccurs_with,person_touya,2.0
person_tiber,cooccurs_with,person_unala,8.0
person_tiber,cooccurs_with,person_urgulk,4.0
person_tiber,cooccurs_with,person_victor,4.0
person_tiber,cooccurs_with,place_blackburn,4.0
person_tiber,cooccurs_with,place_brightfields,2.0
person_tiber,cooccurs_with,place_crafthold,6.0
person_tiber,cooccurs_with,place_dhassa,4.0
person_tiber,cooccurs_with,place_elysia,2.0
person_tiber,cooccurs_with,place_guldrur,4.0
person_tiber,cooccurs_with,place_jotunheim,2.0
person_tiber,cooccurs_with,place_rarmal,2.0
person_tiber,cooccurs_with,place_stonehome,6.0
person_tiber,cooccurs_with,player_kalina,2.0
person_tiber,cooccurs_with,player_venric,2.0
person_todd,cooccurs_with,person_victor,20.0
person_todd,cooccurs_with,person_vyssa,14.0
person_todd,cooccurs_with,place_elysia,2.0
person_todd,cooccurs_with,place_elysian,4.0
person_todd,cooccurs_with,player_bysickle,2.0
person_torchholder,cooccurs_with,place_dhassa,4.0
person_torchholder,cooccurs_with,place_elulind,4.0
person_touya,cooccurs_with,person_unala,2.0
person_touya,cooccurs_with,person_urgulk,2.0
person_touya,cooccurs_with,person_victor,6.0
person_touya,cooccurs_with,place_crafthold,8.0
person_touya,cooccurs_with,place_dhassa,4.0
person_touya,cooccurs_with,place_guldrur,2.0
person_touya,cooccurs_with,place_jotunheim,2.0
person_touya,cooccurs_with,place_killeth,2.0
person_touya,cooccurs_with,place_rarmal,2.0
person_touya,cooccurs_with,place_stonehome,2.0
person_touya,cooccurs_with,place_thurway,2.0
person_touya,cooccurs_with,player_bysickle,8.0
person_touya,cooccurs_with,player_crowe,8.0
person_touya,cooccurs_with,player_kalina,8.0
person_touya,cooccurs_with,player_venric,4.0
person_unala,cooccurs_with,person_urgulk,18.0
person_unala,cooccurs_with,person_victor,22.0
person_unala,cooccurs_with,person_warhammer,6.0
person_unala,cooccurs_with,person_zedna,2.0
person_unala,cooccurs_with,place_blackburn,30.0
person_unala,cooccurs_with,place_brightfields,20.0
person_unala,cooccurs_with,place_cameth,6.0
person_unala,cooccurs_with,place_cliffborough,2.0
person_unala,cooccurs_with,place_crafthold,90.0
person_unala,cooccurs_with,place_dereham,4.0
person_unala,cooccurs_with,place_dhassa,8.0
person_unala,cooccurs_with,place_elulind,2.0
person_unala,cooccurs_with,place_guldrur,20.0
person_unala,cooccurs_with,place_jotunheim,2.0
person_unala,cooccurs_with,place_northbend,8.0
person_unala,cooccurs_with,place_rarmal,12.0
person_unala,cooccurs_with,place_stonehome,8.0
person_unala,cooccurs_with,place_trollhills,20.0
person_unala,cooccurs_with,place_wolfstream,4.0
person_unala,cooccurs_with,player_bysickle,14.0
person_unala,cooccurs_with,player_crowe,32.0
person_unala,cooccurs_with,player_kalina,32.0
person_unala,cooccurs_with,player_spartan,2.0
person_unala,cooccurs_with,player_thon,2.0
person_unala,cooccurs_with,player_venric,20.0
person_urgulk,cooccurs_with,person_victor,46.0
person_urgulk,cooccurs_with,person_vyssa,4.0
person_urgulk,cooccurs_with,place_blackburn,14.0
person_urgulk,cooccurs_with,place_blackwood,2.0
person_urgulk,cooccurs_with,place_brechin,2.0
person_urgulk,cooccurs_with,place_brightfields,12.0
person_urgulk,cooccurs_with,place_cliffborough,2.0
person_urgulk,cooccurs_with,place_crafthold,40.0
person_urgulk,cooccurs_with,place_dhassa,10.0
person_urgulk,cooccurs_with,place_druwen,4.0
person_urgulk,cooccurs_with,place_elulind,2.0
person_urgulk,cooccurs_with,place_elysia,2.0
person_urgulk,cooccurs_with,place_elysian,2.0
person_urgulk,cooccurs_with,place_guldrur,8.0
person_urgulk,cooccurs_with,place_jotunheim,2.0
person_urgulk,cooccurs_with,place_rarmal,6.0
person_urgulk,cooccurs_with,place_stonehome,8.0
person_urgulk,cooccurs_with,place_trollhills,10.0
person_urgulk,cooccurs_with,place_wolfstream,2.0
person_urgulk,cooccurs_with,player_bysickle,14.0
person_urgulk,cooccurs_with,player_charis,4.0
person_urgulk,cooccurs_with,player_crowe,8.0
person_urgulk,cooccurs_with,player_kalina,10.0
person_urgulk,cooccurs_with,player_spartan,2.0
person_urgulk,cooccurs_with,player_venric,8.0
person_victor,cooccurs_with,person_vyssa,42.0
person_victor,cooccurs_with,person_warhammer,2.0
person_victor,cooccurs_with,person_zedna,6.0
person_victor,cooccurs_with,place_blackburn,10.0
person_victor,cooccurs_with,place_brightfields,14.0
person_victor,cooccurs_with,place_cliffborough,2.0
person_victor,cooccurs_with,place_crafthold,84.0
person_victor,cooccurs_with,place_dhassa,36.0
person_victor,cooccurs_with,place_druwen,2.0
person_victor,cooccurs_with,place_elulind,18.0
person_victor,cooccurs_with,place_elysia,68.0
person_victor,cooccurs_with,place_elysian,10.0
person_victor,cooccurs_with,place_guldrur,6.0
person_victor,cooccurs_with,place_jotunheim,2.0
person_victor,cooccurs_with,place_killeth,12.0
person_victor,cooccurs_with,place_rarmal,14.0
person_victor,cooccurs_with,place_stonehome,8.0
person_victor,cooccurs_with,place_thurway,14.0
person_victor,cooccurs_with,place_tolan,12.0
person_victor,cooccurs_with,place_torenth,6.0
person_victor,cooccurs_with,place_trollhills,2.0
person_victor,cooccurs_with,place_wolfstream,4.0
person_victor,cooccurs_with,player_bysickle,80.0
person_victor,cooccurs_with,player_charis,12.0
person_victor,cooccurs_with,player_crowe,78.0
person_victor,cooccurs_with,player_kalina,70.0
person_victor,cooccurs_with,player_phil,2.0
person_victor,cooccurs_with,player_spartan,2.0
person_victor,cooccurs_with,player_venric,28.0
person_vyssa,cooccurs_with,place_crafthold,2.0
person_vyssa,cooccurs_with,place_dhassa,2.0
person_vyssa,cooccurs_with,place_elulind,2.0
person_vyssa,cooccurs_with,place_elysia,8.0
person_vyssa,cooccurs_with,place_elysian,2.0
person_vyssa,cooccurs_with,place_killeth,2.0
person_vyssa,cooccurs_with,player_bysickle,2.0
person_vyssa,cooccurs_with,player_crowe,4.0
person_warhammer,cooccurs_with,place_blackburn,2.0
person_warhammer,cooccurs_with,place_brightfields,2.0
person_warhammer,cooccurs_with,place_crafthold,12.0
person_warhammer,cooccurs_with,place_guldrur,6.0
person_warhammer,cooccurs_with,place_northbend,2.0
person_warhammer,cooccurs_with,place_rarmal,4.0
person_warhammer,cooccurs_with,place_wolfstream,2.0
person_warhammer,cooccurs_with,player_bysickle,2.0
person_warhammer,cooccurs_with,player_crowe,2.0
person_warhammer,cooccurs_with,player_venric,2.0
person_zedna,cooccurs_with,place_crafthold,6.0
person_zedna,cooccurs_with,player_crowe,8.0
person_zedna,cooccurs_with,player_kalina,8.0
place_blackburn,cooccurs_with,place_blackwood,4.0
place_blackburn,cooccurs_with,place_brechin,4.0
place_blackburn,cooccurs_with,place_brightfields,22.0
place_blackburn,cooccurs_with,place_cameth,4.0
place_blackburn,cooccurs_with,place_cliffborough,2.0
place_blackburn,cooccurs_with,place_crafthold,48.0
place_blackburn,cooccurs_with,place_dereham,4.0
place_blackburn,cooccurs_with,place_dhassa,12.0
place_blackburn,cooccurs_with,place_druwen,6.0
place_blackburn,cooccurs_with,place_elulind,4.0
place_blackburn,cooccurs_with,place_elysia,4.0
place_blackburn,cooccurs_with,place_guldrur,10.0
place_blackburn,cooccurs_with,place_jotunheim,4.0
place_blackburn,cooccurs_with,place_killeth,4.0
place_blackburn,cooccurs_with,place_monadh_mor,4.0
place_blackburn,cooccurs_with,place_northbend,4.0
place_blackburn,cooccurs_with,place_rarmal,8.0
place_blackburn,cooccurs_with,place_stonehome,10.0
place_blackburn,cooccurs_with,place_thurway,6.0
place_blackburn,cooccurs_with,place_tolan,4.0
place_blackburn,cooccurs_with,place_torenth,4.0
place_blackburn,cooccurs_with,place_trollhills,20.0
place_blackburn,cooccurs_with,place_wolfstream,8.0
place_blackburn,cooccurs_with,player_bysickle,12.0
place_blackburn,cooccurs_with,player_crowe,14.0
place_blackburn,cooccurs_with,player_kalina,10.0
place_blackburn,cooccurs_with,player_venric,8.0
place_blackwood,cooccurs_with,place_brechin,6.0
place_blackwood,cooccurs_with,place_brightfields,6.0
place_blackwood,cooccurs_with,place_cameth,4.0
place_blackwood,cooccurs_with,place_crafthold,6.0
place_blackwood,cooccurs_with,place_dereham,4.0
place_blackwood,cooccurs_with,place_dhassa,6.0
place_blackwood,cooccurs_with,place_druwen,6.0
place_blackwood,cooccurs_with,place_elulind,4.0
place_blackwood,cooccurs_with,place_elysia,6.0
place_blackwood,cooccurs_with,place_guldrur,6.0
place_blackwood,cooccurs_with,place_jotunheim,4.0
place_blackwood,cooccurs_with,place_killeth,4.0
place_blackwood,cooccurs_with,place_monadh_mor,4.0
place_blackwood,cooccurs_with,place_northbend,4.0
place_blackwood,cooccurs_with,place_rarmal,6.0
place_blackwood,cooccurs_with,place_stonehome,6.0
place_blackwood,cooccurs_with,place_thurway,4.0
place_blackwood,cooccurs_with,place_tolan,4.0
place_blackwood,cooccurs_with,place_torenth,4.0
place_blackwood,cooccurs_with,place_trollhills,4.0
place_blackwood,cooccurs_with,place_wolfstream,6.0
place_brechin,cooccurs_with,place_brightfields,6.0
place_brechin,cooccurs_with,place_cameth,4.0
place_brechin,cooccurs_with,place_crafthold,6.0
place_brechin,cooccurs_with,place_dereham,4.0
place_brechin,cooccurs_with,place_dhassa,6.0
place_brechin,cooccurs_with,place_druwen,6.0
place_brechin,cooccurs_with,place_elulind,4.0
place_brechin,cooccurs_with,place_elysia,4.0
place_brechin,cooccurs_with,place_guldrur,6.0
place_brechin,cooccurs_with,place_jotunheim,4.0
place_brechin,cooccurs_with,place_killeth,4.0
place_brechin,cooccurs_with,place_monadh_mor,4.0
place_brechin,cooccurs_with,place_northbend,4.0
place_brechin,cooccurs_with,place_rarmal,6.0
place_brechin,cooccurs_with,place_stonehome,6.0
place_brechin,cooccurs_with,place_thurway,4.0
place_brechin,cooccurs_with,place_tolan,4.0
place_brechin,cooccurs_with,place_torenth,4.0
place_brechin,cooccurs_with,place_trollhills,4.0
place_brechin,cooccurs_with,place_wolfstream,6.0
place_brightfields,cooccurs_with,place_cameth,4.0
place_brightfields,cooccurs_with,place_crafthold,50.0
place_brightfields,cooccurs_with,place_dereham,4.0
place_brightfields,cooccurs_with,place_dhassa,10.0
place_brightfields,cooccurs_with,place_druwen,6.0
place_brightfields,cooccurs_with,place_elulind,4.0
place_brightfields,cooccurs_with,place_elysia,4.0
place_brightfields,cooccurs_with,place_guldrur,8.0
place_brightfields,cooccurs_with,place_jotunheim,4.0
place_brightfields,cooccurs_with,place_killeth,4.0
place_brightfields,cooccurs_with,place_monadh_mor,4.0
place_brightfields,cooccurs_with,place_northbend,6.0
place_brightfields,cooccurs_with,place_rarmal,10.0
place_brightfields,cooccurs_with,place_stonehome,10.0
place_brightfields,cooccurs_with,place_thurway,6.0
place_brightfields,cooccurs_with,place_tolan,4.0
place_brightfields,cooccurs_with,place_torenth,4.0
place_brightfields,cooccurs_with,place_trollhills,12.0
place_brightfields,cooccurs_with,place_wolfstream,10.0
place_brightfields,cooccurs_with,player_bysickle,2.0
place_brightfields,cooccurs_with,player_crowe,8.0
place_brightfields,cooccurs_with,player_kalina,6.0
place_brightfields,cooccurs_with,player_spartan,2.0
place_brightfields,cooccurs_with,player_venric,4.0
place_cameth,cooccurs_with,place_crafthold,8.0
place_cameth,cooccurs_with,place_dereham,4.0
place_cameth,cooccurs_with,place_dhassa,4.0
place_cameth,cooccurs_with,place_druwen,4.0
place_cameth,cooccurs_with,place_elulind,4.0
place_cameth,cooccurs_with,place_elysia,4.0
place_cameth,cooccurs_with,place_guldrur,4.0
place_cameth,cooccurs_with,place_jotunheim,4.0
place_cameth,cooccurs_with,place_killeth,4.0
place_cameth,cooccurs_with,place_monadh_mor,4.0
place_cameth,cooccurs_with,place_northbend,4.0
place_cameth,cooccurs_with,place_rarmal,4.0
place_cameth,cooccurs_with,place_stonehome,4.0
place_cameth,cooccurs_with,place_thurway,4.0
place_cameth,cooccurs_with,place_tolan,4.0
place_cameth,cooccurs_with,place_torenth,4.0
place_cameth,cooccurs_with,place_trollhills,6.0
place_cameth,cooccurs_with,place_wolfstream,6.0
place_cameth,cooccurs_with,player_bysickle,2.0
place_cliffborough,cooccurs_with,place_crafthold,4.0
place_cliffborough,cooccurs_with,place_druwen,2.0
place_cliffborough,cooccurs_with,place_rarmal,2.0
place_cliffborough,cooccurs_with,place_stonehome,8.0
place_cliffborough,cooccurs_with,player_bysickle,2.0
place_cliffborough,cooccurs_with,player_crowe,2.0
place_cliffborough,cooccurs_with,player_kalina,2.0
place_crafthold,cooccurs_with,place_dereham,4.0
place_crafthold,cooccurs_with,place_dhassa,28.0
place_crafthold,cooccurs_with,place_druwen,12.0
place_crafthold,cooccurs_with,place_elulind,14.0
place_crafthold,cooccurs_with,place_elysia,32.0
place_crafthold,cooccurs_with,place_guldrur,28.0
place_crafthold,cooccurs_with,place_jotunheim,6.0
place_crafthold,cooccurs_with,place_killeth,10.0
place_crafthold,cooccurs_with,place_monadh_mor,4.0
place_crafthold,cooccurs_with,place_northbend,14.0
place_crafthold,cooccurs_with,place_rarmal,26.0
place_crafthold,cooccurs_with,place_stonehome,24.0
place_crafthold,cooccurs_with,place_thurway,14.0
place_crafthold,cooccurs_with,place_tolan,10.0
place_crafthold,cooccurs_with,place_torenth,12.0
place_crafthold,cooccurs_with,place_trollhills,24.0
place_crafthold,cooccurs_with,place_wolfstream,14.0
place_crafthold,cooccurs_with,player_bysickle,32.0
place_crafthold,cooccurs_with,player_crowe,48.0
place_crafthold,cooccurs_with,player_kalina,42.0
place_crafthold,cooccurs_with,player_phil,2.0
place_crafthold,cooccurs_with,player_spartan,8.0
place_crafthold,cooccurs_with,player_venric,26.0
place_crafthold,cooccurs_with,ref_kwalish,2.0
place_dereham,cooccurs_with,place_dhassa,4.0
place_dereham,cooccurs_with,place_druwen,4.0
place_dereham,cooccurs_with,place_elulind,4.0
place_dereham,cooccurs_with,place_elysia,4.0
place_dereham,cooccurs_with,place_guldrur,4.0
place_dereham,cooccurs_with,place_jotunheim,4.0
place_dereham,cooccurs_with,place_killeth,4.0
place_dereham,cooccurs_with,place_monadh_mor,4.0
place_dereham,cooccurs_with,place_northbend,4.0
place_dereham,cooccurs_with,place_rarmal,4.0
place_dereham,cooccurs_with,place_stonehome,4.0
place_dereham,cooccurs_with,place_thurway,4.0
place_dereham,cooccurs_with,place_tolan,4.0
place_dereham,cooccurs_with,place_torenth,4.0
place_dereham,cooccurs_with,place_trollhills,4.0
place_dereham,cooccurs_with,place_wolfstream,4.0
place_dhassa,cooccurs_with,place_druwen,6.0
place_dhassa,cooccurs_with,place_elulind,12.0
place_dhassa,cooccurs_with,place_elysia,16.0
place_dhassa,cooccurs_with,place_guldrur,8.0
place_dhassa,cooccurs_with,place_jotunheim,6.0
place_dhassa,cooccurs_with,place_killeth,14.0
place_dhassa,cooccurs_with,place_monadh_mor,4.0
place_dhassa,cooccurs_with,place_northbend,4.0
place_dhassa,cooccurs_with,place_rarmal,8.0
place_dhassa,cooccurs_with,place_stonehome,10.0
place_dhassa,cooccurs_with,place_thurway,16.0
place_dhassa,cooccurs_with,place_tolan,4.0
place_dhassa,cooccurs_with,place_torenth,8.0
place_dhassa,cooccurs_with,place_trollhills,6.0
place_dhassa,cooccurs_with,place_wolfstream,8.0
place_dhassa,cooccurs_with,player_bysickle,24.0
place_dhassa,cooccurs_with,player_crowe,14.0
place_dhassa,cooccurs_with,player_kalina,18.0
place_dhassa,cooccurs_with,player_phil,2.0
place_dhassa,cooccurs_with,player_venric,10.0
place_druwen,cooccurs_with,place_elulind,6.0
place_druwen,cooccurs_with,place_elysia,4.0
place_druwen,cooccurs_with,place_guldrur,6.0
place_druwen,cooccurs_with,place_jotunheim,4.0
place_druwen,cooccurs_with,place_killeth,4.0
place_druwen,cooccurs_with,place_monadh_mor,4.0
place_druwen,cooccurs_with,place_northbend,4.0
place_druwen,cooccurs_with,place_rarmal,8.0
place_druwen,cooccurs_with,place_stonehome,8.0
place_druwen,cooccurs_with,place_thurway,4.0
place_druwen,cooccurs_with,place_tolan,4.0
place_druwen,cooccurs_with,place_torenth,4.0
place_druwen,cooccurs_with,place_trollhills,4.0
place_druwen,cooccurs_with,place_wolfstream,8.0
place_elulind,cooccurs_with,place_elysia,14.0
place_elulind,cooccurs_with,place_elysian,4.0
place_elulind,cooccurs_with,place_guldrur,4.0
place_elulind,cooccurs_with,place_jotunheim,4.0
place_elulind,cooccurs_with,place_killeth,4.0
place_elulind,cooccurs_with,place_monadh_mor,4.0
place_elulind,cooccurs_with,place_northbend,6.0
place_elulind,cooccurs_with,place_rarmal,4.0
place_elulind,cooccurs_with,place_stonehome,4.0
place_elulind,cooccurs_with,place_thurway,4.0
place_elulind,cooccurs_with,place_tolan,18.0
place_elulind,cooccurs_with,place_torenth,4.0
place_elulind,cooccurs_with,place_trollhills,4.0
place_elulind,cooccurs_with,place_wolfstream,6.0
place_elulind,cooccurs_with,player_bysickle,4.0
place_elulind,cooccurs_with,player_crowe,2.0
place_elulind,cooccurs_with,player_kalina,4.0
place_elulind,cooccurs_with,player_venric,2.0
place_elysia,cooccurs_with,place_elysian,4.0
place_elysia,cooccurs_with,place_guldrur,4.0
place_elysia,cooccurs_with,place_jotunheim,4.0
place_elysia,cooccurs_with,place_killeth,10.0
place_elysia,cooccurs_with,place_monadh_mor,4.0
place_elysia,cooccurs_with,place_northbend,4.0
place_elysia,cooccurs_with,place_rarmal,4.0
place_elysia,cooccurs_with,place_stonehome,4.0
place_elysia,cooccurs_with,place_thurway,10.0
place_elysia,cooccurs_with,place_tolan,8.0
place_elysia,cooccurs_with,place_torenth,12.0
place_elysia,cooccurs_with,place_trollhills,4.0
place_elysia,cooccurs_with,place_wolfstream,4.0
place_elysia,cooccurs_with,player_bysickle,2.0
place_elysia,cooccurs_with,player_charis,2.0
place_elysia,cooccurs_with,player_crowe,2.0
place_elysia,cooccurs_with,player_kalina,4.0
place_elysia,cooccurs_with,player_phil,2.0
place_elysia,cooccurs_with,player_venric,4.0
place_guldrur,cooccurs_with,place_jotunheim,4.0
place_guldrur,cooccurs_with,place_killeth,4.0
place_guldrur,cooccurs_with,place_monadh_mor,4.0
place_guldrur,cooccurs_with,place_northbend,8.0
place_guldrur,cooccurs_with,place_rarmal,18.0
place_guldrur,cooccurs_with,place_stonehome,10.0
place_guldrur,cooccurs_with,place_thurway,4.0
place_guldrur,cooccurs_with,place_tolan,4.0
place_guldrur,cooccurs_with,place_torenth,4.0
place_guldrur,cooccurs_with,place_trollhills,6.0
place_guldrur,cooccurs_with,place_wolfstream,6.0
place_guldrur,cooccurs_with,player_bysickle,4.0
place_guldrur,cooccurs_with,player_crowe,4.0
place_guldrur,cooccurs_with,player_kalina,4.0
place_guldrur,cooccurs_with,player_venric,2.0
place_jotunheim,cooccurs_with,place_killeth,4.0
place_jotunheim,cooccurs_with,place_monadh_mor,4.0
place_jotunheim,cooccurs_with,place_northbend,4.0
place_jotunheim,cooccurs_with,place_rarmal,4.0
place_jotunheim,cooccurs_with,place_stonehome,6.0
place_jotunheim,cooccurs_with,place_thurway,4.0
place_jotunheim,cooccurs_with,place_tolan,4.0
place_jotunheim,cooccurs_with,place_torenth,4.0
place_jotunheim,cooccurs_with,place_trollhills,4.0
place_jotunheim,cooccurs_with,place_wolfstream,4.0
place_killeth,cooccurs_with,place_monadh_mor,4.0
place_killeth,cooccurs_with,place_northbend,4.0
place_killeth,cooccurs_with,place_rarmal,4.0
place_killeth,cooccurs_with,place_stonehome,4.0
place_killeth,cooccurs_with,place_thurway,12.0
place_killeth,cooccurs_with,place_tolan,4.0
place_killeth,cooccurs_with,place_torenth,8.0
place_killeth,cooccurs_with,place_trollhills,4.0
place_killeth,cooccurs_with,place_wolfstream,4.0
place_killeth,cooccurs_with,player_bysickle,8.0
place_killeth,cooccurs_with,player_crowe,8.0
place_killeth,cooccurs_with,player_kalina,8.0
place_killeth,cooccurs_with,player_venric,8.0
place_monadh_mor,cooccurs_with,place_northbend,4.0
place_monadh_mor,cooccurs_with,place_rarmal,4.0
place_monadh_mor,cooccurs_with,place_stonehome,4.0
place_monadh_mor,cooccurs_with,place_thurway,4.0
place_monadh_mor,cooccurs_with,place_tolan,4.0
place_monadh_mor,cooccurs_with,place_torenth,4.0
place_monadh_mor,cooccurs_with,place_trollhills,4.0
place_monadh_mor,cooccurs_with,place_wolfstream,6.0
place_northbend,cooccurs_with,place_rarmal,4.0
place_northbend,cooccurs_with,place_stonehome,4.0
place_northbend,cooccurs_with,place_thurway,4.0
place_northbend,cooccurs_with,place_tolan,4.0
place_northbend,cooccurs_with,place_torenth,4.0
place_northbend,cooccurs_with,place_trollhills,4.0
place_northbend,cooccurs_with,place_wolfstream,6.0
place_northbend,cooccurs_with,player_crowe,2.0
place_northbend,cooccurs_with,player_spartan,2.0
place_rarmal,cooccurs_with,place_stonehome,14.0
place_rarmal,cooccurs_with,place_thurway,4.0
place_rarmal,cooccurs_with,place_tolan,4.0
place_rarmal,cooccurs_with,place_torenth,4.0
place_rarmal,cooccurs_with,place_trollhills,4.0
place_rarmal,cooccurs_with,place_wolfstream,6.0
place_rarmal,cooccurs_with,player_bysickle,6.0
place_rarmal,cooccurs_with,player_crowe,6.0
place_rarmal,cooccurs_with,player_kalina,4.0
place_rarmal,cooccurs_with,player_venric,4.0
place_stonehome,cooccurs_with,place_thurway,4.0
place_stonehome,cooccurs_with,place_tolan,4.0
place_stonehome,cooccurs_with,place_torenth,4.0
place_stonehome,cooccurs_with,place_trollhills,4.0
place_stonehome,cooccurs_with,place_wolfstream,6.0
place_stonehome,cooccurs_with,player_bysickle,2.0
place_stonehome,cooccurs_with,player_crowe,2.0
place_stonehome,cooccurs_with,player_kalina,2.0
place_stonehome,cooccurs_with,ref_kwalish,2.0
place_thurway,cooccurs_with,place_tolan,4.0
place_thurway,cooccurs_with,place_torenth,6.0
place_thurway,cooccurs_with,place_trollhills,4.0
place_thurway,cooccurs_with,place_wolfstream,8.0
place_thurway,cooccurs_with,player_bysickle,14.0
place_thurway,cooccurs_with,player_crowe,14.0
place_thurway,cooccurs_with,player_kalina,14.0
place_thurway,cooccurs_with,player_phil,2.0
place_thurway,cooccurs_with,player_venric,8.0
place_tolan,cooccurs_with,place_torenth,4.0
place_tolan,cooccurs_with,place_trollhills,4.0
place_tolan,cooccurs_with,place_wolfstream,4.0
place_torenth,cooccurs_with,place_trollhills,4.0
place_torenth,cooccurs_with,place_wolfstream,4.0
place_torenth,cooccurs_with,player_bysickle,2.0
place_torenth,cooccurs_with,player_crowe,2.0
place_torenth,cooccurs_with,player_kalina,2.0
place_torenth,cooccurs_with,player_venric,2.0
place_trollhills,cooccurs_with,place_wolfstream,4.0
place_trollhills,cooccurs_with,player_bysickle,2.0
place_trollhills,cooccurs_with,player_crowe,4.0
place_trollhills,cooccurs_with,player_kalina,2.0
place_trollhills,cooccurs_with,player_venric,2.0
place_wolfstream,cooccurs_with,player_bysickle,4.0
place_wolfstream,cooccurs_with,player_crowe,4.0
place_wolfstream,cooccurs_with,player_kalina,4.0
place_wolfstream,cooccurs_with,player_venric,2.0
player_bysickle,cooccurs_with,player_charis,10.0
player_bysickle,cooccurs_with,player_crowe,74.0
player_bysickle,cooccurs_with,player_kalina,76.0
player_bysickle,cooccurs_with,player_venric,34.0
player_charis,cooccurs_with,player_crowe,6.0
player_charis,cooccurs_with,player_kalina,10.0
player_charis,cooccurs_with,player_venric,2.0
player_crowe,cooccurs_with,player_kalina,118.0
player_crowe,cooccurs_with,player_spartan,6.0
player_crowe,cooccurs_with,player_thon,2.0
player_crowe,cooccurs_with,player_venric,44.0
player_crowe,cooccurs_with,ref_kwalish,2.0
player_kalina,cooccurs_with,player_spartan,4.0
player_kalina,cooccurs_with,player_thon,2.0
player_kalina,cooccurs_with,player_venric,44.0
player_kalina,cooccurs_with,ref_kwalish,2.0
player_spartan,cooccurs_with,player_venric,2.0
chunk_168646,mentions,vocab:piers,
chunk_168646,mentions,vocab:shworn,
chunk_168646,mentions,vocab:spencer,
chunk_168646,mentions,vocab:victor,
chunk_168647,mentions,vocab:henry,
chunk_168647,mentions,vocab:shworn,
chunk_168648,mentions,vocab:alivyre,
chunk_168649,mentions,vocab:piers,
chunk_168650,mentions,vocab:piers,
chunk_168650,mentions,vocab:victor,
chunk_168651,mentions,vocab:shworn,
chunk_168653,mentions,vocab:victor,
chunk_168654,mentions,vocab:alivyre,
chunk_168654,mentions,vocab:elysia,
chunk_168654,mentions,vocab:emily,
chunk_168654,mentions,vocab:iwtc,
chunk_168654,mentions,vocab:piers,
chunk_168654,mentions,vocab:remedy,
chunk_168654,mentions,vocab:shworn,
chunk_168654,mentions,vocab:victor,
chunk_168655,mentions,vocab:bysickle,
chunk_168655,mentions,vocab:crowethedualityking,
chunk_168655,mentions,vocab:iwtc,
chunk_168655,mentions,vocab:kalina hitana,
chunk_168655,mentions,vocab:piers,
chunk_168655,mentions,vocab:shworn,
chunk_168656,mentions,vocab:ash,
chunk_168656,mentions,vocab:bysickle,
chunk_168656,mentions,vocab:crowethedualityking,
chunk_168656,mentions,vocab:kalina hitana,
chunk_168656,mentions,vocab:piers,
chunk_168656,mentions,vocab:shworn,
chunk_168657,mentions,vocab:emily,
chunk_168657,mentions,vocab:piers,
chunk_168657,mentions,vocab:victor,
chunk_168658,mentions,vocab:aren,
chunk_168658,mentions,vocab:emily,
chunk_168658,mentions,vocab:piers,
chunk_168658,mentions,vocab:victor,
chunk_168660,mentions,vocab:faeryne,
chunk_168661,mentions,vocab:faeryne,
chunk_168661,mentions,vocab:victor,
chunk_168662,mentions,vocab:faeryne,
chunk_168662,mentions,vocab:piers,
chunk_168663,mentions,vocab:hand,
chunk_168663,mentions,vocab:hands,
chunk_168663,mentions,vocab:piers,
chunk_168664,mentions,vocab:elysia academy,
chunk_168664,mentions,vocab:piers,
chunk_168664,mentions,vocab:victor,
chunk_168665,mentions,vocab:alivyre,
chunk_168665,mentions,vocab:bysickle,
chunk_168665,mentions,vocab:emily,
chunk_168665,mentions,vocab:faeryne,
chunk_168665,mentions,vocab:piers,
chunk_168665,mentions,vocab:shworn,
chunk_168665,mentions,vocab:victor,
chunk_168666,mentions,vocab:shworn,
chunk_168671,mentions,vocab:shworn,
chunk_168672,mentions,vocab:shworn,
chunk_168673,mentions,vocab:charis,
chunk_168673,mentions,vocab:henry,
chunk_168675,mentions,vocab:henry,
chunk_168676,mentions,vocab:bysickle,
chunk_168677,mentions,vocab:faeryne,
chunk_168677,mentions,vocab:kalina hitana,
chunk_168677,mentions,vocab:piers,
chunk_168677,mentions,vocab:victor,
chunk_168678,mentions,vocab:bysickle,
chunk_168678,mentions,vocab:crowe,
chunk_168678,mentions,vocab:kalina hitana,
chunk_168678,mentions,vocab:victor,
chunk_168680,mentions,vocab:shworn,
chunk_168682,mentions,vocab:crafthold,
chunk_168682,mentions,vocab:henry,
chunk_168682,mentions,vocab:shworn,
chunk_168682,mentions,vocab:urgulk,
chunk_168683,mentions,vocab:faeryne,
chunk_168684,mentions,vocab:henry,
chunk_168686,mentions,vocab:shworn,
chunk_168687,mentions,vocab:alivyre,
chunk_168687,mentions,vocab:avarna,
chunk_168687,mentions,vocab:henry,
chunk_168687,mentions,vocab:luminia,
chunk_168688,mentions,vocab:alivyre,
chunk_168688,mentions,vocab:avarna,
chunk_168688,mentions,vocab:bysickle,
chunk_168688,mentions,vocab:crowethedualityking,
chunk_168688,mentions,vocab:faeryne,
chunk_168688,mentions,vocab:henry,
chunk_168688,mentions,vocab:kalina hitana,
chunk_168688,mentions,vocab:luminia,
chunk_168688,mentions,vocab:piers,
chunk_168688,mentions,vocab:shworn,
chunk_168688,mentions,vocab:terry,
chunk_168688,mentions,vocab:victor,
chunk_168689,mentions,vocab:alivyre,
chunk_168689,mentions,vocab:avarna,
chunk_168689,mentions,vocab:bysickle,
chunk_168689,mentions,vocab:charis,
chunk_168689,mentions,vocab:crowethedualityking,
chunk_168689,mentions,vocab:faeryne,
chunk_168689,mentions,vocab:henry,
chunk_168689,mentions,vocab:kalina hitana,
chunk_168689,mentions,vocab:luminia,
chunk_168689,mentions,vocab:piers,
chunk_168689,mentions,vocab:shworn,
chunk_168689,mentions,vocab:terry,
chunk_168689,mentions,vocab:victor,
chunk_168690,mentions,vocab:alivyre,
chunk_168690,mentions,vocab:bysickle,
chunk_168690,mentions,vocab:henry,
chunk_168690,mentions,vocab:luminia,
chunk_168691,mentions,vocab:shworn,
chunk_168692,mentions,vocab:kavar,
chunk_168692,mentions,vocab:shworn,
chunk_168693,mentions,vocab:henry,
chunk_168694,mentions,vocab:alivyre,
chunk_168694,mentions,vocab:henry,
chunk_168695,mentions,vocab:henry,
chunk_168696,mentions,vocab:avarna,
chunk_168696,mentions,vocab:charis,
chunk_168696,mentions,vocab:elysia academy,
chunk_168696,mentions,vocab:piers,
chunk_168696,mentions,vocab:victor,
chunk_168697,mentions,vocab:elysia academy,
chunk_168697,mentions,vocab:piers,
chunk_168698,mentions,vocab:elulind,
chunk_168698,mentions,vocab:piers,
chunk_168698,mentions,vocab:tolan,
chunk_168698,mentions,vocab:victor,
chunk_168700,mentions,vocab:piers,
chunk_168704,mentions,vocab:piers,
chunk_168705,mentions,vocab:bear,
chunk_168705,mentions,vocab:henry,
chunk_168705,mentions,vocab:piers,
chunk_168705,mentions,vocab:shadowboy,
chunk_168705,mentions,vocab:shworn,
chunk_168705,mentions,vocab:terry,
chunk_168705,mentions,vocab:victor,
chunk_168706,mentions,vocab:alivyre,
chunk_168706,mentions,vocab:bysickle,
chunk_168706,mentions,vocab:faeryne,
chunk_168706,mentions,vocab:henry,
chunk_168706,mentions,vocab:kalina hitana,
chunk_168706,mentions,vocab:luminia,
chunk_168706,mentions,vocab:party,
chunk_168706,mentions,vocab:piers,
chunk_168706,mentions,vocab:shworn,
chunk_168706,mentions,vocab:terry,
chunk_168706,mentions,vocab:urgulk,
chunk_168706,mentions,vocab:victor,
chunk_168707,mentions,vocab:hand,
chunk_168707,mentions,vocab:piers,
chunk_168707,mentions,vocab:victor,
chunk_168710,mentions,vocab:party,
chunk_168710,mentions,vocab:piers,
chunk_168711,mentions,vocab:henry,
chunk_168711,mentions,vocab:shworn,
chunk_168712,mentions,vocab:crafthold,
chunk_168712,mentions,vocab:henry,
chunk_168712,mentions,vocab:piers,
chunk_168712,mentions,vocab:shworn,
chunk_168712,mentions,vocab:urgulk,
chunk_168713,mentions,vocab:henry,
chunk_168715,mentions,vocab:henry,
chunk_168717,mentions,vocab:piers,
chunk_168718,mentions,vocab:henry,
chunk_168718,mentions,vocab:piers,
chunk_168719,mentions,vocab:piers,
chunk_168720,mentions,vocab:urgulk,
chunk_168720,mentions,vocab:victor,
chunk_168722,mentions,vocab:faeryne,
chunk_168722,mentions,vocab:luminia,
chunk_168724,mentions,vocab:alivyre,
chunk_168724,mentions,vocab:credus,
chunk_168724,mentions,vocab:faeryne,
chunk_168725,mentions,vocab:faeryne,
chunk_168729,mentions,vocab:alivyre,
chunk_168729,mentions,vocab:faeryne,
chunk_168730,mentions,vocab:alivyre,
chunk_168733,mentions,vocab:alivyre,
chunk_168733,mentions,vocab:faeryne,
chunk_168733,mentions,vocab:piers,
chunk_168734,mentions,vocab:faeryne,
chunk_168734,mentions,vocab:luminia,
chunk_168734,mentions,vocab:terry,
chunk_168736,mentions,vocab:luminia,
chunk_168739,mentions,vocab:bysickle,
chunk_168739,mentions,vocab:henry,
chunk_168739,mentions,vocab:luminia,
chunk_168740,mentions,vocab:shworn,
chunk_168741,mentions,vocab:henry,
chunk_168741,mentions,vocab:piers,
chunk_168741,mentions,vocab:shworn,
chunk_168742,mentions,vocab:modrons,
chunk_168742,mentions,vocab:party,
chunk_168743,mentions,vocab:henry,
chunk_168743,mentions,vocab:shworn,
chunk_168744,mentions,vocab:modrons,
chunk_168746,mentions,vocab:dhassa,
chunk_168747,mentions,vocab:dhassa,
chunk_168748,mentions,vocab:alivyre,
chunk_168748,mentions,vocab:bysickle,
chunk_168748,mentions,vocab:crowethedualityking,
chunk_168748,mentions,vocab:faeryne,
chunk_168748,mentions,vocab:henry,
chunk_168748,mentions,vocab:kalina hitana,
chunk_168748,mentions,vocab:party,
chunk_168748,mentions,vocab:piers,
chunk_168748,mentions,vocab:shworn,
chunk_168748,mentions,vocab:victor,
chunk_168749,mentions,vocab:victor,
chunk_168750,mentions,vocab:alivyre,
chunk_168750,mentions,vocab:evaine,
chunk_168751,mentions,vocab:evaine,
chunk_168751,mentions,vocab:light,
chunk_168751,mentions,vocab:piers,
chunk_168751,mentions,vocab:terry,
chunk_168752,mentions,vocab:henry,
chunk_168752,mentions,vocab:shworn,
chunk_168754,mentions,vocab:evaine,
chunk_168754,mentions,vocab:rhys,
chunk_168755,mentions,vocab:evaine,
chunk_168756,mentions,vocab:evaine,
chunk_168756,mentions,vocab:rhys,
chunk_168756,mentions,vocab:victor,
chunk_168758,mentions,vocab:henry,
chunk_168758,mentions,vocab:shworn,
chunk_168759,mentions,vocab:evaine,
chunk_168759,mentions,vocab:evaine macrorie thuryn,
chunk_168759,mentions,vocab:tolanite,
chunk_168759,mentions,vocab:victor,
chunk_168760,mentions,vocab:victor,
chunk_168761,mentions,vocab:hand,
chunk_168761,mentions,vocab:henry,
chunk_168761,mentions,vocab:light,
chunk_168761,mentions,vocab:shworn,
chunk_168761,mentions,vocab:sleepsong,
chunk_168762,mentions,vocab:henry,
chunk_168762,mentions,vocab:shworn,
chunk_168763,mentions,vocab:faeryne,
chunk_168763,mentions,vocab:light,
chunk_168763,mentions,vocab:luminia,
chunk_168764,mentions,vocab:alivyre,
chunk_168764,mentions,vocab:bysickle,
chunk_168764,mentions,vocab:henry,
chunk_168765,mentions,vocab:alivyre,
chunk_168765,mentions,vocab:bysickle,
chunk_168765,mentions,vocab:charis,
chunk_168765,mentions,vocab:henry,
chunk_168765,mentions,vocab:shworn,
chunk_168766,mentions,vocab:alivyre,
chunk_168766,mentions,vocab:henry,
chunk_168767,mentions,vocab:evaine,
chunk_168767,mentions,vocab:rhys,
chunk_168767,mentions,vocab:urgulk,
chunk_168768,mentions,vocab:party,
chunk_168768,mentions,vocab:shworn,
chunk_168769,mentions,vocab:alivyre,
chunk_168769,mentions,vocab:charis,
chunk_168769,mentions,vocab:emily,
chunk_168769,mentions,vocab:evaine,
chunk_168769,mentions,vocab:faeryne,
chunk_168769,mentions,vocab:henry,
chunk_168769,mentions,vocab:luminia,
chunk_168769,mentions,vocab:piers,
chunk_168769,mentions,vocab:rhys,
chunk_168769,mentions,vocab:terry,
chunk_168769,mentions,vocab:urgulk,
chunk_168769,mentions,vocab:victor,
chunk_168770,mentions,vocab:piers,
chunk_168770,mentions,vocab:terry,
chunk_168770,mentions,vocab:urgulk,
chunk_168771,mentions,vocab:alivyre,
chunk_168771,mentions,vocab:faeryne,
chunk_168771,mentions,vocab:henry,
chunk_168771,mentions,vocab:party,
chunk_168772,mentions,vocab:credus,
chunk_168772,mentions,vocab:party,
chunk_168773,mentions,vocab:urgulk,
chunk_168774,mentions,vocab:faeryne,
chunk_168777,mentions,vocab:charis,
chunk_168777,mentions,vocab:urgulk,
chunk_168777,mentions,vocab:victor,
chunk_168779,mentions,vocab:crafthold,
chunk_168779,mentions,vocab:kavar,
chunk_168779,mentions,vocab:urgulk,
chunk_168779,mentions,vocab:victor,
chunk_168782,mentions,vocab:garrick,
chunk_168782,mentions,vocab:urgulk,
chunk_168783,mentions,vocab:elysia,
chunk_168783,mentions,vocab:evaine,
chunk_168783,mentions,vocab:joram,
chunk_168783,mentions,vocab:rhys,
chunk_168783,mentions,vocab:ricardo,
chunk_168783,mentions,vocab:terry,
chunk_168783,mentions,vocab:victor,
chunk_168784,mentions,vocab:piers,
chunk_168786,mentions,vocab:victor,
chunk_168788,mentions,vocab:venric,
chunk_168789,mentions,vocab:joram,
chunk_168789,mentions,vocab:piers,
chunk_168789,mentions,vocab:ricardo,
chunk_168791,mentions,vocab:bysickle,
chunk_168791,mentions,vocab:crowethedualityking,
chunk_168791,mentions,vocab:iwtc,
chunk_168791,mentions,vocab:kalina hitana,
chunk_168791,mentions,vocab:piers,
chunk_168791,mentions,vocab:terry,
chunk_168791,mentions,vocab:venric,
chunk_168792,mentions,vocab:rhys,
chunk_168793,mentions,vocab:makhala,
chunk_168793,mentions,vocab:remedy,
chunk_168793,mentions,vocab:ricardo,
chunk_168793,mentions,vocab:victor,
chunk_168794,mentions,vocab:rhys,
chunk_168794,mentions,vocab:victor,
chunk_168795,mentions,vocab:aren,
chunk_168795,mentions,vocab:evaine,
chunk_168795,mentions,vocab:evaine macrorie thuryn,
chunk_168795,mentions,vocab:faeryne,
chunk_168795,mentions,vocab:joram,
chunk_168795,mentions,vocab:joram macrorie,
chunk_168795,mentions,vocab:michaelines,
chunk_168795,mentions,vocab:remedy,
chunk_168795,mentions,vocab:rhys thuryn,
chunk_168795,mentions,vocab:ricardo,
chunk_168795,mentions,vocab:ricardo alcocer,
chunk_168795,mentions,vocab:terry,
chunk_168796,mentions,vocab:bear,
chunk_168796,mentions,vocab:terry,
chunk_168797,mentions,vocab:piers,
chunk_168797,mentions,vocab:rhys,
chunk_168797,mentions,vocab:victor,
chunk_168800,mentions,vocab:evaine,
chunk_168800,mentions,vocab:faeryne,
chunk_168800,mentions,vocab:joram,
chunk_168800,mentions,vocab:makhala,
chunk_168800,mentions,vocab:rhys,
chunk_168800,mentions,vocab:ricardo,
chunk_168804,mentions,vocab:faeryne,
chunk_168804,mentions,vocab:light,
chunk_168804,mentions,vocab:luminia,
chunk_168805,mentions,vocab:bysickle,
chunk_168805,mentions,vocab:venric,
chunk_168808,mentions,vocab:henry,
chunk_168808,mentions,vocab:party,
chunk_168810,mentions,vocab:ricardo,
chunk_168810,mentions,vocab:terry,
chunk_168810,mentions,vocab:victor,
chunk_168811,mentions,vocab:joram,
chunk_168811,mentions,vocab:luminia,
chunk_168811,mentions,vocab:piers,
chunk_168811,mentions,vocab:ricardo,
chunk_168811,mentions,vocab:terry,
chunk_168811,mentions,vocab:tolanites,
chunk_168811,mentions,vocab:victor,
chunk_168812,mentions,vocab:victor,
chunk_168813,mentions,vocab:henry,
chunk_168813,mentions,vocab:piers,
chunk_168813,mentions,vocab:terry,
chunk_168814,mentions,vocab:hands,
chunk_168814,mentions,vocab:joram,
chunk_168814,mentions,vocab:luminia,
chunk_168814,mentions,vocab:piers,
chunk_168814,mentions,vocab:ricardo,
chunk_168814,mentions,vocab:terry,
chunk_168814,mentions,vocab:victor,
chunk_168815,mentions,vocab:piers,
chunk_168815,mentions,vocab:tolanite,
chunk_168815,mentions,vocab:victor,
chunk_168816,mentions,vocab:henry,
chunk_168816,mentions,vocab:victor,
chunk_168817,mentions,vocab:crafthold,
chunk_168817,mentions,vocab:henry,
chunk_168817,mentions,vocab:luminia,
chunk_168817,mentions,vocab:piers,
chunk_168817,mentions,vocab:shadowboy,
chunk_168817,mentions,vocab:terry,
chunk_168818,mentions,vocab:alivyre,
chunk_168818,mentions,vocab:faeryne,
chunk_168818,mentions,vocab:hands,
chunk_168818,mentions,vocab:henry,
chunk_168818,mentions,vocab:joram,
chunk_168818,mentions,vocab:little bear,
chunk_168818,mentions,vocab:makhala,
chunk_168818,mentions,vocab:piers,
chunk_168818,mentions,vocab:ricardo,
chunk_168818,mentions,vocab:victor,
chunk_168819,mentions,vocab:henry,
chunk_168820,mentions,vocab:luminia,
chunk_168821,mentions,vocab:makhala,
chunk_168822,mentions,vocab:joram,
chunk_168822,mentions,vocab:victor,
chunk_168823,mentions,vocab:rhys,
chunk_168823,mentions,vocab:tolanites,
chunk_168823,mentions,vocab:victor,
chunk_168824,mentions,vocab:academy,
chunk_168824,mentions,vocab:faeryne,
chunk_168824,mentions,vocab:rhys,
chunk_168825,mentions,vocab:alivyre,
chunk_168825,mentions,vocab:joram,
chunk_168826,mentions,vocab:faeryne,
chunk_168826,mentions,vocab:henry,
chunk_168827,mentions,vocab:faeryne,
chunk_168827,mentions,vocab:victor,
chunk_168828,mentions,vocab:victor,
chunk_168829,mentions,vocab:makhala,
chunk_168829,mentions,vocab:rhys,
chunk_168831,mentions,vocab:henry,
chunk_168832,mentions,vocab:rhys,
chunk_168832,mentions,vocab:victor,
chunk_168833,mentions,vocab:victor,
chunk_168834,mentions,vocab:henry,
chunk_168835,mentions,vocab:alivyre,
chunk_168835,mentions,vocab:evaine,
chunk_168835,mentions,vocab:henry,
chunk_168835,mentions,vocab:joram,
chunk_168835,mentions,vocab:victor,
chunk_168836,mentions,vocab:luminia,
chunk_168837,mentions,vocab:rhys,
chunk_168839,mentions,vocab:evaine,
chunk_168839,mentions,vocab:rhys,
chunk_168840,mentions,vocab:joram,
chunk_168840,mentions,vocab:rhys,
chunk_168841,mentions,vocab:urgulk,
chunk_168842,mentions,vocab:party,
chunk_168843,mentions,vocab:alivyre,
chunk_168843,mentions,vocab:terry,
chunk_168844,mentions,vocab:faeryne,
chunk_168845,mentions,vocab:victor,
chunk_168847,mentions,vocab:alivyre,
chunk_168847,mentions,vocab:little bear,
chunk_168848,mentions,vocab:alivyre,
chunk_168848,mentions,vocab:faeryne,
chunk_168848,mentions,vocab:victor,
chunk_168851,mentions,vocab:aren,
chunk_168852,mentions,vocab:joram,
chunk_168852,mentions,vocab:victor,
chunk_168853,mentions,vocab:crowethedualityking,
chunk_168855,mentions,vocab:evaine,
chunk_168855,mentions,vocab:joram,
chunk_168855,mentions,vocab:rhys,
chunk_168856,mentions,vocab:rhys,
chunk_168856,mentions,vocab:victor,
chunk_168857,mentions,vocab:faeryne,
chunk_168857,mentions,vocab:rhys,
chunk_168858,mentions,vocab:rhys,
chunk_168858,mentions,vocab:victor,
chunk_168861,mentions,vocab:faeryne,
chunk_168861,mentions,vocab:joram,
chunk_168861,mentions,vocab:victor,
chunk_168862,mentions,vocab:victor,
chunk_168864,mentions,vocab:alivyre,
chunk_168864,mentions,vocab:henry,
chunk_168865,mentions,vocab:henry,
chunk_168865,mentions,vocab:victor,
chunk_168867,mentions,vocab:faeryne,
chunk_168868,mentions,vocab:alivyre,
chunk_168868,mentions,vocab:little bear,
chunk_168869,mentions,vocab:joram,
chunk_168869,mentions,vocab:rhys,
chunk_168869,mentions,vocab:victor,
chunk_168870,mentions,vocab:spike,
chunk_168870,mentions,vocab:victor,
chunk_168874,mentions,vocab:hands,
chunk_168874,mentions,vocab:joram,
chunk_168874,mentions,vocab:piers,
chunk_168874,mentions,vocab:victor,
chunk_168875,mentions,vocab:piers,
chunk_168876,mentions,vocab:makhala,
chunk_168876,mentions,vocab:piers,
chunk_168876,mentions,vocab:victor,
chunk_168878,mentions,vocab:rhys,
chunk_168880,mentions,vocab:joram,
chunk_168880,mentions,vocab:piers,
chunk_168881,mentions,vocab:crafthold,
chunk_168881,mentions,vocab:hand,
chunk_168881,mentions,vocab:piers,
chunk_168881,mentions,vocab:victor,
chunk_168882,mentions,vocab:academy,
chunk_168882,mentions,vocab:elysia,
chunk_168882,mentions,vocab:victor,
chunk_168883,mentions,vocab:remedy,
chunk_168883,mentions,vocab:tolanites,
chunk_168883,mentions,vocab:victor,
chunk_168884,mentions,vocab:elulind,
chunk_168884,mentions,vocab:henry,
chunk_168884,mentions,vocab:joram,
chunk_168884,mentions,vocab:michaelines,
chunk_168884,mentions,vocab:remedy,
chunk_168884,mentions,vocab:ricardo,
chunk_168884,mentions,vocab:tolan,
chunk_168884,mentions,vocab:victor,
chunk_168885,mentions,vocab:anthony,
chunk_168885,mentions,vocab:elulind,
chunk_168885,mentions,vocab:elysia,
chunk_168885,mentions,vocab:king,
chunk_168885,mentions,vocab:makhala,
chunk_168885,mentions,vocab:remedy,
chunk_168885,mentions,vocab:rhys,
chunk_168885,mentions,vocab:ricardo,
chunk_168885,mentions,vocab:tolan,
chunk_168885,mentions,vocab:tolanites,
chunk_168885,mentions,vocab:victor,
chunk_168886,mentions,vocab:elysian,
chunk_168886,mentions,vocab:king,
chunk_168886,mentions,vocab:victor,
chunk_168888,mentions,vocab:king,
chunk_168888,mentions,vocab:victor,
chunk_168889,mentions,vocab:evaine,
chunk_168889,mentions,vocab:rhys,
chunk_168889,mentions,vocab:tolanites,
chunk_168889,mentions,vocab:victor,
chunk_168890,mentions,vocab:academy,
chunk_168890,mentions,vocab:piers,
chunk_168890,mentions,vocab:rhys,
chunk_168890,mentions,vocab:victor,
chunk_168891,mentions,vocab:evaine,
chunk_168891,mentions,vocab:joram,
chunk_168891,mentions,vocab:piers,
chunk_168891,mentions,vocab:victor,
chunk_168892,mentions,vocab:evaine,
chunk_168892,mentions,vocab:joram,
chunk_168892,mentions,vocab:rhys,
chunk_168893,mentions,vocab:elulind,
chunk_168893,mentions,vocab:evaine,
chunk_168893,mentions,vocab:tolan,
chunk_168895,mentions,vocab:alivyre,
chunk_168897,mentions,vocab:joram,
chunk_168897,mentions,vocab:ricardo,
chunk_168898,mentions,vocab:alivyre,
chunk_168898,mentions,vocab:faeryne,
chunk_168898,mentions,vocab:victor,
chunk_168899,mentions,vocab:alivyre,
chunk_168899,mentions,vocab:monadh mor,
chunk_168899,mentions,vocab:ricardo,
chunk_168899,mentions,vocab:wolfstream,
chunk_168900,mentions,vocab:aren,
chunk_168901,mentions,vocab:crafthold,
chunk_168901,mentions,vocab:elulind,
chunk_168902,mentions,vocab:bysickle,
chunk_168902,mentions,vocab:elulind,
chunk_168902,mentions,vocab:kalina hitana,
chunk_168902,mentions,vocab:tolanites,
chunk_168902,mentions,vocab:victor,
chunk_168903,mentions,vocab:henry,
chunk_168904,mentions,vocab:evaine,
chunk_168904,mentions,vocab:joram,
chunk_168904,mentions,vocab:makhala,
chunk_168904,mentions,vocab:party,
chunk_168904,mentions,vocab:rhys,
chunk_168904,mentions,vocab:victor,
chunk_168905,mentions,vocab:aren,
chunk_168905,mentions,vocab:henry,
chunk_168905,mentions,vocab:shadowboy,
chunk_168905,mentions,vocab:victor,
chunk_168906,mentions,vocab:urgulk,
chunk_168907,mentions,vocab:victor,
chunk_168909,mentions,vocab:victor,
chunk_168910,mentions,vocab:urgulk,
chunk_168910,mentions,vocab:victor,
chunk_168914,mentions,vocab:piers,
chunk_168914,mentions,vocab:ricardo,
chunk_168914,mentions,vocab:victor,
chunk_168915,mentions,vocab:alivyre,
chunk_168915,mentions,vocab:evaine,
chunk_168915,mentions,vocab:hands,
chunk_168915,mentions,vocab:henry,
chunk_168915,mentions,vocab:little bear,
chunk_168915,mentions,vocab:victor,
chunk_168916,mentions,vocab:piers,
chunk_168917,mentions,vocab:piers,
chunk_168917,mentions,vocab:ricardo,
chunk_168919,mentions,vocab:urgulk,
chunk_168924,mentions,vocab:urgulk,
chunk_168929,mentions,vocab:party,
chunk_168930,mentions,vocab:aren,
chunk_168930,mentions,vocab:crowethedualityking,
chunk_168930,mentions,vocab:evaine,
chunk_168930,mentions,vocab:henry,
chunk_168930,mentions,vocab:makhala,
chunk_168930,mentions,vocab:ricardo,
chunk_168930,mentions,vocab:shadowboy,
chunk_168930,mentions,vocab:tolanites,
chunk_168930,mentions,vocab:urgulk,
chunk_168930,mentions,vocab:victor,
chunk_168931,mentions,vocab:joram,
chunk_168931,mentions,vocab:victor,
chunk_168932,mentions,vocab:alivyre,
chunk_168932,mentions,vocab:aren,
chunk_168933,mentions,vocab:henry,
chunk_168934,mentions,vocab:alivyre,
chunk_168935,mentions,vocab:evaine,
chunk_168935,mentions,vocab:makhala,
chunk_168935,mentions,vocab:piers,
chunk_168935,mentions,vocab:tolanite,
chunk_168936,mentions,vocab:henry,
chunk_168936,mentions,vocab:joram,
chunk_168936,mentions,vocab:makhala,
chunk_168936,mentions,vocab:piers,
chunk_168936,mentions,vocab:ricardo,
chunk_168937,mentions,vocab:victor,
chunk_168938,mentions,vocab:alivyre,
chunk_168938,mentions,vocab:victor,
chunk_168939,mentions,vocab:alivyre,
chunk_168940,mentions,vocab:aren,
chunk_168940,mentions,vocab:avarna,
chunk_168940,mentions,vocab:henry,
chunk_168940,mentions,vocab:terry,
chunk_168941,mentions,vocab:party,
chunk_168941,mentions,vocab:victor,
chunk_168942,mentions,vocab:alivyre,
chunk_168942,mentions,vocab:myconids,
chunk_168942,mentions,vocab:victor,
chunk_168943,mentions,vocab:faeryne,
chunk_168943,mentions,vocab:henry,
chunk_168943,mentions,vocab:victor,
chunk_168944,mentions,vocab:alivyre,
chunk_168944,mentions,vocab:henry,
chunk_168945,mentions,vocab:aren,
chunk_168945,mentions,vocab:crafthold,
chunk_168945,mentions,vocab:rhys,
chunk_168946,mentions,vocab:crafthold,
chunk_168947,mentions,vocab:henry,
chunk_168947,mentions,vocab:joram,
chunk_168947,mentions,vocab:rhys,
chunk_168947,mentions,vocab:ricardo,
chunk_168947,mentions,vocab:shadowboy,
chunk_168947,mentions,vocab:tolanite,
chunk_168947,mentions,vocab:victor,
chunk_168948,mentions,vocab:crafthold,
chunk_168949,mentions,vocab:ricardo,
chunk_168950,mentions,vocab:faeryne,
chunk_168950,mentions,vocab:henry,
chunk_168950,mentions,vocab:victor,
chunk_168952,mentions,vocab:alivyre,
chunk_168952,mentions,vocab:dhassa,
chunk_168952,mentions,vocab:piers,
chunk_168952,mentions,vocab:remedy,
chunk_168952,mentions,vocab:ricardo,
chunk_168952,mentions,vocab:tolanites,
chunk_168953,mentions,vocab:academy,
chunk_168953,mentions,vocab:elysia academy,
chunk_168953,mentions,vocab:evaine,
chunk_168953,mentions,vocab:gina,
chunk_168953,mentions,vocab:makhala,
chunk_168953,mentions,vocab:piers,
chunk_168953,mentions,vocab:tolanite,
chunk_168953,mentions,vocab:tolanites,
chunk_168953,mentions,vocab:victor,
chunk_168954,mentions,vocab:remedy,
chunk_168955,mentions,vocab:dhassa,
chunk_168955,mentions,vocab:henry,
chunk_168955,mentions,vocab:spencer,
chunk_168956,mentions,vocab:kalina hitana,
chunk_168957,mentions,vocab:crafthold,
chunk_168957,mentions,vocab:faeryne,
chunk_168958,mentions,vocab:henry,
chunk_168958,mentions,vocab:victor,
chunk_168959,mentions,vocab:dhassa,
chunk_168959,mentions,vocab:faeryne,
chunk_168959,mentions,vocab:henry,
chunk_168959,mentions,vocab:luminia,
chunk_168959,mentions,vocab:makhala,
chunk_168959,mentions,vocab:piers,
chunk_168959,mentions,vocab:ricardo,
chunk_168959,mentions,vocab:terry,
chunk_168959,mentions,vocab:urgulk,
chunk_168959,mentions,vocab:victor,
chunk_168960,mentions,vocab:aren,
chunk_168960,mentions,vocab:crafthold,
chunk_168960,mentions,vocab:king,
chunk_168960,mentions,vocab:piers,
chunk_168960,mentions,vocab:ricardo,
chunk_168960,mentions,vocab:tolan,
chunk_168960,mentions,vocab:tolanites,
chunk_168960,mentions,vocab:victor,
chunk_168961,mentions,vocab:academy,
chunk_168961,mentions,vocab:crafthold,
chunk_168961,mentions,vocab:elulind,
chunk_168961,mentions,vocab:hands,
chunk_168961,mentions,vocab:michaelines,
chunk_168961,mentions,vocab:piers,
chunk_168961,mentions,vocab:remedy,
chunk_168961,mentions,vocab:ricardo,
chunk_168961,mentions,vocab:tolan,
chunk_168962,mentions,vocab:hands,
chunk_168962,mentions,vocab:victor,
chunk_168963,mentions,vocab:hands,
chunk_168963,mentions,vocab:michaelines,
chunk_168963,mentions,vocab:victor,
chunk_168964,mentions,vocab:aren,
chunk_168964,mentions,vocab:crafthold,
chunk_168964,mentions,vocab:gina,
chunk_168964,mentions,vocab:victor,
chunk_168965,mentions,vocab:hands,
chunk_168965,mentions,vocab:remedy,
chunk_168966,mentions,vocab:elysia,
chunk_168966,mentions,vocab:victor,
chunk_168967,mentions,vocab:moon,
chunk_168967,mentions,vocab:tolanites,
chunk_168968,mentions,vocab:elysia,
chunk_168968,mentions,vocab:tolanites,
chunk_168969,mentions,vocab:halverin,
chunk_168969,mentions,vocab:hands,
chunk_168969,mentions,vocab:tolanites,
chunk_168970,mentions,vocab:gina,
chunk_168970,mentions,vocab:hands,
chunk_168970,mentions,vocab:ronric,
chunk_168970,mentions,vocab:todd,
chunk_168970,mentions,vocab:victor,
chunk_168970,mentions,vocab:vyssa,
chunk_168971,mentions,vocab:terry,
chunk_168972,mentions,vocab:terry,
chunk_168973,mentions,vocab:terry,
chunk_168973,mentions,vocab:victor,
chunk_168974,mentions,vocab:terry,
chunk_168974,mentions,vocab:victor,
chunk_168975,mentions,vocab:faeryne,
chunk_168975,mentions,vocab:kalina hitana,
chunk_168978,mentions,vocab:henry,
chunk_168980,mentions,vocab:alivyre,
chunk_168980,mentions,vocab:dhassa,
chunk_168980,mentions,vocab:evaine,
chunk_168980,mentions,vocab:party,
chunk_168980,mentions,vocab:piers,
chunk_168980,mentions,vocab:ricardo,
chunk_168980,mentions,vocab:urgulk,
chunk_168981,mentions,vocab:evaine,
chunk_168981,mentions,vocab:victor,
chunk_168982,mentions,vocab:faeryne,
chunk_168983,mentions,vocab:bysickle,
chunk_168983,mentions,vocab:party,
chunk_168984,mentions,vocab:henry,
chunk_168985,mentions,vocab:alivyre,
chunk_168985,mentions,vocab:caldwell,
chunk_168985,mentions,vocab:evaine,
chunk_168985,mentions,vocab:faeryne,
chunk_168985,mentions,vocab:hands of liamassa,
chunk_168985,mentions,vocab:henry,
chunk_168985,mentions,vocab:jackals,
chunk_168985,mentions,vocab:joram,
chunk_168985,mentions,vocab:king,
chunk_168985,mentions,vocab:party,
chunk_168985,mentions,vocab:rhys,
chunk_168985,mentions,vocab:victor,
chunk_168986,mentions,vocab:victor,
chunk_168988,mentions,vocab:crafthold,
chunk_168988,mentions,vocab:elysia,
chunk_168988,mentions,vocab:victor,
chunk_168989,mentions,vocab:victor,
chunk_168990,mentions,vocab:victor,
chunk_168992,mentions,vocab:alivyre,
chunk_168992,mentions,vocab:hands,
chunk_168992,mentions,vocab:victor,
chunk_168994,mentions,vocab:ronric,
chunk_168994,mentions,vocab:vyssa,
chunk_168996,mentions,vocab:faeryne,
chunk_168996,mentions,vocab:henry,
chunk_168996,mentions,vocab:little bear,
chunk_168996,mentions,vocab:victor,
chunk_168997,mentions,vocab:henry,
chunk_168998,mentions,vocab:faeryne,
chunk_168998,mentions,vocab:henry,
chunk_168998,mentions,vocab:party,
chunk_169000,mentions,vocab:faeryne,
chunk_169002,mentions,vocab:alivyre,
chunk_169002,mentions,vocab:henry,
chunk_169002,mentions,vocab:joram,
chunk_169003,mentions,vocab:ronric,
chunk_169003,mentions,vocab:victor,
chunk_169003,mentions,vocab:vyssa,
chunk_169004,mentions,vocab:gina,
chunk_169004,mentions,vocab:ronric,
chunk_169004,mentions,vocab:victor,
chunk_169004,mentions,vocab:vyssa,
chunk_169005,mentions,vocab:gina,
chunk_169005,mentions,vocab:hand,
chunk_169005,mentions,vocab:hands,
chunk_169005,mentions,vocab:joram,
chunk_169005,mentions,vocab:ronric,
chunk_169005,mentions,vocab:victor,
chunk_169005,mentions,vocab:vyssa,
chunk_169006,mentions,vocab:bysickle,
chunk_169006,mentions,vocab:kalina,
chunk_169007,mentions,vocab:alivyre,
chunk_169007,mentions,vocab:faeryne,
chunk_169007,mentions,vocab:victor,
chunk_169008,mentions,vocab:bysickle,
chunk_169008,mentions,vocab:faeryne,
chunk_169010,mentions,vocab:henry,
chunk_169010,mentions,vocab:urgulk,
chunk_169011,mentions,vocab:faeryne,
chunk_169011,mentions,vocab:henry,
chunk_169013,mentions,vocab:party,
chunk_169014,mentions,vocab:alivyre,
chunk_169014,mentions,vocab:faeryne,
chunk_169014,mentions,vocab:hand,
chunk_169014,mentions,vocab:hands of liamassa,
chunk_169014,mentions,vocab:henry,
chunk_169014,mentions,vocab:joram,
chunk_169014,mentions,vocab:piers,
chunk_169014,mentions,vocab:ricardo,
chunk_169014,mentions,vocab:ronric,
chunk_169014,mentions,vocab:victor,
chunk_169014,mentions,vocab:vyssa,
chunk_169015,mentions,vocab:henry,
chunk_169015,mentions,vocab:victor,
chunk_169016,mentions,vocab:evaine,
chunk_169016,mentions,vocab:gina,
chunk_169016,mentions,vocab:hands,
chunk_169016,mentions,vocab:joram,
chunk_169016,mentions,vocab:ronric,
chunk_169016,mentions,vocab:todd,
chunk_169016,mentions,vocab:victor,
chunk_169016,mentions,vocab:vyssa,
chunk_169017,mentions,vocab:henry,
chunk_169017,mentions,vocab:ronric,
chunk_169018,mentions,vocab:alivyre,
chunk_169018,mentions,vocab:crafthold,
chunk_169018,mentions,vocab:faeryne,
chunk_169018,mentions,vocab:hand,
chunk_169018,mentions,vocab:moon,
chunk_169020,mentions,vocab:bysickle,
chunk_169020,mentions,vocab:gina,
chunk_169020,mentions,vocab:henry,
chunk_169020,mentions,vocab:light,
chunk_169020,mentions,vocab:ronric,
chunk_169020,mentions,vocab:victor,
chunk_169021,mentions,vocab:academy,
chunk_169021,mentions,vocab:alivyre,
chunk_169021,mentions,vocab:crowethedualityking,
chunk_169021,mentions,vocab:evaine,
chunk_169021,mentions,vocab:faeryne,
chunk_169021,mentions,vocab:joram,
chunk_169021,mentions,vocab:kalina hitana,
chunk_169021,mentions,vocab:king,
chunk_169021,mentions,vocab:little bear,
chunk_169021,mentions,vocab:luminia,
chunk_169021,mentions,vocab:piers,
chunk_169021,mentions,vocab:rhys,
chunk_169021,mentions,vocab:ricardo,
chunk_169021,mentions,vocab:terry,
chunk_169021,mentions,vocab:victor,
chunk_169023,mentions,vocab:victor,
chunk_169024,mentions,vocab:alivyre,
chunk_169024,mentions,vocab:faeryne,
chunk_169024,mentions,vocab:terry,
chunk_169024,mentions,vocab:tolanites,
chunk_169024,mentions,vocab:victor,
chunk_169025,mentions,vocab:elysia,
chunk_169025,mentions,vocab:evaine,
chunk_169025,mentions,vocab:victor,
chunk_169026,mentions,vocab:alivyre,
chunk_169026,mentions,vocab:evaine,
chunk_169026,mentions,vocab:joram,
chunk_169026,mentions,vocab:rhys,
chunk_169026,mentions,vocab:ricardo,
chunk_169026,mentions,vocab:victor,
chunk_169027,mentions,vocab:academy,
chunk_169027,mentions,vocab:aren,
chunk_169027,mentions,vocab:elysia,
chunk_169027,mentions,vocab:rhys,
chunk_169027,mentions,vocab:tolanite,
chunk_169027,mentions,vocab:victor,
chunk_169028,mentions,vocab:alivyre,
chunk_169028,mentions,vocab:bysickle,
chunk_169028,mentions,vocab:gina,
chunk_169028,mentions,vocab:hands,
chunk_169028,mentions,vocab:king,
chunk_169028,mentions,vocab:ronric,
chunk_169028,mentions,vocab:victor,
chunk_169029,mentions,vocab:alivyre,
chunk_169029,mentions,vocab:crowethedualityking,
chunk_169029,mentions,vocab:evaine,
chunk_169029,mentions,vocab:faeryne,
chunk_169029,mentions,vocab:hand,
chunk_169029,mentions,vocab:joram,
chunk_169029,mentions,vocab:kalina hitana,
chunk_169029,mentions,vocab:light,
chunk_169029,mentions,vocab:luminia,
chunk_169029,mentions,vocab:piers,
chunk_169029,mentions,vocab:rhys,
chunk_169029,mentions,vocab:ricardo,
chunk_169029,mentions,vocab:terry,
chunk_169029,mentions,vocab:victor,
chunk_169030,mentions,vocab:hands of liamassa,
chunk_169030,mentions,vocab:piers,
chunk_169030,mentions,vocab:victor,
chunk_169031,mentions,vocab:emily,
chunk_169031,mentions,vocab:piers,
chunk_169032,mentions,vocab:gina,
chunk_169032,mentions,vocab:piers,
chunk_169033,mentions,vocab:piers,
chunk_169033,mentions,vocab:victor,
chunk_169034,mentions,vocab:piers,
chunk_169035,mentions,vocab:piers,
chunk_169037,mentions,vocab:gina,
chunk_169037,mentions,vocab:piers,
chunk_169037,mentions,vocab:victor,
chunk_169038,mentions,vocab:victor,
chunk_169040,mentions,vocab:hand,
chunk_169042,mentions,vocab:victor,
chunk_169043,mentions,vocab:gina,
chunk_169043,mentions,vocab:victor,
chunk_169044,mentions,vocab:aren,
chunk_169044,mentions,vocab:crafthold,
chunk_169044,mentions,vocab:elysia,
chunk_169044,mentions,vocab:gina,
chunk_169044,mentions,vocab:king,
chunk_169045,mentions,vocab:gina,
chunk_169046,mentions,vocab:academy,
chunk_169046,mentions,vocab:gina,
chunk_169046,mentions,vocab:ronric,
chunk_169046,mentions,vocab:tolanites,
chunk_169046,mentions,vocab:vyssa,
chunk_169047,mentions,vocab:elysia,
chunk_169047,mentions,vocab:gina,
chunk_169047,mentions,vocab:victor,
chunk_169049,mentions,vocab:elysia,
chunk_169049,mentions,vocab:gina,
chunk_169049,mentions,vocab:victor,
chunk_169050,mentions,vocab:crafthold,
chunk_169050,mentions,vocab:henry,
chunk_169050,mentions,vocab:king,
chunk_169050,mentions,vocab:shadowboy,
chunk_169050,mentions,vocab:tolanites,
chunk_169050,mentions,vocab:victor,
chunk_169051,mentions,vocab:gina,
chunk_169051,mentions,vocab:victor,
chunk_169052,mentions,vocab:aren,
chunk_169052,mentions,vocab:elysia,
chunk_169053,mentions,vocab:elysia,
chunk_169053,mentions,vocab:gina,
chunk_169053,mentions,vocab:victor,
chunk_169054,mentions,vocab:king,
chunk_169054,mentions,vocab:rhys,
chunk_169054,mentions,vocab:tolanites,
chunk_169055,mentions,vocab:gina,
chunk_169055,mentions,vocab:halverin,
chunk_169055,mentions,vocab:hand,
chunk_169055,mentions,vocab:moon,
chunk_169055,mentions,vocab:rhys,
chunk_169055,mentions,vocab:victor,
chunk_169056,mentions,vocab:gina,
chunk_169056,mentions,vocab:remedy,
chunk_169056,mentions,vocab:tolanites,
chunk_169057,mentions,vocab:gina,
chunk_169058,mentions,vocab:evaine macrorie thuryn,
chunk_169058,mentions,vocab:tolanite,
chunk_169058,mentions,vocab:victor,
chunk_169059,mentions,vocab:academy,
chunk_169059,mentions,vocab:gina,
chunk_169059,mentions,vocab:remedy,
chunk_169059,mentions,vocab:ricardo,
chunk_169059,mentions,vocab:tolanites,
chunk_169059,mentions,vocab:victor,
chunk_169060,mentions,vocab:remedy,
chunk_169060,mentions,vocab:thieves guild,
chunk_169060,mentions,vocab:victor,
chunk_169061,mentions,vocab:gina,
chunk_169062,mentions,vocab:crafthold,
chunk_169062,mentions,vocab:elysia,
chunk_169062,mentions,vocab:gina,
chunk_169062,mentions,vocab:piers,
chunk_169063,mentions,vocab:piers,
chunk_169063,mentions,vocab:victor,
chunk_169064,mentions,vocab:elysia,
chunk_169066,mentions,vocab:piers,
chunk_169066,mentions,vocab:victor,
chunk_169067,mentions,vocab:academy,
chunk_169067,mentions,vocab:emily,
chunk_169067,mentions,vocab:hands,
chunk_169067,mentions,vocab:king,
chunk_169067,mentions,vocab:piers,
chunk_169067,mentions,vocab:remedy,
chunk_169067,mentions,vocab:tolanites,
chunk_169067,mentions,vocab:victor,
chunk_169068,mentions,vocab:hand,
chunk_169068,mentions,vocab:king,
chunk_169068,mentions,vocab:victor,
chunk_169069,mentions,vocab:elulind,
chunk_169069,mentions,vocab:piers,
chunk_169069,mentions,vocab:tolan,
chunk_169069,mentions,vocab:victor,
chunk_169070,mentions,vocab:academy,
chunk_169070,mentions,vocab:crafthold,
chunk_169070,mentions,vocab:tolanites,
chunk_169071,mentions,vocab:crafthold,
chunk_169071,mentions,vocab:elulind,
chunk_169071,mentions,vocab:elysia,
chunk_169071,mentions,vocab:piers,
chunk_169071,mentions,vocab:tolan,
chunk_169071,mentions,vocab:victor,
chunk_169072,mentions,vocab:crafthold,
chunk_169072,mentions,vocab:elysia,
chunk_169072,mentions,vocab:light,
chunk_169072,mentions,vocab:piers,
chunk_169072,mentions,vocab:thurway,
chunk_169072,mentions,vocab:tolanites,
chunk_169073,mentions,vocab:emily,
chunk_169073,mentions,vocab:piers,
chunk_169073,mentions,vocab:victor,
chunk_169074,mentions,vocab:victor,
chunk_169076,mentions,vocab:luminia,
chunk_169076,mentions,vocab:terry,
chunk_169076,mentions,vocab:victor,
chunk_169077,mentions,vocab:alivyre,
chunk_169077,mentions,vocab:bysickle,
chunk_169077,mentions,vocab:dhassa,
chunk_169077,mentions,vocab:faeryne,
chunk_169077,mentions,vocab:hands,
chunk_169077,mentions,vocab:henry,
chunk_169077,mentions,vocab:joram,
chunk_169077,mentions,vocab:kalina hitana,
chunk_169077,mentions,vocab:piers,
chunk_169077,mentions,vocab:rhys,
chunk_169077,mentions,vocab:ricardo,
chunk_169077,mentions,vocab:victor,
chunk_169078,mentions,vocab:henry,
chunk_169078,mentions,vocab:victor,
chunk_169079,mentions,vocab:henry,
chunk_169079,mentions,vocab:victor,
chunk_169080,mentions,vocab:victor,
chunk_169081,mentions,vocab:henry,
chunk_169082,mentions,vocab:hands,
chunk_169082,mentions,vocab:henry,
chunk_169082,mentions,vocab:victor,
chunk_169083,mentions,vocab:hand,
chunk_169083,mentions,vocab:henry,
chunk_169083,mentions,vocab:ronric,
chunk_169083,mentions,vocab:shadowboy,
chunk_169083,mentions,vocab:victor,
chunk_169084,mentions,vocab:gina,
chunk_169084,mentions,vocab:henry,
chunk_169085,mentions,vocab:gina,
chunk_169085,mentions,vocab:ronric,
chunk_169085,mentions,vocab:todd,
chunk_169085,mentions,vocab:victor,
chunk_169085,mentions,vocab:vyssa,
chunk_169086,mentions,vocab:alivyre,
chunk_169086,mentions,vocab:ronric,
chunk_169086,mentions,vocab:victor,
chunk_169087,mentions,vocab:hands,
chunk_169087,mentions,vocab:henry,
chunk_169087,mentions,vocab:ronric,
chunk_169089,mentions,vocab:aren,
chunk_169089,mentions,vocab:elysia,
chunk_169089,mentions,vocab:gina,
chunk_169089,mentions,vocab:hands,
chunk_169089,mentions,vocab:king,
chunk_169089,mentions,vocab:liavarah,
chunk_169089,mentions,vocab:ronric,
chunk_169089,mentions,vocab:todd,
chunk_169089,mentions,vocab:victor,
chunk_169089,mentions,vocab:vyssa,
chunk_169090,mentions,vocab:henry,
chunk_169092,mentions,vocab:kavar,
chunk_169092,mentions,vocab:ravencrest,
chunk_169092,mentions,vocab:shworn,
chunk_169092,mentions,vocab:tolanite,
chunk_169092,mentions,vocab:tolanites,
chunk_169093,mentions,vocab:henry,
chunk_169093,mentions,vocab:terry,
chunk_169093,mentions,vocab:victor,
chunk_169096,mentions,vocab:henry,
chunk_169097,mentions,vocab:faeryne,
chunk_169098,mentions,vocab:faeryne,
chunk_169098,mentions,vocab:luminia,
chunk_169098,mentions,vocab:party,
chunk_169098,mentions,vocab:victor,
chunk_169099,mentions,vocab:terry,
chunk_169100,mentions,vocab:luminia,
chunk_169100,mentions,vocab:terry,
chunk_169101,mentions,vocab:alivyre,
chunk_169101,mentions,vocab:crafthold,
chunk_169101,mentions,vocab:elysia,
chunk_169101,mentions,vocab:faeryne,
chunk_169101,mentions,vocab:hands,
chunk_169101,mentions,vocab:joram,
chunk_169101,mentions,vocab:king,
chunk_169101,mentions,vocab:luminia,
chunk_169101,mentions,vocab:rhys,
chunk_169101,mentions,vocab:ricardo,
chunk_169101,mentions,vocab:terry,
chunk_169101,mentions,vocab:victor,
chunk_169102,mentions,vocab:alivyre,
chunk_169102,mentions,vocab:bysickle,
chunk_169102,mentions,vocab:crowethedualityking,
chunk_169102,mentions,vocab:faeryne,
chunk_169102,mentions,vocab:henry,
chunk_169102,mentions,vocab:kalina hitana,
chunk_169102,mentions,vocab:urgulk,
chunk_169102,mentions,vocab:victor,
chunk_169103,mentions,vocab:kalina,
chunk_169104,mentions,vocab:alivyre,
chunk_169104,mentions,vocab:henry,
chunk_169104,mentions,vocab:victor,
chunk_169105,mentions,vocab:victor,
chunk_169106,mentions,vocab:aren,
chunk_169107,mentions,vocab:alivyre,
chunk_169107,mentions,vocab:henry,
chunk_169107,mentions,vocab:urgulk,
chunk_169107,mentions,vocab:victor,
chunk_169108,mentions,vocab:alivyre,
chunk_169108,mentions,vocab:faeryne,
chunk_169108,mentions,vocab:henry,
chunk_169109,mentions,vocab:alivyre,
chunk_169110,mentions,vocab:faeryne,
chunk_169110,mentions,vocab:luminia,
chunk_169110,mentions,vocab:terry,
chunk_169111,mentions,vocab:crafthold,
chunk_169111,mentions,vocab:faeryne,
chunk_169111,mentions,vocab:kalina hitana,
chunk_169111,mentions,vocab:luminia,
chunk_169111,mentions,vocab:remedy,
chunk_169111,mentions,vocab:terry,
chunk_169111,mentions,vocab:tolanite,
chunk_169112,mentions,vocab:alivyre,
chunk_169112,mentions,vocab:luminia,
chunk_169112,mentions,vocab:terry,
chunk_169113,mentions,vocab:faeryne,
chunk_169113,mentions,vocab:henry,
chunk_169113,mentions,vocab:tolanite,
chunk_169114,mentions,vocab:terry,
chunk_169115,mentions,vocab:alivyre,
chunk_169115,mentions,vocab:bysickle,
chunk_169115,mentions,vocab:dhassa,
chunk_169115,mentions,vocab:henry,
chunk_169115,mentions,vocab:urgulk,
chunk_169115,mentions,vocab:victor,
chunk_169116,mentions,vocab:alivyre,
chunk_169116,mentions,vocab:hand,
chunk_169116,mentions,vocab:henry,
chunk_169116,mentions,vocab:victor,
chunk_169117,mentions,vocab:alivyre,
chunk_169117,mentions,vocab:dhassa,
chunk_169117,mentions,vocab:faeryne,
chunk_169117,mentions,vocab:hand,
chunk_169117,mentions,vocab:henry,
chunk_169118,mentions,vocab:faeryne,
chunk_169118,mentions,vocab:luminia,
chunk_169118,mentions,vocab:shadowboy,
chunk_169118,mentions,vocab:terry,
chunk_169118,mentions,vocab:victor,
chunk_169119,mentions,vocab:luminia,
chunk_169119,mentions,vocab:terry,
chunk_169120,mentions,vocab:faeryne,
chunk_169120,mentions,vocab:victor,
chunk_169121,mentions,vocab:henry,
chunk_169122,mentions,vocab:victor,
chunk_169123,mentions,vocab:alivyre,
chunk_169123,mentions,vocab:jane,
chunk_169124,mentions,vocab:crowethedualityking,
chunk_169124,mentions,vocab:terry,
chunk_169124,mentions,vocab:victor,
chunk_169125,mentions,vocab:hand,
chunk_169125,mentions,vocab:henry,
chunk_169125,mentions,vocab:victor,
chunk_169127,mentions,vocab:alivyre,
chunk_169127,mentions,vocab:ronric,
chunk_169128,mentions,vocab:alivyre,
chunk_169128,mentions,vocab:luminia,
chunk_169128,mentions,vocab:victor,
chunk_169129,mentions,vocab:alivyre,
chunk_169129,mentions,vocab:aren,
chunk_169129,mentions,vocab:luminia,
chunk_169129,mentions,vocab:victor,
chunk_169130,mentions,vocab:victor,
chunk_169131,mentions,vocab:crowe,
chunk_169131,mentions,vocab:faeryne,
chunk_169131,mentions,vocab:party,
chunk_169131,mentions,vocab:terry,
chunk_169131,mentions,vocab:victor,
chunk_169132,mentions,vocab:charis,
chunk_169134,mentions,vocab:bysickle,
chunk_169134,mentions,vocab:crowethedualityking,
chunk_169134,mentions,vocab:kalina hitana,
chunk_169137,mentions,vocab:elysia,
chunk_169137,mentions,vocab:luminia,
chunk_169137,mentions,vocab:victor,
chunk_169139,mentions,vocab:alivyre,
chunk_169140,mentions,vocab:gina,
chunk_169140,mentions,vocab:halverin,
chunk_169140,mentions,vocab:hands,
chunk_169140,mentions,vocab:remedy,
chunk_169141,mentions,vocab:faeryne,
chunk_169144,mentions,vocab:charis,
chunk_169145,mentions,vocab:bysickle,
chunk_169145,mentions,vocab:crowe,
chunk_169146,mentions,vocab:faeryne,
chunk_169146,mentions,vocab:henry,
chunk_169146,mentions,vocab:kalina hitana,
chunk_169148,mentions,vocab:victor,
chunk_169149,mentions,vocab:faeryne,
chunk_169149,mentions,vocab:terry,
chunk_169149,mentions,vocab:victor,
chunk_169150,mentions,vocab:victor,
chunk_169151,mentions,vocab:faeryne,
chunk_169151,mentions,vocab:luminia,
chunk_169152,mentions,vocab:arcana,
chunk_169152,mentions,vocab:luminia,
chunk_169154,mentions,vocab:kalina hitana,
chunk_169154,mentions,vocab:luminia,
chunk_169155,mentions,vocab:luminia,
chunk_169156,mentions,vocab:luminia,
chunk_169156,mentions,vocab:victor,
chunk_169157,mentions,vocab:faeryne,
chunk_169157,mentions,vocab:party,
chunk_169157,mentions,vocab:terry,
chunk_169157,mentions,vocab:victor,
chunk_169158,mentions,vocab:victor,
chunk_169160,mentions,vocab:alivyre,
chunk_169162,mentions,vocab:gina,
chunk_169162,mentions,vocab:hands,
chunk_169162,mentions,vocab:mercy,
chunk_169163,mentions,vocab:alivyre,
chunk_169163,mentions,vocab:faeryne,
chunk_169163,mentions,vocab:hands,
chunk_169163,mentions,vocab:henry,
chunk_169163,mentions,vocab:victor,
chunk_169164,mentions,vocab:victor,
chunk_169165,mentions,vocab:hand,
chunk_169165,mentions,vocab:hands,
chunk_169165,mentions,vocab:hands of liamassa,
chunk_169165,mentions,vocab:luminia,
chunk_169165,mentions,vocab:terry,
chunk_169165,mentions,vocab:victor,
chunk_169170,mentions,vocab:faeryne,
chunk_169170,mentions,vocab:gina,
chunk_169170,mentions,vocab:henry,
chunk_169170,mentions,vocab:party,
chunk_169170,mentions,vocab:ronric,
chunk_169170,mentions,vocab:victor,
chunk_169171,mentions,vocab:henry,
chunk_169171,mentions,vocab:victor,
chunk_169173,mentions,vocab:henry,
chunk_169173,mentions,vocab:victor,
chunk_169174,mentions,vocab:victor,
chunk_169176,mentions,vocab:bysickle,
chunk_169176,mentions,vocab:crowethedualityking,
chunk_169176,mentions,vocab:faeryne,
chunk_169176,mentions,vocab:henry,
chunk_169176,mentions,vocab:kalina hitana,
chunk_169176,mentions,vocab:victor,
chunk_169181,mentions,vocab:alivyre,
chunk_169181,mentions,vocab:gina,
chunk_169181,mentions,vocab:hands,
chunk_169181,mentions,vocab:henry,
chunk_169181,mentions,vocab:king,
chunk_169181,mentions,vocab:ronric,
chunk_169181,mentions,vocab:victor,
chunk_169182,mentions,vocab:alivyre,
chunk_169182,mentions,vocab:bysickle,
chunk_169182,mentions,vocab:gina,
chunk_169182,mentions,vocab:hands,
chunk_169182,mentions,vocab:henry,
chunk_169182,mentions,vocab:king,
chunk_169182,mentions,vocab:ronric,
chunk_169182,mentions,vocab:thieves guild,
chunk_169182,mentions,vocab:tolanite,
chunk_169182,mentions,vocab:victor,
chunk_169183,mentions,vocab:ronric,
chunk_169183,mentions,vocab:shadowboy,
chunk_169183,mentions,vocab:todd,
chunk_169183,mentions,vocab:tolanites,
chunk_169184,mentions,vocab:alivyre,
chunk_169184,mentions,vocab:tolanites,
chunk_169185,mentions,vocab:alivyre,
chunk_169185,mentions,vocab:faeryne,
chunk_169185,mentions,vocab:henry,
chunk_169185,mentions,vocab:luminia,
chunk_169185,mentions,vocab:terry,
chunk_169185,mentions,vocab:urgulk,
chunk_169185,mentions,vocab:victor,
chunk_169186,mentions,vocab:aren,
chunk_169186,mentions,vocab:king,
chunk_169186,mentions,vocab:thurway,
chunk_169186,mentions,vocab:tolanite,
chunk_169186,mentions,vocab:tolanites,
chunk_169187,mentions,vocab:alivyre,
chunk_169188,mentions,vocab:henry,
chunk_169189,mentions,vocab:bysickle,
chunk_169189,mentions,vocab:crowethedualityking,
chunk_169189,mentions,vocab:faeryne,
chunk_169189,mentions,vocab:henry,
chunk_169189,mentions,vocab:kalina hitana,
chunk_169189,mentions,vocab:thieves guild,
chunk_169189,mentions,vocab:victor,
chunk_169190,mentions,vocab:todd,
chunk_169191,mentions,vocab:elysia,
chunk_169191,mentions,vocab:elysian,
chunk_169191,mentions,vocab:hands,
chunk_169191,mentions,vocab:hands of liamassa,
chunk_169191,mentions,vocab:henry,
chunk_169191,mentions,vocab:sleepsong,
chunk_169191,mentions,vocab:victor,
chunk_169192,mentions,vocab:alivyre,
chunk_169192,mentions,vocab:crafthold,
chunk_169192,mentions,vocab:faeryne,
chunk_169192,mentions,vocab:hands,
chunk_169192,mentions,vocab:king,
chunk_169192,mentions,vocab:luminia,
chunk_169192,mentions,vocab:terry,
chunk_169192,mentions,vocab:victor,
chunk_169194,mentions,vocab:remedy,
chunk_169194,mentions,vocab:terry,
chunk_169195,mentions,vocab:alivyre,
chunk_169195,mentions,vocab:bysickle,
chunk_169195,mentions,vocab:crowethedualityking,
chunk_169195,mentions,vocab:kalina hitana,
chunk_169195,mentions,vocab:luminia,
chunk_169196,mentions,vocab:victor,
chunk_169197,mentions,vocab:crafthold,
chunk_169197,mentions,vocab:faeryne,
chunk_169197,mentions,vocab:luminia,
chunk_169197,mentions,vocab:terry,
chunk_169197,mentions,vocab:victor,
chunk_169198,mentions,vocab:faeryne,
chunk_169199,mentions,vocab:faeryne,
chunk_169199,mentions,vocab:terry,
chunk_169200,mentions,vocab:alivyre,
chunk_169200,mentions,vocab:hands,
chunk_169200,mentions,vocab:victor,
chunk_169201,mentions,vocab:light,
chunk_169201,mentions,vocab:victor,
chunk_169202,mentions,vocab:alivyre,
chunk_169203,mentions,vocab:alivyre,
chunk_169203,mentions,vocab:makhala,
chunk_169203,mentions,vocab:remedy,
chunk_169203,mentions,vocab:victor,
chunk_169204,mentions,vocab:alivyre,
chunk_169204,mentions,vocab:victor,
chunk_169205,mentions,vocab:victor,
chunk_169206,mentions,vocab:alivyre,
chunk_169207,mentions,vocab:henry,
chunk_169207,mentions,vocab:victor,
chunk_169208,mentions,vocab:alivyre,
chunk_169208,mentions,vocab:bysickle,
chunk_169208,mentions,vocab:crowe,
chunk_169208,mentions,vocab:faeryne,
chunk_169208,mentions,vocab:hand,
chunk_169208,mentions,vocab:victor,
chunk_169209,mentions,vocab:alivyre,
chunk_169209,mentions,vocab:henry,
chunk_169209,mentions,vocab:victor,
chunk_169210,mentions,vocab:alivyre,
chunk_169210,mentions,vocab:little bear,
chunk_169210,mentions,vocab:luminia,
chunk_169211,mentions,vocab:ronric,
chunk_169211,mentions,vocab:shadowboy,
chunk_169211,mentions,vocab:victor,
chunk_169211,mentions,vocab:vyssa,
chunk_169212,mentions,vocab:bysickle,
chunk_169212,mentions,vocab:kalina,
chunk_169212,mentions,vocab:victor,
chunk_169213,mentions,vocab:aniya,
chunk_169213,mentions,vocab:crafthold,
chunk_169213,mentions,vocab:faeryne,
chunk_169213,mentions,vocab:henry,
chunk_169213,mentions,vocab:victor,
chunk_169214,mentions,vocab:bysickle,
chunk_169214,mentions,vocab:kalina hitana,
chunk_169215,mentions,vocab:alivyre,
chunk_169215,mentions,vocab:henry,
chunk_169215,mentions,vocab:victor,
chunk_169216,mentions,vocab:light,
chunk_169216,mentions,vocab:luminia,
chunk_169216,mentions,vocab:moon,
chunk_169216,mentions,vocab:victor,
chunk_169217,mentions,vocab:alivyre,
chunk_169218,mentions,vocab:shadowboy,
chunk_169218,mentions,vocab:victor,
chunk_169219,mentions,vocab:victor,
chunk_169220,mentions,vocab:alivyre,
chunk_169220,mentions,vocab:henry,
chunk_169220,mentions,vocab:victor,
chunk_169221,mentions,vocab:urgulk,
chunk_169222,mentions,vocab:crowethedualityking,
chunk_169222,mentions,vocab:shadowboy,
chunk_169222,mentions,vocab:victor,
chunk_169223,mentions,vocab:henry,
chunk_169225,mentions,vocab:hands,
chunk_169225,mentions,vocab:henry,
chunk_169225,mentions,vocab:victor,
chunk_169227,mentions,vocab:victor,
chunk_169229,mentions,vocab:hand,
chunk_169229,mentions,vocab:henry,
chunk_169229,mentions,vocab:urgulk,
chunk_169229,mentions,vocab:victor,
chunk_169231,mentions,vocab:alivyre,
chunk_169231,mentions,vocab:henry,
chunk_169231,mentions,vocab:victor,
chunk_169232,mentions,vocab:alivyre,
chunk_169232,mentions,vocab:caldwell,
chunk_169232,mentions,vocab:crafthold,
chunk_169232,mentions,vocab:dakgorim,
chunk_169232,mentions,vocab:faeryne,
chunk_169232,mentions,vocab:henry,
chunk_169232,mentions,vocab:king,
chunk_169232,mentions,vocab:little bear,
chunk_169232,mentions,vocab:luminia,
chunk_169232,mentions,vocab:selis caldwell,
chunk_169232,mentions,vocab:stonehome,
chunk_169232,mentions,vocab:terry,
chunk_169232,mentions,vocab:victor,
chunk_169232,mentions,vocab:wolfstream abbey,
chunk_169233,mentions,vocab:alivyre,
chunk_169233,mentions,vocab:crafthold,
chunk_169233,mentions,vocab:elysia,
chunk_169233,mentions,vocab:shadowboy,
chunk_169233,mentions,vocab:victor,
chunk_169234,mentions,vocab:alivyre,
chunk_169234,mentions,vocab:victor,
chunk_169235,mentions,vocab:alivyre,
chunk_169235,mentions,vocab:victor,
chunk_169236,mentions,vocab:alivyre,
chunk_169236,mentions,vocab:avarna,
chunk_169236,mentions,vocab:dhassa,
chunk_169236,mentions,vocab:faeryne,
chunk_169236,mentions,vocab:henry,
chunk_169236,mentions,vocab:victor,
chunk_169237,mentions,vocab:alivyre,
chunk_169237,mentions,vocab:hand,
chunk_169237,mentions,vocab:henry,
chunk_169237,mentions,vocab:vyssa,
chunk_169238,mentions,vocab:alivyre,
chunk_169238,mentions,vocab:henry,
chunk_169238,mentions,vocab:mercy,
chunk_169238,mentions,vocab:victor,
chunk_169239,mentions,vocab:alivyre,
chunk_169239,mentions,vocab:victor,
chunk_169240,mentions,vocab:victor,
chunk_169240,mentions,vocab:vyssa,
chunk_169241,mentions,vocab:alivyre,
chunk_169241,mentions,vocab:henry,
chunk_169242,mentions,vocab:alivyre,
chunk_169242,mentions,vocab:hand,
chunk_169244,mentions,vocab:alivyre,
chunk_169246,mentions,vocab:luminia,
chunk_169246,mentions,vocab:terry,
chunk_169246,mentions,vocab:urgulk,
chunk_169249,mentions,vocab:alivyre,
chunk_169249,mentions,vocab:aren,
chunk_169249,mentions,vocab:faeryne,
chunk_169249,mentions,vocab:henry,
chunk_169249,mentions,vocab:little bear,
chunk_169249,mentions,vocab:luminia,
chunk_169249,mentions,vocab:party,
chunk_169249,mentions,vocab:terry,
chunk_169249,mentions,vocab:urgulk,
chunk_169249,mentions,vocab:victor,
chunk_169251,mentions,vocab:alivyre,
chunk_169251,mentions,vocab:faeryne,
chunk_169251,mentions,vocab:henry,
chunk_169251,mentions,vocab:kalina,
chunk_169252,mentions,vocab:alivyre,
chunk_169252,mentions,vocab:charis,
chunk_169252,mentions,vocab:hands,
chunk_169252,mentions,vocab:henry,
chunk_169252,mentions,vocab:thieves guild,
chunk_169253,mentions,vocab:hands,
chunk_169253,mentions,vocab:henry,
chunk_169253,mentions,vocab:remedy,
chunk_169253,mentions,vocab:ronric,
chunk_169253,mentions,vocab:tolanites,
chunk_169253,mentions,vocab:victor,
chunk_169254,mentions,vocab:elulind,
chunk_169254,mentions,vocab:elysian,
chunk_169254,mentions,vocab:urgulk,
chunk_169254,mentions,vocab:victor,
chunk_169255,mentions,vocab:alivyre,
chunk_169255,mentions,vocab:henry,
chunk_169256,mentions,vocab:hand,
chunk_169256,mentions,vocab:henry,
chunk_169258,mentions,vocab:alivyre,
chunk_169258,mentions,vocab:henry,
chunk_169258,mentions,vocab:victor,
chunk_169259,mentions,vocab:terry,
chunk_169259,mentions,vocab:victor,
chunk_169260,mentions,vocab:alivyre,
chunk_169260,mentions,vocab:faeryne,
chunk_169260,mentions,vocab:henry,
chunk_169260,mentions,vocab:light,
chunk_169260,mentions,vocab:luminia,
chunk_169260,mentions,vocab:terry,
chunk_169260,mentions,vocab:victor,
chunk_169261,mentions,vocab:terry,
chunk_169263,mentions,vocab:alivyre,
chunk_169263,mentions,vocab:luminia,
chunk_169263,mentions,vocab:terry,
chunk_169263,mentions,vocab:victor,
chunk_169264,mentions,vocab:faeryne,
chunk_169264,mentions,vocab:light,
chunk_169264,mentions,vocab:victor,
chunk_169265,mentions,vocab:luminia,
chunk_169265,mentions,vocab:terry,
chunk_169267,mentions,vocab:alivyre,
chunk_169267,mentions,vocab:elysia,
chunk_169267,mentions,vocab:joram,
chunk_169267,mentions,vocab:party,
chunk_169267,mentions,vocab:tolanites,
chunk_169267,mentions,vocab:victor,
chunk_169268,mentions,vocab:evaine,
chunk_169268,mentions,vocab:remedy,
chunk_169268,mentions,vocab:rhys,
chunk_169268,mentions,vocab:victor,
chunk_169269,mentions,vocab:alivyre,
chunk_169269,mentions,vocab:aren,
chunk_169269,mentions,vocab:crafthold,
chunk_169269,mentions,vocab:elysia,
chunk_169269,mentions,vocab:gina,
chunk_169269,mentions,vocab:hand,
chunk_169269,mentions,vocab:hands,
chunk_169269,mentions,vocab:hands of liamassa,
chunk_169269,mentions,vocab:henry,
chunk_169269,mentions,vocab:king,
chunk_169269,mentions,vocab:ronric,
chunk_169269,mentions,vocab:tolanites,
chunk_169269,mentions,vocab:vyssa,
chunk_169270,mentions,vocab:elulind,
chunk_169270,mentions,vocab:elysia,
chunk_169270,mentions,vocab:elysian,
chunk_169270,mentions,vocab:halverin,
chunk_169270,mentions,vocab:hand,
chunk_169270,mentions,vocab:hands,
chunk_169270,mentions,vocab:king,
chunk_169270,mentions,vocab:ronric,
chunk_169270,mentions,vocab:thieves guild,
chunk_169271,mentions,vocab:hands,
chunk_169271,mentions,vocab:henry,
chunk_169271,mentions,vocab:shadowboy,
chunk_169271,mentions,vocab:victor,
chunk_169272,mentions,vocab:victor,
chunk_169273,mentions,vocab:remedy,
chunk_169274,mentions,vocab:crowethedualityking,
chunk_169274,mentions,vocab:hands,
chunk_169274,mentions,vocab:henry,
chunk_169274,mentions,vocab:shadowboy,
chunk_169274,mentions,vocab:victor,
chunk_169275,mentions,vocab:hands,
chunk_169275,mentions,vocab:henry,
chunk_169275,mentions,vocab:ronric,
chunk_169275,mentions,vocab:shworn,
chunk_169275,mentions,vocab:sleepsong,
chunk_169275,mentions,vocab:todd,
chunk_169275,mentions,vocab:tolanites,
chunk_169275,mentions,vocab:victor,
chunk_169275,mentions,vocab:vyssa,
chunk_169277,mentions,vocab:victor,
chunk_169282,mentions,vocab:victor,
chunk_169284,mentions,vocab:victor,
chunk_169285,mentions,vocab:victor,
chunk_169287,mentions,vocab:charis,
chunk_169287,mentions,vocab:victor,
chunk_169288,mentions,vocab:alivyre,
chunk_169288,mentions,vocab:victor,
chunk_169289,mentions,vocab:hands,
chunk_169289,mentions,vocab:rhys,
chunk_169289,mentions,vocab:victor,
chunk_169290,mentions,vocab:rhys,
chunk_169291,mentions,vocab:alivyre,
chunk_169293,mentions,vocab:henry,
chunk_169293,mentions,vocab:ronric,
chunk_169293,mentions,vocab:tolanites,
chunk_169294,mentions,vocab:aren,
chunk_169294,mentions,vocab:remedy,
chunk_169294,mentions,vocab:ronric,
chunk_169294,mentions,vocab:tolanites,
chunk_169294,mentions,vocab:vyssa,
chunk_169295,mentions,vocab:alivyre,
chunk_169295,mentions,vocab:hands,
chunk_169296,mentions,vocab:faeryne,
chunk_169296,mentions,vocab:henry,
chunk_169297,mentions,vocab:victor,
chunk_169298,mentions,vocab:alivyre,
chunk_169298,mentions,vocab:evaine,
chunk_169298,mentions,vocab:faeryne,
chunk_169298,mentions,vocab:henry,
chunk_169298,mentions,vocab:luminia,
chunk_169298,mentions,vocab:ronric,
chunk_169298,mentions,vocab:terry,
chunk_169298,mentions,vocab:thieves guild,
chunk_169298,mentions,vocab:tolanite,
chunk_169298,mentions,vocab:tolanites,
chunk_169298,mentions,vocab:urgulk,
chunk_169298,mentions,vocab:victor,
chunk_169298,mentions,vocab:vyssa,
chunk_169299,mentions,vocab:bysickle,
chunk_169299,mentions,vocab:henry,
chunk_169299,mentions,vocab:victor,
chunk_169300,mentions,vocab:elysia,
chunk_169300,mentions,vocab:tolanite,
chunk_169300,mentions,vocab:tolanites,
chunk_169300,mentions,vocab:victor,
chunk_169302,mentions,vocab:alivyre,
chunk_169302,mentions,vocab:gina,
chunk_169302,mentions,vocab:henry,
chunk_169302,mentions,vocab:victor,
chunk_169303,mentions,vocab:alivyre,
chunk_169303,mentions,vocab:crafthold,
chunk_169303,mentions,vocab:faeryne,
chunk_169303,mentions,vocab:victor,
chunk_169305,mentions,vocab:victor,
chunk_169306,mentions,vocab:faeryne,
chunk_169306,mentions,vocab:hands of liamassa,
chunk_169306,mentions,vocab:remedy,
chunk_169306,mentions,vocab:vyssa,
chunk_169307,mentions,vocab:alivyre,
chunk_169307,mentions,vocab:bysickle,
chunk_169307,mentions,vocab:hands,
chunk_169307,mentions,vocab:henry,
chunk_169307,mentions,vocab:party,
chunk_169307,mentions,vocab:ronric,
chunk_169307,mentions,vocab:todd,
chunk_169307,mentions,vocab:victor,
chunk_169308,mentions,vocab:victor,
chunk_169309,mentions,vocab:todd,
chunk_169309,mentions,vocab:victor,
chunk_169310,mentions,vocab:todd,
chunk_169311,mentions,vocab:ronric,
chunk_169311,mentions,vocab:todd,
chunk_169312,mentions,vocab:ronric,
chunk_169312,mentions,vocab:todd,
chunk_169312,mentions,vocab:vyssa,
chunk_169313,mentions,vocab:aren,
chunk_169313,mentions,vocab:faeryne,
chunk_169313,mentions,vocab:hand,
chunk_169313,mentions,vocab:henry,
chunk_169313,mentions,vocab:ronric,
chunk_169314,mentions,vocab:hand,
chunk_169314,mentions,vocab:henry,
chunk_169314,mentions,vocab:ronric,
chunk_169314,mentions,vocab:todd,
chunk_169315,mentions,vocab:henry,
chunk_169315,mentions,vocab:ronric,
chunk_169315,mentions,vocab:victor,
chunk_169316,mentions,vocab:ronric,
chunk_169317,mentions,vocab:bear,
chunk_169317,mentions,vocab:makhala,
chunk_169317,mentions,vocab:remedy,
chunk_169318,mentions,vocab:hands,
chunk_169318,mentions,vocab:remedy,
chunk_169319,mentions,vocab:joram,
chunk_169319,mentions,vocab:rhys,
chunk_169320,mentions,vocab:elysia,
chunk_169320,mentions,vocab:hands,
chunk_169320,mentions,vocab:king,
chunk_169320,mentions,vocab:ronric,
chunk_169320,mentions,vocab:tolanites,
chunk_169321,mentions,vocab:alivyre,
chunk_169321,mentions,vocab:henry,
chunk_169321,mentions,vocab:ronric,
chunk_169321,mentions,vocab:vyssa,
chunk_169322,mentions,vocab:bysickle,
chunk_169322,mentions,vocab:crowe,
chunk_169322,mentions,vocab:henry,
chunk_169323,mentions,vocab:alivyre,
chunk_169323,mentions,vocab:kalina hitana,
chunk_169323,mentions,vocab:luminia,
chunk_169323,mentions,vocab:terry,
chunk_169327,mentions,vocab:todd,
chunk_169328,mentions,vocab:ronric,
chunk_169328,mentions,vocab:victor,
chunk_169329,mentions,vocab:elysia,
chunk_169329,mentions,vocab:henry,
chunk_169329,mentions,vocab:ronric,
chunk_169330,mentions,vocab:alivyre,
chunk_169332,mentions,vocab:henry,
chunk_169333,mentions,vocab:bysickle,
chunk_169333,mentions,vocab:crowethedualityking,
chunk_169335,mentions,vocab:alivyre,
chunk_169335,mentions,vocab:bysickle,
chunk_169335,mentions,vocab:hand,
chunk_169335,mentions,vocab:henry,
chunk_169335,mentions,vocab:little bear,
chunk_169335,mentions,vocab:victor,
chunk_169336,mentions,vocab:victor,
chunk_169337,mentions,vocab:crowe,
chunk_169338,mentions,vocab:elysia,
chunk_169338,mentions,vocab:henry,
chunk_169338,mentions,vocab:victor,
chunk_169339,mentions,vocab:victor,
chunk_169342,mentions,vocab:elysia,
chunk_169343,mentions,vocab:hand,
chunk_169343,mentions,vocab:king,
chunk_169344,mentions,vocab:king,
chunk_169346,mentions,vocab:liacyne,
chunk_169347,mentions,vocab:charis,
chunk_169347,mentions,vocab:elysia,
chunk_169347,mentions,vocab:elysia academy,
chunk_169347,mentions,vocab:henry,
chunk_169347,mentions,vocab:king,
chunk_169347,mentions,vocab:victor,
chunk_169349,mentions,vocab:aren,
chunk_169349,mentions,vocab:henry,
chunk_169349,mentions,vocab:king,
chunk_169349,mentions,vocab:victor,
chunk_169349,mentions,vocab:vyssa,
chunk_169350,mentions,vocab:aren,
chunk_169350,mentions,vocab:hand,
chunk_169350,mentions,vocab:hands,
chunk_169350,mentions,vocab:king,
chunk_169350,mentions,vocab:victor,
chunk_169350,mentions,vocab:vyssa,
chunk_169351,mentions,vocab:victor,
chunk_169352,mentions,vocab:vyssa,
chunk_169353,mentions,vocab:academy,
chunk_169353,mentions,vocab:alivyre,
chunk_169353,mentions,vocab:ash,
chunk_169353,mentions,vocab:elysia,
chunk_169353,mentions,vocab:evaine macrorie thuryn,
chunk_169353,mentions,vocab:faeryne,
chunk_169353,mentions,vocab:hand,
chunk_169353,mentions,vocab:henry,
chunk_169353,mentions,vocab:killeth,
chunk_169353,mentions,vocab:light,
chunk_169353,mentions,vocab:little bear,
chunk_169353,mentions,vocab:luminia,
chunk_169353,mentions,vocab:terry,
chunk_169353,mentions,vocab:victor,
chunk_169353,mentions,vocab:vyssa,
chunk_169354,mentions,vocab:braydon,
chunk_169354,mentions,vocab:hands,
chunk_169354,mentions,vocab:kaedra,
chunk_169354,mentions,vocab:kalina,
chunk_169354,mentions,vocab:king,
chunk_169354,mentions,vocab:victor,
chunk_169355,mentions,vocab:hand,
chunk_169355,mentions,vocab:thieves guild,
chunk_169356,mentions,vocab:kaedra,
chunk_169356,mentions,vocab:victor,
chunk_169358,mentions,vocab:hand,
chunk_169358,mentions,vocab:thieves guild,
chunk_169361,mentions,vocab:crafthold,
chunk_169361,mentions,vocab:elysia,
chunk_169361,mentions,vocab:torenth,
chunk_169362,mentions,vocab:victor,
chunk_169364,mentions,vocab:hand,
chunk_169364,mentions,vocab:thieves guild,
chunk_169364,mentions,vocab:victor,
chunk_169366,mentions,vocab:elysia,
chunk_169366,mentions,vocab:tolanites,
chunk_169369,mentions,vocab:dhassa,
chunk_169369,mentions,vocab:faeryne,
chunk_169369,mentions,vocab:kalina hitana,
chunk_169370,mentions,vocab:bysickle,
chunk_169370,mentions,vocab:dhassa,
chunk_169370,mentions,vocab:henry,
chunk_169372,mentions,vocab:ash,
chunk_169372,mentions,vocab:crowethedualityking,
chunk_169372,mentions,vocab:hand,
chunk_169372,mentions,vocab:henry,
chunk_169372,mentions,vocab:little bear,
chunk_169372,mentions,vocab:victor,
chunk_169374,mentions,vocab:gina,
chunk_169374,mentions,vocab:victor,
chunk_169376,mentions,vocab:ash,
chunk_169376,mentions,vocab:hands,
chunk_169376,mentions,vocab:henry,
chunk_169376,mentions,vocab:little bear,
chunk_169377,mentions,vocab:alivyre,
chunk_169377,mentions,vocab:elysia,
chunk_169377,mentions,vocab:faeryne,
chunk_169377,mentions,vocab:hands,
chunk_169377,mentions,vocab:light,
chunk_169377,mentions,vocab:luminia,
chunk_169377,mentions,vocab:terry,
chunk_169377,mentions,vocab:victor,
chunk_169378,mentions,vocab:bysickle,
chunk_169378,mentions,vocab:henry,
chunk_169378,mentions,vocab:light,
chunk_169378,mentions,vocab:little bear,
chunk_169379,mentions,vocab:crowethedualityking,
chunk_169379,mentions,vocab:hands,
chunk_169379,mentions,vocab:king,
chunk_169379,mentions,vocab:victor,
chunk_169379,mentions,vocab:vyssa,
chunk_169380,mentions,vocab:victor,
chunk_169381,mentions,vocab:vyssa,
chunk_169382,mentions,vocab:victor,
chunk_169383,mentions,vocab:victor,
chunk_169383,mentions,vocab:vyssa,
chunk_169384,mentions,vocab:henry,
chunk_169384,mentions,vocab:vyssa,
chunk_169385,mentions,vocab:henry,
chunk_169385,mentions,vocab:victor,
chunk_169386,mentions,vocab:little bear,
chunk_169386,mentions,vocab:victor,
chunk_169387,mentions,vocab:academy,
chunk_169387,mentions,vocab:bysickle,
chunk_169387,mentions,vocab:crowethedualityking,
chunk_169387,mentions,vocab:hand,
chunk_169387,mentions,vocab:henry,
chunk_169387,mentions,vocab:victor,
chunk_169387,mentions,vocab:vyssa,
chunk_169388,mentions,vocab:victor,
chunk_169389,mentions,vocab:academy,
chunk_169389,mentions,vocab:hand,
chunk_169389,mentions,vocab:henry,
chunk_169389,mentions,vocab:victor,
chunk_169390,mentions,vocab:academy,
chunk_169390,mentions,vocab:elysia,
chunk_169390,mentions,vocab:folly,
chunk_169390,mentions,vocab:hand,
chunk_169390,mentions,vocab:hands,
chunk_169390,mentions,vocab:henry,
chunk_169390,mentions,vocab:king,
chunk_169391,mentions,vocab:bysickle,
chunk_169391,mentions,vocab:henry,
chunk_169392,mentions,vocab:henry,
chunk_169392,mentions,vocab:vyssa,
chunk_169394,mentions,vocab:academy,
chunk_169394,mentions,vocab:crafthold,
chunk_169394,mentions,vocab:elysia,
chunk_169394,mentions,vocab:henry,
chunk_169394,mentions,vocab:king,
chunk_169394,mentions,vocab:tolanites,
chunk_169395,mentions,vocab:bysickle,
chunk_169395,mentions,vocab:henry,
chunk_169396,mentions,vocab:king,
chunk_169396,mentions,vocab:tolanites,
chunk_169396,mentions,vocab:victor,
chunk_169397,mentions,vocab:henry,
chunk_169398,mentions,vocab:crafthold,
chunk_169398,mentions,vocab:henry,
chunk_169398,mentions,vocab:king,
chunk_169398,mentions,vocab:tolanite,
chunk_169398,mentions,vocab:tolanites,
chunk_169399,mentions,vocab:king,
chunk_169400,mentions,vocab:bysickle,
chunk_169400,mentions,vocab:henry,
chunk_169401,mentions,vocab:victor,
chunk_169402,mentions,vocab:academy,
chunk_169402,mentions,vocab:elysia,
chunk_169402,mentions,vocab:henry,
chunk_169402,mentions,vocab:king,
chunk_169402,mentions,vocab:ronric,
chunk_169402,mentions,vocab:shadowboy,
chunk_169402,mentions,vocab:tolanites,
chunk_169402,mentions,vocab:victor,
chunk_169404,mentions,vocab:victor,
chunk_169405,mentions,vocab:makhala,
chunk_169405,mentions,vocab:remedy,
chunk_169407,mentions,vocab:bysickle,
chunk_169407,mentions,vocab:henry,
chunk_169407,mentions,vocab:victor,
chunk_169408,mentions,vocab:academy,
chunk_169408,mentions,vocab:elysia,
chunk_169408,mentions,vocab:victor,
chunk_169409,mentions,vocab:victor,
chunk_169410,mentions,vocab:academy,
chunk_169410,mentions,vocab:henry,
chunk_169410,mentions,vocab:victor,
chunk_169412,mentions,vocab:alivyre,
chunk_169412,mentions,vocab:bysickle,
chunk_169412,mentions,vocab:henry,
chunk_169412,mentions,vocab:little bear,
chunk_169412,mentions,vocab:victor,
chunk_169413,mentions,vocab:alivyre,
chunk_169413,mentions,vocab:elysia,
chunk_169413,mentions,vocab:faeryne,
chunk_169413,mentions,vocab:luminia,
chunk_169413,mentions,vocab:terry,
chunk_169413,mentions,vocab:victor,
chunk_169414,mentions,vocab:alivyre,
chunk_169414,mentions,vocab:victor,
chunk_169415,mentions,vocab:alivyre,
chunk_169415,mentions,vocab:evaine macrorie thuryn,
chunk_169415,mentions,vocab:victor,
chunk_169421,mentions,vocab:alivyre,
chunk_169421,mentions,vocab:faeryne,
chunk_169423,mentions,vocab:kaedra,
chunk_169423,mentions,vocab:victor,
chunk_169424,mentions,vocab:victor,
chunk_169425,mentions,vocab:alivyre,
chunk_169425,mentions,vocab:luminia,
chunk_169425,mentions,vocab:victor,
chunk_169426,mentions,vocab:alivyre,
chunk_169426,mentions,vocab:makhala,
chunk_169426,mentions,vocab:thieves guild,
chunk_169427,mentions,vocab:kaedra,
chunk_169427,mentions,vocab:victor,
chunk_169428,mentions,vocab:kaedra,
chunk_169429,mentions,vocab:kaedra,
chunk_169430,mentions,vocab:alivyre,
chunk_169430,mentions,vocab:faeryne,
chunk_169430,mentions,vocab:hand,
chunk_169430,mentions,vocab:hands,
chunk_169430,mentions,vocab:kaedra,
chunk_169430,mentions,vocab:victor,
chunk_169431,mentions,vocab:bysickle,
chunk_169431,mentions,vocab:dhassa,
chunk_169431,mentions,vocab:henry,
chunk_169433,mentions,vocab:henry,
chunk_169434,mentions,vocab:alivyre,
chunk_169435,mentions,vocab:bysickle,
chunk_169435,mentions,vocab:victor,
chunk_169436,mentions,vocab:hands,
chunk_169436,mentions,vocab:kaedra,
chunk_169436,mentions,vocab:victor,
chunk_169439,mentions,vocab:hand,
chunk_169440,mentions,vocab:kaedra,
chunk_169440,mentions,vocab:victor,
chunk_169441,mentions,vocab:henry,
chunk_169442,mentions,vocab:gina,
chunk_169443,mentions,vocab:faeryne,
chunk_169443,mentions,vocab:gina,
chunk_169443,mentions,vocab:hands,
chunk_169443,mentions,vocab:kaedra,
chunk_169443,mentions,vocab:terry,
chunk_169443,mentions,vocab:victor,
chunk_169444,mentions,vocab:elysia,
chunk_169444,mentions,vocab:hands,
chunk_169444,mentions,vocab:makhala,
chunk_169447,mentions,vocab:alivyre,
chunk_169447,mentions,vocab:faeryne,
chunk_169447,mentions,vocab:henry,
chunk_169447,mentions,vocab:victor,
chunk_169449,mentions,vocab:crowe,
chunk_169449,mentions,vocab:victor,
chunk_169450,mentions,vocab:victor,
chunk_169453,mentions,vocab:victor,
chunk_169456,mentions,vocab:hands,
chunk_169456,mentions,vocab:victor,
chunk_169457,mentions,vocab:hand,
chunk_169457,mentions,vocab:victor,
chunk_169458,mentions,vocab:victor,
chunk_169459,mentions,vocab:elysia,
chunk_169459,mentions,vocab:hand,
chunk_169459,mentions,vocab:hands of liamassa,
chunk_169459,mentions,vocab:remedy,
chunk_169460,mentions,vocab:victor,
chunk_169462,mentions,vocab:hand,
chunk_169462,mentions,vocab:victor,
chunk_169463,mentions,vocab:liavarah,
chunk_169463,mentions,vocab:victor,
chunk_169464,mentions,vocab:hands,
chunk_169464,mentions,vocab:remedy,
chunk_169464,mentions,vocab:victor,
chunk_169465,mentions,vocab:piers,
chunk_169465,mentions,vocab:victor,
chunk_169466,mentions,vocab:hand,
chunk_169466,mentions,vocab:piers,
chunk_169466,mentions,vocab:victor,
chunk_169467,mentions,vocab:victor,
chunk_169469,mentions,vocab:alivyre,
chunk_169469,mentions,vocab:elysian,
chunk_169469,mentions,vocab:todd,
chunk_169469,mentions,vocab:victor,
chunk_169470,mentions,vocab:academy,
chunk_169470,mentions,vocab:alivyre,
chunk_169470,mentions,vocab:faeryne,
chunk_169470,mentions,vocab:luminia,
chunk_169470,mentions,vocab:terry,
chunk_169470,mentions,vocab:victor,
chunk_169471,mentions,vocab:alivyre,
chunk_169471,mentions,vocab:elysian,
chunk_169471,mentions,vocab:hands,
chunk_169471,mentions,vocab:henry,
chunk_169471,mentions,vocab:todd,
chunk_169471,mentions,vocab:victor,
chunk_169471,mentions,vocab:vyssa,
chunk_169473,mentions,vocab:piers,
chunk_169473,mentions,vocab:victor,
chunk_169474,mentions,vocab:henry,
chunk_169476,mentions,vocab:makhala,
chunk_169476,mentions,vocab:piers,
chunk_169476,mentions,vocab:victor,
chunk_169479,mentions,vocab:emily,
chunk_169479,mentions,vocab:piers,
chunk_169479,mentions,vocab:victor,
chunk_169480,mentions,vocab:emily,
chunk_169481,mentions,vocab:victor,
chunk_169482,mentions,vocab:emily,
chunk_169482,mentions,vocab:makhala,
chunk_169482,mentions,vocab:piers,
chunk_169482,mentions,vocab:victor,
chunk_169483,mentions,vocab:elysia,
chunk_169483,mentions,vocab:hands,
chunk_169483,mentions,vocab:king,
chunk_169483,mentions,vocab:remedy,
chunk_169483,mentions,vocab:tolanite,
chunk_169483,mentions,vocab:tolanites,
chunk_169483,mentions,vocab:victor,
chunk_169484,mentions,vocab:makhala,
chunk_169484,mentions,vocab:victor,
chunk_169485,mentions,vocab:elysia,
chunk_169486,mentions,vocab:emily,
chunk_169486,mentions,vocab:hands,
chunk_169486,mentions,vocab:makhala,
chunk_169486,mentions,vocab:piers,
chunk_169486,mentions,vocab:victor,
chunk_169488,mentions,vocab:piers,
chunk_169491,mentions,vocab:alivyre,
chunk_169491,mentions,vocab:victor,
chunk_169492,mentions,vocab:alivyre,
chunk_169492,mentions,vocab:faeryne,
chunk_169492,mentions,vocab:hand,
chunk_169492,mentions,vocab:henry,
chunk_169493,mentions,vocab:tolanite,
chunk_169493,mentions,vocab:victor,
chunk_169494,mentions,vocab:light,
chunk_169495,mentions,vocab:bysickle,
chunk_169495,mentions,vocab:henry,
chunk_169495,mentions,vocab:victor,
chunk_169497,mentions,vocab:bysickle,
chunk_169497,mentions,vocab:evaine,
chunk_169497,mentions,vocab:faeryne,
chunk_169497,mentions,vocab:henry,
chunk_169497,mentions,vocab:little bear,
chunk_169497,mentions,vocab:victor,
chunk_169498,mentions,vocab:alivyre,
chunk_169498,mentions,vocab:henry,
chunk_169498,mentions,vocab:luminia,
chunk_169498,mentions,vocab:terry,
chunk_169498,mentions,vocab:victor,
chunk_169500,mentions,vocab:alivyre,
chunk_169501,mentions,vocab:alivyre,
chunk_169501,mentions,vocab:faeryne,
chunk_169501,mentions,vocab:henry,
chunk_169502,mentions,vocab:alivyre,
chunk_169502,mentions,vocab:bysickle,
chunk_169502,mentions,vocab:dhassa,
chunk_169502,mentions,vocab:faeryne,
chunk_169502,mentions,vocab:henry,
chunk_169502,mentions,vocab:victor,
chunk_169504,mentions,vocab:ronric,
chunk_169504,mentions,vocab:todd,
chunk_169505,mentions,vocab:faeryne,
chunk_169505,mentions,vocab:henry,
chunk_169506,mentions,vocab:faeryne,
chunk_169506,mentions,vocab:todd,
chunk_169509,mentions,vocab:alivyre,
chunk_169509,mentions,vocab:faeryne,
chunk_169509,mentions,vocab:hands,
chunk_169509,mentions,vocab:henry,
chunk_169509,mentions,vocab:todd,
chunk_169509,mentions,vocab:victor,
chunk_169511,mentions,vocab:faeryne,
chunk_169511,mentions,vocab:hadar,
chunk_169511,mentions,vocab:henry,
chunk_169511,mentions,vocab:liavarah,
chunk_169511,mentions,vocab:urgulk,
chunk_169512,mentions,vocab:aren,
chunk_169512,mentions,vocab:party,
chunk_169513,mentions,vocab:alivyre,
chunk_169513,mentions,vocab:emily,
chunk_169513,mentions,vocab:evaine,
chunk_169513,mentions,vocab:faeryne,
chunk_169513,mentions,vocab:gina,
chunk_169513,mentions,vocab:henry,
chunk_169513,mentions,vocab:joram,
chunk_169513,mentions,vocab:kavar,
chunk_169513,mentions,vocab:luminia,
chunk_169513,mentions,vocab:makhala,
chunk_169513,mentions,vocab:piers,
chunk_169513,mentions,vocab:rhys,
chunk_169513,mentions,vocab:ricardo alcocer,
chunk_169513,mentions,vocab:ronric,
chunk_169513,mentions,vocab:shworn,
chunk_169513,mentions,vocab:terry,
chunk_169513,mentions,vocab:urgulk,
chunk_169513,mentions,vocab:victor,
chunk_169513,mentions,vocab:vyssa,
chunk_169514,mentions,vocab:alivyre,
chunk_169514,mentions,vocab:ash,
chunk_169514,mentions,vocab:claw,
chunk_169514,mentions,vocab:faeryne,
chunk_169514,mentions,vocab:hand,
chunk_169514,mentions,vocab:henry,
chunk_169514,mentions,vocab:light,
chunk_169514,mentions,vocab:rhys,
chunk_169514,mentions,vocab:terry,
chunk_169514,mentions,vocab:victor,
chunk_169516,mentions,vocab:evaine,
chunk_169516,mentions,vocab:party,
chunk_169516,mentions,vocab:tolanite,
chunk_169518,mentions,vocab:evaine,
chunk_169519,mentions,vocab:remedy,
chunk_169521,mentions,vocab:remedy,
chunk_169522,mentions,vocab:academy,
chunk_169523,mentions,vocab:remedy,
chunk_169524,mentions,vocab:remedy,
chunk_169524,mentions,vocab:tolanite,
chunk_169526,mentions,vocab:victor,
chunk_169527,mentions,vocab:evaine,
chunk_169527,mentions,vocab:henry,
chunk_169527,mentions,vocab:joram,
chunk_169527,mentions,vocab:makhala,
chunk_169527,mentions,vocab:remedy,
chunk_169527,mentions,vocab:rhys,
chunk_169527,mentions,vocab:ricardo,
chunk_169527,mentions,vocab:tolanites,
chunk_169527,mentions,vocab:victor,
chunk_169528,mentions,vocab:victor,
chunk_169529,mentions,vocab:evaine,
chunk_169529,mentions,vocab:makhala,
chunk_169529,mentions,vocab:remedy,
chunk_169529,mentions,vocab:rhys,
chunk_169529,mentions,vocab:ricardo,
chunk_169530,mentions,vocab:academy,
chunk_169530,mentions,vocab:dhassa,
chunk_169530,mentions,vocab:elulind,
chunk_169530,mentions,vocab:elysia,
chunk_169530,mentions,vocab:henry,
chunk_169530,mentions,vocab:king,
chunk_169530,mentions,vocab:ravencrest,
chunk_169530,mentions,vocab:remedy,
chunk_169530,mentions,vocab:rhys,
chunk_169530,mentions,vocab:tolanite,
chunk_169530,mentions,vocab:tolanites,
chunk_169530,mentions,vocab:victor,
chunk_169530,mentions,vocab:vyssa,
chunk_169531,mentions,vocab:evaine,
chunk_169531,mentions,vocab:party,
chunk_169531,mentions,vocab:rhys,
chunk_169531,mentions,vocab:victor,
chunk_169532,mentions,vocab:ronric,
chunk_169533,mentions,vocab:ronric,
chunk_169534,mentions,vocab:blackwood,
chunk_169534,mentions,vocab:elysia,
chunk_169534,mentions,vocab:hands,
chunk_169534,mentions,vocab:ronric,
chunk_169535,mentions,vocab:hands,
chunk_169535,mentions,vocab:ronric,
chunk_169536,mentions,vocab:ronric,
chunk_169537,mentions,vocab:ronric,
chunk_169538,mentions,vocab:blackwood,
chunk_169538,mentions,vocab:hands,
chunk_169538,mentions,vocab:ronric,
chunk_169539,mentions,vocab:ronric,
chunk_169540,mentions,vocab:hands,
chunk_169540,mentions,vocab:ronric,
chunk_169541,mentions,vocab:hands,
chunk_169541,mentions,vocab:ronric,
chunk_169542,mentions,vocab:ronric,
chunk_169544,mentions,vocab:alivyre,
chunk_169544,mentions,vocab:faeryne,
chunk_169544,mentions,vocab:henry,
chunk_169544,mentions,vocab:kaedra,
chunk_169544,mentions,vocab:luminia,
chunk_169544,mentions,vocab:makhala,
chunk_169544,mentions,vocab:party,
chunk_169544,mentions,vocab:piers,
chunk_169544,mentions,vocab:terry,
chunk_169544,mentions,vocab:victor,
chunk_169545,mentions,vocab:henry,
chunk_169545,mentions,vocab:victor,
chunk_169546,mentions,vocab:alivyre,
chunk_169546,mentions,vocab:hand,
chunk_169546,mentions,vocab:henry,
chunk_169546,mentions,vocab:remedy,
chunk_169549,mentions,vocab:blackburn,
chunk_169549,mentions,vocab:blackwood,
chunk_169549,mentions,vocab:brechin,
chunk_169549,mentions,vocab:brightfields,
chunk_169549,mentions,vocab:cameth brin,
chunk_169549,mentions,vocab:crafthold,
chunk_169549,mentions,vocab:dereham,
chunk_169549,mentions,vocab:dhassa,
chunk_169549,mentions,vocab:druwen,
chunk_169549,mentions,vocab:duchy of druwen,
chunk_169549,mentions,vocab:eghad,
chunk_169549,mentions,vocab:elulind,
chunk_169549,mentions,vocab:elysia,
chunk_169549,mentions,vocab:guldrur,
chunk_169549,mentions,vocab:henry,
chunk_169549,mentions,vocab:jotunheim peaks,
chunk_169549,mentions,vocab:killeth,
chunk_169549,mentions,vocab:king,
chunk_169549,mentions,vocab:kingdom of elulind,
chunk_169549,mentions,vocab:kingdom of tolàn,
chunk_169549,mentions,vocab:kirchefyr temple,
chunk_169549,mentions,vocab:monadh mor,
chunk_169549,mentions,vocab:north bend fob,
chunk_169549,mentions,vocab:party,
chunk_169549,mentions,vocab:rarmal,
chunk_169549,mentions,vocab:stonehome,
chunk_169549,mentions,vocab:thurway,
chunk_169549,mentions,vocab:torenth,
chunk_169549,mentions,vocab:trollhills,
chunk_169549,mentions,vocab:wolfstream,
chunk_169549,mentions,vocab:wolfstream abbey,
chunk_169549,mentions,vocab:wolfstream village,
chunk_169550,mentions,vocab:burzath,
chunk_169550,mentions,vocab:guldrur,
chunk_169550,mentions,vocab:rarmal,
chunk_169551,mentions,vocab:stonehome,
chunk_169552,mentions,vocab:kwalish,
chunk_169553,mentions,vocab:anthony haldane,
chunk_169553,mentions,vocab:dhassa,
chunk_169553,mentions,vocab:edmund loris,
chunk_169553,mentions,vocab:eira sleepsong,
chunk_169553,mentions,vocab:henry,
chunk_169553,mentions,vocab:kama torchholder,
chunk_169553,mentions,vocab:king,
chunk_169553,mentions,vocab:kingdom of elulind,
chunk_169553,mentions,vocab:shworn,
chunk_169554,mentions,vocab:arimid’s remedy,
chunk_169554,mentions,vocab:elysia,
chunk_169554,mentions,vocab:gina,
chunk_169554,mentions,vocab:halverin,
chunk_169554,mentions,vocab:halverin’s guard,
chunk_169554,mentions,vocab:hand,
chunk_169554,mentions,vocab:victor,
chunk_169555,mentions,vocab:duchy of druwen,
chunk_169556,mentions,vocab:brechin,
chunk_169556,mentions,vocab:edda macinnis,
chunk_169557,mentions,vocab:abbey,
chunk_169557,mentions,vocab:bella,
chunk_169557,mentions,vocab:brigitte ware,
chunk_169557,mentions,vocab:crafthold,
chunk_169557,mentions,vocab:norris,
chunk_169558,mentions,vocab:kir selaz,
chunk_169558,mentions,vocab:thurway,
chunk_169558,mentions,vocab:wolfstream village,
chunk_169559,mentions,vocab:crafthold,
chunk_169561,mentions,vocab:eardwulf,
chunk_169561,mentions,vocab:melba,
chunk_169568,mentions,vocab:krach-ul,
chunk_169578,mentions,vocab:krach-ul,
chunk_169581,mentions,vocab:krach-ul,
chunk_169588,mentions,vocab:alivyre,
chunk_169588,mentions,vocab:aniya,
chunk_169588,mentions,vocab:ash,
chunk_169588,mentions,vocab:azaar,
chunk_169588,mentions,vocab:bear,
chunk_169588,mentions,vocab:berry,
chunk_169588,mentions,vocab:bixley,
chunk_169588,mentions,vocab:bre,
chunk_169588,mentions,vocab:brightfield,
chunk_169588,mentions,vocab:cara windsoul,
chunk_169588,mentions,vocab:cergad,
chunk_169588,mentions,vocab:clara,
chunk_169588,mentions,vocab:claw,
chunk_169588,mentions,vocab:connor,
chunk_169588,mentions,vocab:crafthold,
chunk_169588,mentions,vocab:cunai,
chunk_169588,mentions,vocab:darren moore,
chunk_169588,mentions,vocab:david bowie,
chunk_169588,mentions,vocab:david herder,
chunk_169588,mentions,vocab:drib,
chunk_169588,mentions,vocab:eghad,
chunk_169588,mentions,vocab:elaris,
chunk_169588,mentions,vocab:faeryne,
chunk_169588,mentions,vocab:fritz,
chunk_169588,mentions,vocab:fulbert,
chunk_169588,mentions,vocab:garrick,
chunk_169588,mentions,vocab:hammer,
chunk_169588,mentions,vocab:henry,
chunk_169588,mentions,vocab:holly,
chunk_169588,mentions,vocab:idolus,
chunk_169588,mentions,vocab:iwtc,
chunk_169588,mentions,vocab:jane,
chunk_169588,mentions,vocab:jemmy,
chunk_169588,mentions,vocab:kaitlyn,
chunk_169588,mentions,vocab:katy,
chunk_169588,mentions,vocab:liacyne,
chunk_169588,mentions,vocab:liavarah,
chunk_169588,mentions,vocab:light,
chunk_169588,mentions,vocab:little bear,
chunk_169588,mentions,vocab:mercy windriver,
chunk_169588,mentions,vocab:mowser,
chunk_169588,mentions,vocab:pet,
chunk_169588,mentions,vocab:poppy everhold,
chunk_169588,mentions,vocab:salaisha,
chunk_169588,mentions,vocab:saphira,
chunk_169588,mentions,vocab:sleepsong,
chunk_169588,mentions,vocab:soren,
chunk_169588,mentions,vocab:spike,
chunk_169588,mentions,vocab:tanzo,
chunk_169588,mentions,vocab:unala,
chunk_169588,mentions,vocab:urgulk,
chunk_169588,mentions,vocab:victor,
chunk_169589,mentions,vocab:abbey,
chunk_169589,mentions,vocab:eardwulf,
chunk_169589,mentions,vocab:melba,
chunk_169590,mentions,vocab:blackburn,
chunk_169591,mentions,vocab:cameth brin,
chunk_169591,mentions,vocab:cergad,
chunk_169591,mentions,vocab:trollhills,
chunk_169593,mentions,vocab:albrun's folly,
chunk_169593,mentions,vocab:aren,
chunk_169593,mentions,vocab:dereham,
chunk_169593,mentions,vocab:draug,
chunk_169593,mentions,vocab:grace kinneon,
chunk_169593,mentions,vocab:nala,
chunk_169593,mentions,vocab:rhona,
chunk_169593,mentions,vocab:tawyn,
chunk_169594,mentions,vocab:kirchefyr temple,
chunk_169594,mentions,vocab:loris,
chunk_169595,mentions,vocab:abbey,
chunk_169595,mentions,vocab:alister cullen,
chunk_169595,mentions,vocab:alivyre,
chunk_169595,mentions,vocab:evan newberry,
chunk_169595,mentions,vocab:jackals,
chunk_169595,mentions,vocab:king,
chunk_169595,mentions,vocab:north bend fob,
chunk_169595,mentions,vocab:selis caldwell,
chunk_169595,mentions,vocab:wolfstream abbey,
chunk_169596,mentions,vocab:beni tinkerlaugh,
chunk_169596,mentions,vocab:cliffborough,
chunk_169596,mentions,vocab:stonehome,
chunk_169597,mentions,vocab:burzath,
chunk_169597,mentions,vocab:crafthold,
chunk_169597,mentions,vocab:dakgorim,
chunk_169597,mentions,vocab:guldrur,
chunk_169597,mentions,vocab:khagra warhammer,
chunk_169597,mentions,vocab:party,
chunk_169597,mentions,vocab:rarmal,
chunk_169597,mentions,vocab:ungagh bloodaxe,
chunk_169597,mentions,vocab:warhammer,
chunk_169598,mentions,vocab:myconids,
chunk_169600,mentions,vocab:myconid,
chunk_169603,mentions,vocab:cara,
chunk_169603,mentions,vocab:henry,
chunk_169605,mentions,vocab:aren,
chunk_169606,mentions,vocab:cergad,
chunk_169606,mentions,vocab:chuck,
chunk_169606,mentions,vocab:jane,
chunk_169606,mentions,vocab:kwalish,
chunk_169606,mentions,vocab:myconids,
chunk_169606,mentions,vocab:stonehome,
chunk_169608,mentions,vocab:crafthold,
chunk_169609,mentions,vocab:moon,
chunk_169609,mentions,vocab:unala,
chunk_169610,mentions,vocab:moon,
chunk_169610,mentions,vocab:party,
chunk_169611,mentions,vocab:claw,
chunk_169611,mentions,vocab:moon,
chunk_169612,mentions,vocab:claw,
chunk_169612,mentions,vocab:moon,
chunk_169613,mentions,vocab:moon,
chunk_169614,mentions,vocab:moon,
chunk_169616,mentions,vocab:kwalish,
chunk_169618,mentions,vocab:kwalish,
chunk_169623,mentions,vocab:academy,
chunk_169625,mentions,vocab:baltael,
chunk_169625,mentions,vocab:faeryne,
chunk_169627,mentions,vocab:bre,
chunk_169627,mentions,vocab:moon,
chunk_169627,mentions,vocab:spartan,
chunk_169628,mentions,vocab:alivyre,
chunk_169628,mentions,vocab:aniya,
chunk_169628,mentions,vocab:bre,
chunk_169628,mentions,vocab:faeryne,
chunk_169628,mentions,vocab:henry,
chunk_169628,mentions,vocab:jane,
chunk_169628,mentions,vocab:moon,
chunk_169628,mentions,vocab:myconid,
chunk_169628,mentions,vocab:shargaas,
chunk_169628,mentions,vocab:tanzo,
chunk_169630,mentions,vocab:alivyre,
chunk_169630,mentions,vocab:avarna,
chunk_169630,mentions,vocab:braydon,
chunk_169630,mentions,vocab:crafthold,
chunk_169630,mentions,vocab:credus,
chunk_169630,mentions,vocab:cullen,
chunk_169630,mentions,vocab:dhassa,
chunk_169630,mentions,vocab:edmund loris,
chunk_169630,mentions,vocab:elysia,
chunk_169630,mentions,vocab:faeryne,
chunk_169630,mentions,vocab:fenrir,
chunk_169630,mentions,vocab:henry,
chunk_169630,mentions,vocab:killeth,
chunk_169630,mentions,vocab:modrons,
chunk_169630,mentions,vocab:ravencrest,
chunk_169630,mentions,vocab:shworn,
chunk_169630,mentions,vocab:terry,
chunk_169630,mentions,vocab:torenth,
chunk_169630,mentions,vocab:victor,
chunk_169632,mentions,vocab:arthur,
chunk_169632,mentions,vocab:elaris,
chunk_169632,mentions,vocab:faeryne,
chunk_169632,mentions,vocab:holly,
chunk_169632,mentions,vocab:katy,
chunk_169632,mentions,vocab:kluta,
chunk_169632,mentions,vocab:zedna,
chunk_169633,mentions,vocab:light,
chunk_169635,mentions,vocab:arcana,
chunk_169639,mentions,vocab:arcana,
chunk_169639,mentions,vocab:arthur,
chunk_169639,mentions,vocab:elaris,
chunk_169639,mentions,vocab:holly,
chunk_169639,mentions,vocab:katy,
chunk_169639,mentions,vocab:light,
chunk_169643,mentions,vocab:light,
chunk_169644,mentions,vocab:liacyne,
chunk_169644,mentions,vocab:light,
chunk_169644,mentions,vocab:zedna,
chunk_169645,mentions,vocab:alivyre,
chunk_169645,mentions,vocab:holly,
chunk_169645,mentions,vocab:light,
chunk_169646,mentions,vocab:arthur,
chunk_169647,mentions,vocab:light,
chunk_169648,mentions,vocab:light,
chunk_169649,mentions,vocab:light,
chunk_169650,mentions,vocab:light,
chunk_169654,mentions,vocab:blackburn,
chunk_169654,mentions,vocab:blackwood,
chunk_169654,mentions,vocab:brechin,
chunk_169654,mentions,vocab:brightfields,
chunk_169654,mentions,vocab:cameth brin,
chunk_169654,mentions,vocab:crafthold,
chunk_169654,mentions,vocab:dereham,
chunk_169654,mentions,vocab:dhassa,
chunk_169654,mentions,vocab:duchy of druwen,
chunk_169654,mentions,vocab:eghad,
chunk_169654,mentions,vocab:elulind,
chunk_169654,mentions,vocab:elysia,
chunk_169654,mentions,vocab:guldrur,
chunk_169654,mentions,vocab:jotunheim peaks,
chunk_169654,mentions,vocab:killeth,
chunk_169654,mentions,vocab:kingdom of elulind,
chunk_169654,mentions,vocab:kingdom of tolàn,
chunk_169654,mentions,vocab:monadh mor,
chunk_169654,mentions,vocab:north bend fob,
chunk_169654,mentions,vocab:party,
chunk_169654,mentions,vocab:rarmal,
chunk_169654,mentions,vocab:stonehome,
chunk_169654,mentions,vocab:thurway,
chunk_169654,mentions,vocab:torenth,
chunk_169654,mentions,vocab:trollhills,
chunk_169654,mentions,vocab:wolfstream,
chunk_169654,mentions,vocab:wolfstream abbey,
chunk_169654,mentions,vocab:wolfstream village,
chunk_169655,mentions,vocab:tanzo,
chunk_169657,mentions,vocab:light,
chunk_169657,mentions,vocab:party,
chunk_169658,mentions,vocab:aren,
chunk_169658,mentions,vocab:elaris,
chunk_169658,mentions,vocab:holly,
chunk_169658,mentions,vocab:katy,
chunk_169658,mentions,vocab:myconid,
chunk_169658,mentions,vocab:party,
chunk_169658,mentions,vocab:tanzo,
chunk_169659,mentions,vocab:myconids,
chunk_169659,mentions,vocab:tanzo,
chunk_169660,mentions,vocab:arcana,
chunk_169660,mentions,vocab:crafthold,
chunk_169660,mentions,vocab:elaris,
chunk_169660,mentions,vocab:holly,
chunk_169660,mentions,vocab:katy,
chunk_169660,mentions,vocab:party,
chunk_169661,mentions,vocab:elaris,
chunk_169661,mentions,vocab:holly,
chunk_169661,mentions,vocab:katy,
chunk_169662,mentions,vocab:party,
chunk_169665,mentions,vocab:crafthold,
chunk_169665,mentions,vocab:party,
chunk_169666,mentions,vocab:jane,
chunk_169666,mentions,vocab:light,
chunk_169666,mentions,vocab:myconids,
chunk_169667,mentions,vocab:arcana,
chunk_169667,mentions,vocab:elaris,
chunk_169667,mentions,vocab:holly,
chunk_169667,mentions,vocab:katy,
chunk_169667,mentions,vocab:myconid,
chunk_169669,mentions,vocab:party,
chunk_169670,mentions,vocab:holly,
chunk_169670,mentions,vocab:light,
chunk_169675,mentions,vocab:elaris,
chunk_169676,mentions,vocab:elaris,
chunk_169676,mentions,vocab:holly,
chunk_169676,mentions,vocab:katy,
chunk_169677,mentions,vocab:party,
chunk_169683,mentions,vocab:elaris,
chunk_169683,mentions,vocab:holly,
chunk_169683,mentions,vocab:katy,
chunk_169684,mentions,vocab:spencer,
chunk_169685,mentions,vocab:elysian,
chunk_169685,mentions,vocab:spencer,
chunk_169686,mentions,vocab:makhala,
chunk_169686,mentions,vocab:rhys,
chunk_169686,mentions,vocab:tolanite,
chunk_169686,mentions,vocab:victor,
chunk_169688,mentions,vocab:makhala,
chunk_169689,mentions,vocab:party,
chunk_169689,mentions,vocab:piers,
chunk_169689,mentions,vocab:remedy,
chunk_169689,mentions,vocab:ricardo,
chunk_169690,mentions,vocab:remedy,
chunk_169690,mentions,vocab:spencer,
chunk_169691,mentions,vocab:elulind,
chunk_169691,mentions,vocab:king,
chunk_169691,mentions,vocab:remedy,
chunk_169691,mentions,vocab:spencer,
chunk_169691,mentions,vocab:tolanite,
chunk_169691,mentions,vocab:tolanites,
chunk_169692,mentions,vocab:spencer,
chunk_169692,mentions,vocab:tolan,
chunk_169692,mentions,vocab:tolanite,
chunk_169693,mentions,vocab:elulind,
chunk_169693,mentions,vocab:king,
chunk_169693,mentions,vocab:tolanites,
chunk_169694,mentions,vocab:remedy,
chunk_169694,mentions,vocab:tolanites,
chunk_169695,mentions,vocab:abbey,
chunk_169695,mentions,vocab:alister cullen,
chunk_169695,mentions,vocab:brigitte ware,
chunk_169695,mentions,vocab:cullen,
chunk_169695,mentions,vocab:king,
chunk_169695,mentions,vocab:wolfstream abbey,
chunk_169696,mentions,vocab:abbey,
chunk_169696,mentions,vocab:brigitte ware,
chunk_169696,mentions,vocab:evan newberry,
chunk_169696,mentions,vocab:king,
chunk_169696,mentions,vocab:spencer,
chunk_169696,mentions,vocab:wolfstream,
chunk_169696,mentions,vocab:wolfstream abbey,
chunk_169697,mentions,vocab:abbey,
chunk_169697,mentions,vocab:evan newberry,
chunk_169697,mentions,vocab:king,
chunk_169697,mentions,vocab:spencer,
chunk_169697,mentions,vocab:wolfstream abbey,
chunk_169698,mentions,vocab:abbey,
chunk_169698,mentions,vocab:evan newberry,
chunk_169698,mentions,vocab:king,
chunk_169698,mentions,vocab:party,
chunk_169698,mentions,vocab:spencer,
chunk_169698,mentions,vocab:wolfstream abbey,
chunk_169699,mentions,vocab:abbey,
chunk_169699,mentions,vocab:caldwell,
chunk_169699,mentions,vocab:evan newberry,
chunk_169699,mentions,vocab:jackals,
chunk_169699,mentions,vocab:king,
chunk_169699,mentions,vocab:spencer,
chunk_169699,mentions,vocab:wolfstream,
chunk_169699,mentions,vocab:wolfstream abbey,
chunk_169701,mentions,vocab:abbey,
chunk_169701,mentions,vocab:alister cullen,
chunk_169701,mentions,vocab:bre,
chunk_169701,mentions,vocab:brigitte ware,
chunk_169701,mentions,vocab:caldwell,
chunk_169701,mentions,vocab:crafthold,
chunk_169701,mentions,vocab:cullen,
chunk_169701,mentions,vocab:elulind,
chunk_169701,mentions,vocab:king,
chunk_169701,mentions,vocab:newberry,
chunk_169701,mentions,vocab:north bend fob,
chunk_169701,mentions,vocab:party,
chunk_169701,mentions,vocab:soren,
chunk_169701,mentions,vocab:unala,
chunk_169701,mentions,vocab:wolfstream,
chunk_169701,mentions,vocab:wolfstream abbey,
chunk_169702,mentions,vocab:alivyre,
chunk_169702,mentions,vocab:henry,
chunk_169702,mentions,vocab:victor,
chunk_169704,mentions,vocab:dhassa,
chunk_169704,mentions,vocab:elysia,
chunk_169704,mentions,vocab:henry,
chunk_169704,mentions,vocab:kavar,
chunk_169704,mentions,vocab:party,
chunk_169704,mentions,vocab:remedy,
chunk_169705,mentions,vocab:alivyre,
chunk_169705,mentions,vocab:henry,
chunk_169705,mentions,vocab:king,
chunk_169705,mentions,vocab:mercy,
chunk_169706,mentions,vocab:eira,
chunk_169706,mentions,vocab:eira sleepsong,
chunk_169706,mentions,vocab:henry,
chunk_169706,mentions,vocab:party,
chunk_169706,mentions,vocab:shworn,
chunk_169706,mentions,vocab:shworn sleepsong,
chunk_169707,mentions,vocab:dhassa,
chunk_169707,mentions,vocab:edda,
chunk_169707,mentions,vocab:edda macinnis,
chunk_169707,mentions,vocab:elysia,
chunk_169707,mentions,vocab:henry,
chunk_169707,mentions,vocab:kavar,
chunk_169707,mentions,vocab:party,
chunk_169707,mentions,vocab:remedy,
chunk_169708,mentions,vocab:elysia,
chunk_169708,mentions,vocab:henry,
chunk_169708,mentions,vocab:king,
chunk_169708,mentions,vocab:kir selaz,
chunk_169708,mentions,vocab:party,
chunk_169708,mentions,vocab:shworn,
chunk_169708,mentions,vocab:sleepsong,
chunk_169709,mentions,vocab:dhassa,
chunk_169709,mentions,vocab:henry,
chunk_169709,mentions,vocab:killeth,
chunk_169709,mentions,vocab:party,
chunk_169709,mentions,vocab:ravencrest,
chunk_169709,mentions,vocab:remedy,
chunk_169709,mentions,vocab:thurway,
chunk_169710,mentions,vocab:alister cullen,
chunk_169710,mentions,vocab:elulind,
chunk_169710,mentions,vocab:elysia,
chunk_169710,mentions,vocab:party,
chunk_169710,mentions,vocab:remedy,
chunk_169710,mentions,vocab:tolanite,
chunk_169710,mentions,vocab:tolanites,
chunk_169711,mentions,vocab:alivyre,
chunk_169711,mentions,vocab:aren,
chunk_169711,mentions,vocab:credus,
chunk_169711,mentions,vocab:crowe,
chunk_169711,mentions,vocab:elaris,
chunk_169711,mentions,vocab:elias,
chunk_169711,mentions,vocab:faeryne,
chunk_169711,mentions,vocab:henry,
chunk_169711,mentions,vocab:holly,
chunk_169711,mentions,vocab:kalina,
chunk_169711,mentions,vocab:liavarah,
chunk_169711,mentions,vocab:luminia,
chunk_169711,mentions,vocab:mowser,
chunk_169711,mentions,vocab:pet,
chunk_169711,mentions,vocab:unala,
chunk_169712,mentions,vocab:alivyre,
chunk_169712,mentions,vocab:bixley,
chunk_169712,mentions,vocab:credus,
chunk_169712,mentions,vocab:crowe,
chunk_169712,mentions,vocab:cunai,
chunk_169712,mentions,vocab:elaris,
chunk_169712,mentions,vocab:faeryne,
chunk_169712,mentions,vocab:foreclaimers,
chunk_169712,mentions,vocab:hand,
chunk_169712,mentions,vocab:holly,
chunk_169712,mentions,vocab:huana,
chunk_169712,mentions,vocab:kalina,
chunk_169712,mentions,vocab:katy,
chunk_169712,mentions,vocab:liavarah,
chunk_169712,mentions,vocab:luminia,
chunk_169712,mentions,vocab:mowser,
chunk_169712,mentions,vocab:party,
chunk_169712,mentions,vocab:pet,
chunk_169712,mentions,vocab:poppy,
chunk_169712,mentions,vocab:sala,
chunk_169712,mentions,vocab:saphira,
chunk_169712,mentions,vocab:terry,
chunk_169712,mentions,vocab:unala,
chunk_169712,mentions,vocab:varah,
chunk_169712,mentions,vocab:venric,
chunk_169713,mentions,vocab:academy,
chunk_169713,mentions,vocab:alivyre,
chunk_169713,mentions,vocab:crafthold,
chunk_169713,mentions,vocab:credus,
chunk_169713,mentions,vocab:crowe,
chunk_169713,mentions,vocab:cunai,
chunk_169713,mentions,vocab:elaris,
chunk_169713,mentions,vocab:faeryne,
chunk_169713,mentions,vocab:foreclaimers,
chunk_169713,mentions,vocab:holly,
chunk_169713,mentions,vocab:huana,
chunk_169713,mentions,vocab:kalina,
chunk_169713,mentions,vocab:katy,
chunk_169713,mentions,vocab:liavarah,
chunk_169713,mentions,vocab:luminia,
chunk_169713,mentions,vocab:mowser,
chunk_169713,mentions,vocab:pet,
chunk_169713,mentions,vocab:poppy,
chunk_169713,mentions,vocab:sala,
chunk_169713,mentions,vocab:saphira,
chunk_169713,mentions,vocab:terry,
chunk_169713,mentions,vocab:unala,
chunk_169713,mentions,vocab:venric,
chunk_169714,mentions,vocab:alivyre,
chunk_169714,mentions,vocab:credus,
chunk_169714,mentions,vocab:crowe,
chunk_169714,mentions,vocab:cunai,
chunk_169714,mentions,vocab:elaris,
chunk_169714,mentions,vocab:faeryne,
chunk_169714,mentions,vocab:hammer,
chunk_169714,mentions,vocab:hand,
chunk_169714,mentions,vocab:holly,
chunk_169714,mentions,vocab:kalina,
chunk_169714,mentions,vocab:katy,
chunk_169714,mentions,vocab:luminia,
chunk_169714,mentions,vocab:poppy,
chunk_169714,mentions,vocab:sala,
chunk_169714,mentions,vocab:saphira,
chunk_169714,mentions,vocab:terry,
chunk_169714,mentions,vocab:tolanite,
chunk_169714,mentions,vocab:unala,
chunk_169714,mentions,vocab:venric,
chunk_169715,mentions,vocab:alivyre,
chunk_169715,mentions,vocab:credus,
chunk_169715,mentions,vocab:crowe,
chunk_169715,mentions,vocab:cunai,
chunk_169715,mentions,vocab:faeryne,
chunk_169715,mentions,vocab:holly,
chunk_169715,mentions,vocab:kalina,
chunk_169715,mentions,vocab:liavarah,
chunk_169715,mentions,vocab:light,
chunk_169715,mentions,vocab:luminia,
chunk_169715,mentions,vocab:mowser,
chunk_169715,mentions,vocab:party,
chunk_169715,mentions,vocab:sala,
chunk_169716,mentions,vocab:alivyre,
chunk_169716,mentions,vocab:bixley,
chunk_169716,mentions,vocab:crafthold,
chunk_169716,mentions,vocab:credus,
chunk_169716,mentions,vocab:crowe,
chunk_169716,mentions,vocab:cunai,
chunk_169716,mentions,vocab:elaris,
chunk_169716,mentions,vocab:faeryne,
chunk_169716,mentions,vocab:holly,
chunk_169716,mentions,vocab:kalina,
chunk_169716,mentions,vocab:katy,
chunk_169716,mentions,vocab:mowser,
chunk_169716,mentions,vocab:poppy,
chunk_169716,mentions,vocab:saphira,
chunk_169716,mentions,vocab:venric,
chunk_169716,mentions,vocab:victor,
chunk_169717,mentions,vocab:david herder,
chunk_169717,mentions,vocab:elaris,
chunk_169717,mentions,vocab:faeryne,
chunk_169717,mentions,vocab:guldrur,
chunk_169717,mentions,vocab:holly,
chunk_169717,mentions,vocab:ilguz,
chunk_169717,mentions,vocab:kalina,
chunk_169717,mentions,vocab:liacyne,
chunk_169717,mentions,vocab:luminia,
chunk_169717,mentions,vocab:pet,
chunk_169717,mentions,vocab:spike,
chunk_169717,mentions,vocab:tanzo,
chunk_169717,mentions,vocab:unala,
chunk_169718,mentions,vocab:aniya,
chunk_169718,mentions,vocab:arthur coldstone,
chunk_169718,mentions,vocab:cergad,
chunk_169718,mentions,vocab:crowe,
chunk_169718,mentions,vocab:elaris,
chunk_169718,mentions,vocab:holly,
chunk_169718,mentions,vocab:jane,
chunk_169718,mentions,vocab:kalina,
chunk_169718,mentions,vocab:katy,
chunk_169718,mentions,vocab:myconid,
chunk_169718,mentions,vocab:soren,
chunk_169718,mentions,vocab:terry,
chunk_169718,mentions,vocab:victor,
chunk_169719,mentions,vocab:alivyre,
chunk_169719,mentions,vocab:aniya,
chunk_169719,mentions,vocab:aren,
chunk_169719,mentions,vocab:arthur,
chunk_169719,mentions,vocab:bixley,
chunk_169719,mentions,vocab:cara,
chunk_169719,mentions,vocab:crafthold,
chunk_169719,mentions,vocab:credus,
chunk_169719,mentions,vocab:crowe,
chunk_169719,mentions,vocab:cunai,
chunk_169719,mentions,vocab:elaris,
chunk_169719,mentions,vocab:faeryne,
chunk_169719,mentions,vocab:foreclaimers,
chunk_169719,mentions,vocab:hadar,
chunk_169719,mentions,vocab:holly,
chunk_169719,mentions,vocab:kalina,
chunk_169719,mentions,vocab:katy,
chunk_169719,mentions,vocab:kluta,
chunk_169719,mentions,vocab:liacyne,
chunk_169719,mentions,vocab:liavarah,
chunk_169719,mentions,vocab:mowser,
chunk_169719,mentions,vocab:party,
chunk_169719,mentions,vocab:poppy,
chunk_169719,mentions,vocab:tanzo,
chunk_169719,mentions,vocab:terry,
chunk_169719,mentions,vocab:unala,
chunk_169719,mentions,vocab:victor,
chunk_169719,mentions,vocab:zedna,
chunk_169720,mentions,vocab:arcana,
chunk_169720,mentions,vocab:crowe,
chunk_169720,mentions,vocab:elaris,
chunk_169720,mentions,vocab:faeryne,
chunk_169720,mentions,vocab:kalina,
chunk_169720,mentions,vocab:katy,
chunk_169720,mentions,vocab:kluta,
chunk_169720,mentions,vocab:saphira,
chunk_169720,mentions,vocab:zedna,
chunk_169721,mentions,vocab:credus,
chunk_169721,mentions,vocab:crowe,
chunk_169721,mentions,vocab:holly,
chunk_169721,mentions,vocab:kalina,
chunk_169721,mentions,vocab:katy,
chunk_169721,mentions,vocab:kluta,
chunk_169721,mentions,vocab:light,
chunk_169721,mentions,vocab:victor,
chunk_169722,mentions,vocab:academy,
chunk_169722,mentions,vocab:alivyre,
chunk_169722,mentions,vocab:aniya,
chunk_169722,mentions,vocab:arcana,
chunk_169722,mentions,vocab:aren,
chunk_169722,mentions,vocab:crafthold,
chunk_169722,mentions,vocab:credus,
chunk_169722,mentions,vocab:crowe,
chunk_169722,mentions,vocab:cunai,
chunk_169722,mentions,vocab:faeryne,
chunk_169722,mentions,vocab:holly,
chunk_169722,mentions,vocab:kalina,
chunk_169722,mentions,vocab:katy,
chunk_169722,mentions,vocab:kluta,
chunk_169722,mentions,vocab:liacyne,
chunk_169722,mentions,vocab:luminia,
chunk_169722,mentions,vocab:saphira,
chunk_169722,mentions,vocab:victor,
chunk_169722,mentions,vocab:zedna,
chunk_169723,mentions,vocab:arthur,
chunk_169723,mentions,vocab:crowe,
chunk_169723,mentions,vocab:elaris,
chunk_169723,mentions,vocab:faeryne,
chunk_169723,mentions,vocab:kalina,
chunk_169724,mentions,vocab:alivyre,
chunk_169724,mentions,vocab:aniya,
chunk_169724,mentions,vocab:arcana,
chunk_169724,mentions,vocab:clara,
chunk_169724,mentions,vocab:crafthold,
chunk_169724,mentions,vocab:credus,
chunk_169724,mentions,vocab:crowe,
chunk_169724,mentions,vocab:faeryne,
chunk_169724,mentions,vocab:holly,
chunk_169724,mentions,vocab:kalina,
chunk_169724,mentions,vocab:kluta,
chunk_169724,mentions,vocab:liacyne,
chunk_169724,mentions,vocab:luminia,
chunk_169724,mentions,vocab:mercy,
chunk_169724,mentions,vocab:modrons,
chunk_169724,mentions,vocab:moon,
chunk_169724,mentions,vocab:spire,
chunk_169724,mentions,vocab:victor,
chunk_169724,mentions,vocab:zedna,
chunk_169726,mentions,vocab:abbey,
chunk_169726,mentions,vocab:alivyre,
chunk_169726,mentions,vocab:aniya,
chunk_169726,mentions,vocab:azaar,
chunk_169726,mentions,vocab:bear,
chunk_169726,mentions,vocab:beni,
chunk_169726,mentions,vocab:bre,
chunk_169726,mentions,vocab:cara,
chunk_169726,mentions,vocab:clara,
chunk_169726,mentions,vocab:crafthold,
chunk_169726,mentions,vocab:credus,
chunk_169726,mentions,vocab:cursin,
chunk_169726,mentions,vocab:darren,
chunk_169726,mentions,vocab:dhassa,
chunk_169726,mentions,vocab:drib,
chunk_169726,mentions,vocab:elias,
chunk_169726,mentions,vocab:faeryne,
chunk_169726,mentions,vocab:fulbert,
chunk_169726,mentions,vocab:garrick,
chunk_169726,mentions,vocab:hand,
chunk_169726,mentions,vocab:henry,
chunk_169726,mentions,vocab:idolus,
chunk_169726,mentions,vocab:jane,
chunk_169726,mentions,vocab:jotunheim,
chunk_169726,mentions,vocab:katy,
chunk_169726,mentions,vocab:kavar,
chunk_169726,mentions,vocab:liacyne,
chunk_169726,mentions,vocab:liavarah,
chunk_169726,mentions,vocab:macfeegle,
chunk_169726,mentions,vocab:mercy,
chunk_169726,mentions,vocab:moon,
chunk_169726,mentions,vocab:party,
chunk_169726,mentions,vocab:salaisha,
chunk_169726,mentions,vocab:saphira,
chunk_169726,mentions,vocab:shworn,
chunk_169726,mentions,vocab:stonehome,
chunk_169726,mentions,vocab:tanzo,
chunk_169726,mentions,vocab:terry,
chunk_169726,mentions,vocab:tiber,
chunk_169726,mentions,vocab:tolanite,
chunk_169726,mentions,vocab:touya,
chunk_169726,mentions,vocab:unala,
chunk_169726,mentions,vocab:urgulk,
chunk_169726,mentions,vocab:victor,
chunk_169727,mentions,vocab:abbey,
chunk_169727,mentions,vocab:charis,
chunk_169729,mentions,vocab:abbey,
chunk_169729,mentions,vocab:brightfields,
chunk_169729,mentions,vocab:henry,
chunk_169729,mentions,vocab:party,
chunk_169729,mentions,vocab:tanzo,
chunk_169729,mentions,vocab:wolfstream abbey,
chunk_169730,mentions,vocab:abbey,
chunk_169730,mentions,vocab:alivyre,
chunk_169730,mentions,vocab:brightfields,
chunk_169730,mentions,vocab:crafthold,
chunk_169730,mentions,vocab:norris,
chunk_169731,mentions,vocab:abbey,
chunk_169731,mentions,vocab:aren,
chunk_169731,mentions,vocab:bear,
chunk_169731,mentions,vocab:brightfields,
chunk_169731,mentions,vocab:crafthold,
chunk_169731,mentions,vocab:henry,
chunk_169731,mentions,vocab:jemmy,
chunk_169731,mentions,vocab:norris,
chunk_169731,mentions,vocab:party,
chunk_169731,mentions,vocab:tanzo,
chunk_169732,mentions,vocab:abbey,
chunk_169732,mentions,vocab:brightfields,
chunk_169732,mentions,vocab:crafthold,
chunk_169732,mentions,vocab:faeryne,
chunk_169732,mentions,vocab:hand,
chunk_169732,mentions,vocab:hands,
chunk_169732,mentions,vocab:henry,
chunk_169732,mentions,vocab:jane,
chunk_169732,mentions,vocab:jemmy,
chunk_169732,mentions,vocab:light,
chunk_169732,mentions,vocab:party,
chunk_169732,mentions,vocab:tanzo,
chunk_169733,mentions,vocab:crafthold,
chunk_169733,mentions,vocab:faeryne,
chunk_169733,mentions,vocab:fritz,
chunk_169733,mentions,vocab:henry,
chunk_169733,mentions,vocab:jane,
chunk_169733,mentions,vocab:jemmy,
chunk_169733,mentions,vocab:tanzo,
chunk_169734,mentions,vocab:abbey,
chunk_169734,mentions,vocab:brightfields,
chunk_169734,mentions,vocab:crafthold,
chunk_169734,mentions,vocab:faeryne,
chunk_169734,mentions,vocab:henry,
chunk_169734,mentions,vocab:jemmy,
chunk_169734,mentions,vocab:kaitlyn,
chunk_169734,mentions,vocab:mercy,
chunk_169734,mentions,vocab:party,
chunk_169734,mentions,vocab:tanzo,
chunk_169735,mentions,vocab:alivyre,
chunk_169735,mentions,vocab:brightfields,
chunk_169735,mentions,vocab:faeryne,
chunk_169735,mentions,vocab:henry,
chunk_169735,mentions,vocab:jemmy,
chunk_169735,mentions,vocab:luminia,
chunk_169735,mentions,vocab:tanzo,
chunk_169736,mentions,vocab:alivyre,
chunk_169736,mentions,vocab:faeryne,
chunk_169736,mentions,vocab:henry,
chunk_169736,mentions,vocab:jemmy,
chunk_169736,mentions,vocab:party,
chunk_169736,mentions,vocab:shargaas,
chunk_169736,mentions,vocab:tanzo,
chunk_169737,mentions,vocab:alivyre,
chunk_169737,mentions,vocab:bear,
chunk_169737,mentions,vocab:henry,
chunk_169737,mentions,vocab:little bear,
chunk_169737,mentions,vocab:party,
chunk_169738,mentions,vocab:alivyre,
chunk_169738,mentions,vocab:crafthold,
chunk_169738,mentions,vocab:faeryne,
chunk_169738,mentions,vocab:henry,
chunk_169738,mentions,vocab:jane,
chunk_169738,mentions,vocab:khagra warhammer,
chunk_169738,mentions,vocab:spike,
chunk_169738,mentions,vocab:tanzo,
chunk_169739,mentions,vocab:abbey,
chunk_169739,mentions,vocab:alivyre,
chunk_169739,mentions,vocab:brightfields,
chunk_169739,mentions,vocab:crafthold,
chunk_169739,mentions,vocab:faeryne,
chunk_169739,mentions,vocab:fritz,
chunk_169739,mentions,vocab:henry,
chunk_169739,mentions,vocab:jane,
chunk_169739,mentions,vocab:jemmy,
chunk_169739,mentions,vocab:khagra warhammer,
chunk_169739,mentions,vocab:luminia,
chunk_169739,mentions,vocab:mercy,
chunk_169739,mentions,vocab:party,
chunk_169739,mentions,vocab:tanzo,
chunk_169739,mentions,vocab:wolfstream,
chunk_169740,mentions,vocab:abbey,
chunk_169740,mentions,vocab:alivyre,
chunk_169740,mentions,vocab:faeryne,
chunk_169740,mentions,vocab:henry,
chunk_169740,mentions,vocab:jane,
chunk_169740,mentions,vocab:jemmy,
chunk_169740,mentions,vocab:little bear,
chunk_169740,mentions,vocab:luminia,
chunk_169740,mentions,vocab:party,
chunk_169740,mentions,vocab:shargaas,
chunk_169740,mentions,vocab:tanzo,
chunk_169740,mentions,vocab:wolfstream,
chunk_169741,mentions,vocab:abbey,
chunk_169741,mentions,vocab:alivyre,
chunk_169741,mentions,vocab:claw,
chunk_169741,mentions,vocab:faeryne,
chunk_169741,mentions,vocab:hammer,
chunk_169741,mentions,vocab:henry,
chunk_169741,mentions,vocab:jane,
chunk_169741,mentions,vocab:light,
chunk_169741,mentions,vocab:little bear,
chunk_169741,mentions,vocab:luminia,
chunk_169741,mentions,vocab:party,
chunk_169741,mentions,vocab:shargaas,
chunk_169741,mentions,vocab:spike,
chunk_169741,mentions,vocab:tanzo,
chunk_169741,mentions,vocab:ungagh bloodaxe,
chunk_169742,mentions,vocab:alivyre,
chunk_169742,mentions,vocab:beni,
chunk_169742,mentions,vocab:beni tinkerlaugh,
chunk_169742,mentions,vocab:cliffborough,
chunk_169742,mentions,vocab:faeryne,
chunk_169742,mentions,vocab:henry,
chunk_169742,mentions,vocab:jane,
chunk_169742,mentions,vocab:jemmy,
chunk_169742,mentions,vocab:little bear,
chunk_169742,mentions,vocab:luminia,
chunk_169742,mentions,vocab:party,
chunk_169742,mentions,vocab:shargaas,
chunk_169742,mentions,vocab:stonehome,
chunk_169742,mentions,vocab:tanzo,
chunk_169743,mentions,vocab:alivyre,
chunk_169743,mentions,vocab:beni,
chunk_169743,mentions,vocab:faeryne,
chunk_169743,mentions,vocab:henry,
chunk_169743,mentions,vocab:jane,
chunk_169743,mentions,vocab:luminia,
chunk_169743,mentions,vocab:party,
chunk_169743,mentions,vocab:tanzo,
chunk_169744,mentions,vocab:alivyre,
chunk_169744,mentions,vocab:beni,
chunk_169744,mentions,vocab:faeryne,
chunk_169744,mentions,vocab:henry,
chunk_169744,mentions,vocab:iwtc,
chunk_169744,mentions,vocab:jane,
chunk_169744,mentions,vocab:jemmy,
chunk_169744,mentions,vocab:little bear,
chunk_169744,mentions,vocab:party,
chunk_169744,mentions,vocab:shargaas,
chunk_169744,mentions,vocab:spike,
chunk_169744,mentions,vocab:tanzo,
chunk_169745,mentions,vocab:alivyre,
chunk_169745,mentions,vocab:beni,
chunk_169745,mentions,vocab:burzath,
chunk_169745,mentions,vocab:crafthold,
chunk_169745,mentions,vocab:faeryne,
chunk_169745,mentions,vocab:henry,
chunk_169745,mentions,vocab:jane,
chunk_169745,mentions,vocab:jemmy,
chunk_169745,mentions,vocab:party,
chunk_169745,mentions,vocab:tanzo,
chunk_169746,mentions,vocab:alivyre,
chunk_169746,mentions,vocab:crafthold,
chunk_169746,mentions,vocab:faeryne,
chunk_169746,mentions,vocab:henry,
chunk_169746,mentions,vocab:ilguz,
chunk_169746,mentions,vocab:jane,
chunk_169746,mentions,vocab:jemmy,
chunk_169746,mentions,vocab:luminia,
chunk_169746,mentions,vocab:party,
chunk_169746,mentions,vocab:spike,
chunk_169746,mentions,vocab:tanzo,
chunk_169747,mentions,vocab:crafthold,
chunk_169747,mentions,vocab:jane,
chunk_169747,mentions,vocab:party,
chunk_169747,mentions,vocab:tanzo,
chunk_169748,mentions,vocab:alivyre,
chunk_169748,mentions,vocab:beni,
chunk_169748,mentions,vocab:brightfields,
chunk_169748,mentions,vocab:crafthold,
chunk_169748,mentions,vocab:faeryne,
chunk_169748,mentions,vocab:hammer,
chunk_169748,mentions,vocab:henry,
chunk_169748,mentions,vocab:jane,
chunk_169748,mentions,vocab:light,
chunk_169748,mentions,vocab:little bear,
chunk_169748,mentions,vocab:luminia,
chunk_169748,mentions,vocab:mercy,
chunk_169748,mentions,vocab:myconid,
chunk_169748,mentions,vocab:myconids,
chunk_169748,mentions,vocab:party,
chunk_169748,mentions,vocab:stonehome,
chunk_169748,mentions,vocab:tanzo,
chunk_169749,mentions,vocab:abbey,
chunk_169749,mentions,vocab:brightfields,
chunk_169749,mentions,vocab:crafthold,
chunk_169749,mentions,vocab:faeryne,
chunk_169749,mentions,vocab:henry,
chunk_169749,mentions,vocab:jemmy,
chunk_169749,mentions,vocab:light,
chunk_169749,mentions,vocab:luminia,
chunk_169749,mentions,vocab:party,
chunk_169749,mentions,vocab:tanzo,
chunk_169751,mentions,vocab:abbey,
chunk_169751,mentions,vocab:aren,
chunk_169751,mentions,vocab:blackburn,
chunk_169751,mentions,vocab:david bowie,
chunk_169752,mentions,vocab:blackburn,
chunk_169753,mentions,vocab:bella,
chunk_169753,mentions,vocab:cergad,
chunk_169754,mentions,vocab:cergad,
chunk_169754,mentions,vocab:faeryne,
chunk_169754,mentions,vocab:foreclaimers,
chunk_169755,mentions,vocab:abbey,
chunk_169755,mentions,vocab:alivyre,
chunk_169755,mentions,vocab:blackburn,
chunk_169755,mentions,vocab:bre,
chunk_169755,mentions,vocab:brightfields,
chunk_169755,mentions,vocab:faeryne,
chunk_169755,mentions,vocab:henry,
chunk_169756,mentions,vocab:abbey,
chunk_169756,mentions,vocab:alivyre,
chunk_169756,mentions,vocab:blackburn,
chunk_169756,mentions,vocab:bre,
chunk_169756,mentions,vocab:brightfields,
chunk_169756,mentions,vocab:faeryne,
chunk_169756,mentions,vocab:jane,
chunk_169756,mentions,vocab:luminia,
chunk_169756,mentions,vocab:party,
chunk_169758,mentions,vocab:abbey,
chunk_169758,mentions,vocab:alivyre,
chunk_169758,mentions,vocab:bre,
chunk_169758,mentions,vocab:party,
chunk_169759,mentions,vocab:alivyre,
chunk_169759,mentions,vocab:faeryne,
chunk_169759,mentions,vocab:jane,
chunk_169759,mentions,vocab:light,
chunk_169759,mentions,vocab:little bear,
chunk_169759,mentions,vocab:luminia,
chunk_169759,mentions,vocab:party,
chunk_169760,mentions,vocab:tanzo,
chunk_169761,mentions,vocab:abbey,
chunk_169761,mentions,vocab:bre,
chunk_169761,mentions,vocab:duchy of druwen,
chunk_169761,mentions,vocab:faeryne,
chunk_169761,mentions,vocab:henry,
chunk_169761,mentions,vocab:kingdom of elulind,
chunk_169761,mentions,vocab:party,
chunk_169762,mentions,vocab:abbey,
chunk_169762,mentions,vocab:alivyre,
chunk_169762,mentions,vocab:bella,
chunk_169762,mentions,vocab:beni,
chunk_169762,mentions,vocab:bre,
chunk_169762,mentions,vocab:faeryne,
chunk_169762,mentions,vocab:henry,
chunk_169762,mentions,vocab:jane,
chunk_169762,mentions,vocab:jemmy,
chunk_169762,mentions,vocab:krach-ul,
chunk_169762,mentions,vocab:luminia,
chunk_169762,mentions,vocab:party,
chunk_169762,mentions,vocab:spike,
chunk_169762,mentions,vocab:tanzo,
chunk_169763,mentions,vocab:alivyre,
chunk_169763,mentions,vocab:bre,
chunk_169763,mentions,vocab:burzath,
chunk_169763,mentions,vocab:charis,
chunk_169763,mentions,vocab:faeryne,
chunk_169763,mentions,vocab:henry,
chunk_169763,mentions,vocab:jane,
chunk_169763,mentions,vocab:jemmy,
chunk_169763,mentions,vocab:kalina,
chunk_169763,mentions,vocab:luminia,
chunk_169763,mentions,vocab:party,
chunk_169765,mentions,vocab:abbey,
chunk_169765,mentions,vocab:alivyre,
chunk_169765,mentions,vocab:bre,
chunk_169765,mentions,vocab:burzath,
chunk_169765,mentions,vocab:bysickle,
chunk_169765,mentions,vocab:charis,
chunk_169765,mentions,vocab:faeryne,
chunk_169765,mentions,vocab:henry,
chunk_169765,mentions,vocab:jane,
chunk_169765,mentions,vocab:jemmy,
chunk_169765,mentions,vocab:kalina,
chunk_169765,mentions,vocab:luminia,
chunk_169765,mentions,vocab:party,
chunk_169765,mentions,vocab:spike,
chunk_169767,mentions,vocab:abbey,
chunk_169767,mentions,vocab:alivyre,
chunk_169767,mentions,vocab:bre,
chunk_169767,mentions,vocab:brightfields,
chunk_169767,mentions,vocab:crafthold,
chunk_169767,mentions,vocab:faeryne,
chunk_169767,mentions,vocab:henry,
chunk_169767,mentions,vocab:jane,
chunk_169767,mentions,vocab:jemmy,
chunk_169767,mentions,vocab:light,
chunk_169767,mentions,vocab:luminia,
chunk_169767,mentions,vocab:mercy,
chunk_169767,mentions,vocab:north bend fob,
chunk_169767,mentions,vocab:party,
chunk_169767,mentions,vocab:spike,
chunk_169767,mentions,vocab:tanzo,
chunk_169769,mentions,vocab:alivyre,
chunk_169769,mentions,vocab:bella,
chunk_169769,mentions,vocab:bre,
chunk_169769,mentions,vocab:brightfields,
chunk_169769,mentions,vocab:cergad,
chunk_169769,mentions,vocab:faeryne,
chunk_169769,mentions,vocab:henry,
chunk_169769,mentions,vocab:jane,
chunk_169769,mentions,vocab:luminia,
chunk_169769,mentions,vocab:party,
chunk_169769,mentions,vocab:tanzo,
chunk_169770,mentions,vocab:henry,
chunk_169771,mentions,vocab:alivyre,
chunk_169771,mentions,vocab:bella,
chunk_169771,mentions,vocab:bre,
chunk_169771,mentions,vocab:cergad,
chunk_169771,mentions,vocab:crafthold,
chunk_169771,mentions,vocab:faeryne,
chunk_169771,mentions,vocab:foreclaimers,
chunk_169771,mentions,vocab:hands,
chunk_169771,mentions,vocab:henry,
chunk_169771,mentions,vocab:jane,
chunk_169771,mentions,vocab:luminia,
chunk_169771,mentions,vocab:party,
chunk_169771,mentions,vocab:tanzo,
chunk_169773,mentions,vocab:alivyre,
chunk_169773,mentions,vocab:bre,
chunk_169773,mentions,vocab:cergad,
chunk_169773,mentions,vocab:faeryne,
chunk_169773,mentions,vocab:henry,
chunk_169773,mentions,vocab:jane,
chunk_169773,mentions,vocab:luminia,
chunk_169773,mentions,vocab:party,
chunk_169773,mentions,vocab:tanzo,
chunk_169774,mentions,vocab:alivyre,
chunk_169774,mentions,vocab:aren,
chunk_169774,mentions,vocab:bre,
chunk_169774,mentions,vocab:cergad,
chunk_169774,mentions,vocab:crafthold,
chunk_169774,mentions,vocab:faeryne,
chunk_169774,mentions,vocab:foreclaimers,
chunk_169774,mentions,vocab:hand,
chunk_169774,mentions,vocab:henry,
chunk_169774,mentions,vocab:jane,
chunk_169774,mentions,vocab:party,
chunk_169774,mentions,vocab:tanzo,
chunk_169775,mentions,vocab:alivyre,
chunk_169775,mentions,vocab:bre,
chunk_169775,mentions,vocab:claw,
chunk_169775,mentions,vocab:crafthold,
chunk_169775,mentions,vocab:faeryne,
chunk_169775,mentions,vocab:hammer,
chunk_169775,mentions,vocab:henry,
chunk_169775,mentions,vocab:jane,
chunk_169775,mentions,vocab:mercy,
chunk_169775,mentions,vocab:party,
chunk_169775,mentions,vocab:tanzo,
chunk_169776,mentions,vocab:berry,
chunk_169776,mentions,vocab:crafthold,
chunk_169776,mentions,vocab:drib,
chunk_169777,mentions,vocab:alivyre,
chunk_169777,mentions,vocab:bre,
chunk_169777,mentions,vocab:drib,
chunk_169777,mentions,vocab:faeryne,
chunk_169777,mentions,vocab:henry,
chunk_169777,mentions,vocab:light,
chunk_169777,mentions,vocab:party,
chunk_169777,mentions,vocab:spike,
chunk_169777,mentions,vocab:unala,
chunk_169778,mentions,vocab:abbey,
chunk_169778,mentions,vocab:alivyre,
chunk_169778,mentions,vocab:bre,
chunk_169778,mentions,vocab:cergad,
chunk_169778,mentions,vocab:crafthold,
chunk_169778,mentions,vocab:drib,
chunk_169778,mentions,vocab:faeryne,
chunk_169778,mentions,vocab:henry,
chunk_169778,mentions,vocab:soren,
chunk_169778,mentions,vocab:tanzo,
chunk_169778,mentions,vocab:unala,
chunk_169779,mentions,vocab:abbey,
chunk_169779,mentions,vocab:alivyre,
chunk_169779,mentions,vocab:bear,
chunk_169779,mentions,vocab:bre,
chunk_169779,mentions,vocab:crafthold,
chunk_169779,mentions,vocab:drib,
chunk_169779,mentions,vocab:faeryne,
chunk_169779,mentions,vocab:hammer,
chunk_169779,mentions,vocab:henry,
chunk_169779,mentions,vocab:khagra warhammer,
chunk_169779,mentions,vocab:party,
chunk_169779,mentions,vocab:unala,
chunk_169779,mentions,vocab:warhammer,
chunk_169780,mentions,vocab:alivyre,
chunk_169780,mentions,vocab:bre,
chunk_169780,mentions,vocab:burzath,
chunk_169780,mentions,vocab:drib,
chunk_169780,mentions,vocab:faeryne,
chunk_169780,mentions,vocab:henry,
chunk_169780,mentions,vocab:party,
chunk_169780,mentions,vocab:shargaas,
chunk_169780,mentions,vocab:unala,
chunk_169781,mentions,vocab:henry,
chunk_169782,mentions,vocab:alivyre,
chunk_169782,mentions,vocab:bre,
chunk_169782,mentions,vocab:drib,
chunk_169782,mentions,vocab:faeryne,
chunk_169782,mentions,vocab:henry,
chunk_169782,mentions,vocab:unala,
chunk_169783,mentions,vocab:alivyre,
chunk_169783,mentions,vocab:crafthold,
chunk_169783,mentions,vocab:credus,
chunk_169783,mentions,vocab:henry,
chunk_169784,mentions,vocab:crafthold,
chunk_169784,mentions,vocab:credus,
chunk_169784,mentions,vocab:modrons,
chunk_169785,mentions,vocab:alivyre,
chunk_169785,mentions,vocab:aren,
chunk_169785,mentions,vocab:bre,
chunk_169785,mentions,vocab:drib,
chunk_169785,mentions,vocab:eardwulf,
chunk_169785,mentions,vocab:faeryne,
chunk_169785,mentions,vocab:henry,
chunk_169785,mentions,vocab:light,
chunk_169785,mentions,vocab:melba,
chunk_169785,mentions,vocab:party,
chunk_169785,mentions,vocab:unala,
chunk_169786,mentions,vocab:alivyre,
chunk_169786,mentions,vocab:bre,
chunk_169786,mentions,vocab:drib,
chunk_169786,mentions,vocab:eghad,
chunk_169786,mentions,vocab:faeryne,
chunk_169786,mentions,vocab:henry,
chunk_169786,mentions,vocab:little bear,
chunk_169786,mentions,vocab:party,
chunk_169786,mentions,vocab:unala,
chunk_169787,mentions,vocab:alivyre,
chunk_169787,mentions,vocab:bre,
chunk_169787,mentions,vocab:drib,
chunk_169787,mentions,vocab:eghad,
chunk_169787,mentions,vocab:faeryne,
chunk_169787,mentions,vocab:henry,
chunk_169787,mentions,vocab:little bear,
chunk_169787,mentions,vocab:party,
chunk_169787,mentions,vocab:unala,
chunk_169788,mentions,vocab:alivyre,
chunk_169788,mentions,vocab:bre,
chunk_169788,mentions,vocab:drib,
chunk_169788,mentions,vocab:faeryne,
chunk_169788,mentions,vocab:hand,
chunk_169788,mentions,vocab:henry,
chunk_169788,mentions,vocab:party,
chunk_169788,mentions,vocab:unala,
chunk_169789,mentions,vocab:charis,
chunk_169789,mentions,vocab:claw,
chunk_169789,mentions,vocab:crowe,
chunk_169789,mentions,vocab:hammer,
chunk_169789,mentions,vocab:ilguz,
chunk_169789,mentions,vocab:kalina,
chunk_169789,mentions,vocab:light,
chunk_169789,mentions,vocab:party,
chunk_169789,mentions,vocab:spike,
chunk_169789,mentions,vocab:tanzo,
chunk_169790,mentions,vocab:alivyre,
chunk_169790,mentions,vocab:aren,
chunk_169790,mentions,vocab:bre,
chunk_169790,mentions,vocab:crafthold,
chunk_169790,mentions,vocab:drib,
chunk_169790,mentions,vocab:eghad,
chunk_169790,mentions,vocab:faeryne,
chunk_169790,mentions,vocab:henry,
chunk_169790,mentions,vocab:light,
chunk_169790,mentions,vocab:luminia,
chunk_169790,mentions,vocab:unala,
chunk_169791,mentions,vocab:alivyre,
chunk_169791,mentions,vocab:bear,
chunk_169791,mentions,vocab:bre,
chunk_169791,mentions,vocab:crafthold,
chunk_169791,mentions,vocab:drib,
chunk_169791,mentions,vocab:eghad,
chunk_169791,mentions,vocab:faeryne,
chunk_169791,mentions,vocab:foreclaimers,
chunk_169791,mentions,vocab:henry,
chunk_169791,mentions,vocab:luminia,
chunk_169791,mentions,vocab:party,
chunk_169791,mentions,vocab:unala,
chunk_169792,mentions,vocab:alivyre,
chunk_169792,mentions,vocab:bre,
chunk_169792,mentions,vocab:cergad,
chunk_169792,mentions,vocab:crafthold,
chunk_169792,mentions,vocab:drib,
chunk_169792,mentions,vocab:eghad,
chunk_169792,mentions,vocab:faeryne,
chunk_169792,mentions,vocab:henry,
chunk_169792,mentions,vocab:mercy,
chunk_169792,mentions,vocab:party,
chunk_169792,mentions,vocab:tanzo,
chunk_169792,mentions,vocab:unala,
chunk_169793,mentions,vocab:abbey,
chunk_169793,mentions,vocab:aniya,
chunk_169793,mentions,vocab:crafthold,
chunk_169793,mentions,vocab:credus,
chunk_169793,mentions,vocab:eghad,
chunk_169793,mentions,vocab:fulbert,
chunk_169793,mentions,vocab:henry,
chunk_169793,mentions,vocab:iris,
chunk_169793,mentions,vocab:mercy,
chunk_169793,mentions,vocab:party,
chunk_169794,mentions,vocab:bre,
chunk_169794,mentions,vocab:credus,
chunk_169794,mentions,vocab:drib,
chunk_169794,mentions,vocab:faeryne,
chunk_169794,mentions,vocab:fulbert,
chunk_169794,mentions,vocab:henry,
chunk_169794,mentions,vocab:modrons,
chunk_169794,mentions,vocab:party,
chunk_169794,mentions,vocab:unala,
chunk_169795,mentions,vocab:alivyre,
chunk_169795,mentions,vocab:brightfields,
chunk_169795,mentions,vocab:crafthold,
chunk_169795,mentions,vocab:david bowie,
chunk_169795,mentions,vocab:henry,
chunk_169795,mentions,vocab:iris,
chunk_169795,mentions,vocab:unala,
chunk_169796,mentions,vocab:alivyre,
chunk_169796,mentions,vocab:bre,
chunk_169796,mentions,vocab:drib,
chunk_169796,mentions,vocab:faeryne,
chunk_169796,mentions,vocab:henry,
chunk_169796,mentions,vocab:liacyne,
chunk_169796,mentions,vocab:party,
chunk_169796,mentions,vocab:spire,
chunk_169796,mentions,vocab:unala,
chunk_169797,mentions,vocab:abbey,
chunk_169797,mentions,vocab:alivyre,
chunk_169797,mentions,vocab:aniya,
chunk_169797,mentions,vocab:aren,
chunk_169797,mentions,vocab:bear,
chunk_169797,mentions,vocab:brightfield,
chunk_169797,mentions,vocab:connor,
chunk_169797,mentions,vocab:crafthold,
chunk_169797,mentions,vocab:credus,
chunk_169797,mentions,vocab:crowe,
chunk_169797,mentions,vocab:faeryne,
chunk_169797,mentions,vocab:jemmy,
chunk_169797,mentions,vocab:kalina,
chunk_169797,mentions,vocab:liacyne,
chunk_169797,mentions,vocab:luminia,
chunk_169797,mentions,vocab:mercy,
chunk_169797,mentions,vocab:party,
chunk_169797,mentions,vocab:pet,
chunk_169797,mentions,vocab:soren,
chunk_169797,mentions,vocab:spartan,
chunk_169797,mentions,vocab:spire,
chunk_169797,mentions,vocab:victor,
chunk_169799,mentions,vocab:baltael,
chunk_169799,mentions,vocab:bre,
chunk_169799,mentions,vocab:clara,
chunk_169799,mentions,vocab:crafthold,
chunk_169799,mentions,vocab:credus,
chunk_169799,mentions,vocab:darren,
chunk_169799,mentions,vocab:edda macinnis,
chunk_169799,mentions,vocab:faeryne,
chunk_169799,mentions,vocab:folly,
chunk_169799,mentions,vocab:garrick,
chunk_169799,mentions,vocab:guldrur,
chunk_169799,mentions,vocab:hadar,
chunk_169799,mentions,vocab:henry,
chunk_169799,mentions,vocab:huana,
chunk_169799,mentions,vocab:king,
chunk_169799,mentions,vocab:liacyne,
chunk_169799,mentions,vocab:liavarah,
chunk_169799,mentions,vocab:luminia,
chunk_169799,mentions,vocab:mercy,
chunk_169799,mentions,vocab:poppy,
chunk_169799,mentions,vocab:sala,
chunk_169799,mentions,vocab:saphira,
chunk_169799,mentions,vocab:tanzo,
chunk_169799,mentions,vocab:unala,
chunk_169799,mentions,vocab:victor,
chunk_169800,mentions,vocab:alivyre,
chunk_169800,mentions,vocab:credus,
chunk_169800,mentions,vocab:faeryne,
chunk_169800,mentions,vocab:folly,
chunk_169800,mentions,vocab:fulbert,
chunk_169800,mentions,vocab:garrick,
chunk_169800,mentions,vocab:guldrur,
chunk_169800,mentions,vocab:henry,
chunk_169800,mentions,vocab:mercy,
chunk_169800,mentions,vocab:nala,
chunk_169800,mentions,vocab:newberry,
chunk_169800,mentions,vocab:poppy,
chunk_169800,mentions,vocab:sala,
chunk_169800,mentions,vocab:tiber,
chunk_169800,mentions,vocab:unala,
chunk_169801,mentions,vocab:abbey,
chunk_169801,mentions,vocab:alivyre,
chunk_169801,mentions,vocab:dakgorim,
chunk_169801,mentions,vocab:faeryne,
chunk_169801,mentions,vocab:folly,
chunk_169801,mentions,vocab:garrick,
chunk_169801,mentions,vocab:hadar,
chunk_169801,mentions,vocab:henry,
chunk_169801,mentions,vocab:king,
chunk_169801,mentions,vocab:liavarah,
chunk_169801,mentions,vocab:macfeegle,
chunk_169801,mentions,vocab:newberry,
chunk_169801,mentions,vocab:rarmal,
chunk_169801,mentions,vocab:unala,
chunk_169801,mentions,vocab:victor,
chunk_169802,mentions,vocab:abbey,
chunk_169802,mentions,vocab:alivyre,
chunk_169802,mentions,vocab:crafthold,
chunk_169802,mentions,vocab:faeryne,
chunk_169802,mentions,vocab:folly,
chunk_169802,mentions,vocab:garrick,
chunk_169802,mentions,vocab:henry,
chunk_169802,mentions,vocab:macfeegle,
chunk_169802,mentions,vocab:rarmal,
chunk_169802,mentions,vocab:unala,
chunk_169802,mentions,vocab:ungagh bloodaxe,
chunk_169802,mentions,vocab:victor,
chunk_169803,mentions,vocab:abbey,
chunk_169803,mentions,vocab:alivyre,
chunk_169803,mentions,vocab:blackburn,
chunk_169803,mentions,vocab:bloodaxe,
chunk_169803,mentions,vocab:bysickle,
chunk_169803,mentions,vocab:crafthold,
chunk_169803,mentions,vocab:crowe,
chunk_169803,mentions,vocab:dakgorim,
chunk_169803,mentions,vocab:edda,
chunk_169803,mentions,vocab:edda macinnis,
chunk_169803,mentions,vocab:faeryne,
chunk_169803,mentions,vocab:folly,
chunk_169803,mentions,vocab:garrick,
chunk_169803,mentions,vocab:grace,
chunk_169803,mentions,vocab:guldrur,
chunk_169803,mentions,vocab:hand,
chunk_169803,mentions,vocab:hands,
chunk_169803,mentions,vocab:henry,
chunk_169803,mentions,vocab:kavar,
chunk_169803,mentions,vocab:macfeegle,
chunk_169803,mentions,vocab:rarmal,
chunk_169803,mentions,vocab:unala,
chunk_169803,mentions,vocab:venric,
chunk_169803,mentions,vocab:victor,
chunk_169803,mentions,vocab:warhammer,
chunk_169804,mentions,vocab:aniya,
chunk_169804,mentions,vocab:clara,
chunk_169804,mentions,vocab:crafthold,
chunk_169804,mentions,vocab:credus,
chunk_169804,mentions,vocab:crowe,
chunk_169804,mentions,vocab:cursin,
chunk_169804,mentions,vocab:cursin helmaid,
chunk_169804,mentions,vocab:huana,
chunk_169804,mentions,vocab:jane,
chunk_169804,mentions,vocab:myconid,
chunk_169804,mentions,vocab:myconids,
chunk_169804,mentions,vocab:party,
chunk_169804,mentions,vocab:venric,
chunk_169805,mentions,vocab:alivyre,
chunk_169805,mentions,vocab:bysickle,
chunk_169805,mentions,vocab:cara,
chunk_169805,mentions,vocab:crafthold,
chunk_169805,mentions,vocab:credus,
chunk_169805,mentions,vocab:crowe,
chunk_169805,mentions,vocab:edda,
chunk_169805,mentions,vocab:faeryne,
chunk_169805,mentions,vocab:folly,
chunk_169805,mentions,vocab:henry,
chunk_169805,mentions,vocab:kalina,
chunk_169805,mentions,vocab:liacyne,
chunk_169805,mentions,vocab:liavarah,
chunk_169805,mentions,vocab:light,
chunk_169805,mentions,vocab:luminia,
chunk_169805,mentions,vocab:mercy,
chunk_169805,mentions,vocab:myconid,
chunk_169805,mentions,vocab:party,
chunk_169805,mentions,vocab:poppy,
chunk_169805,mentions,vocab:rarmal,
chunk_169805,mentions,vocab:sala,
chunk_169805,mentions,vocab:saphira,
chunk_169805,mentions,vocab:tanzo,
chunk_169805,mentions,vocab:unala,
chunk_169805,mentions,vocab:venric,
chunk_169805,mentions,vocab:victor,
chunk_169806,mentions,vocab:bixley,
chunk_169806,mentions,vocab:bysickle,
chunk_169806,mentions,vocab:clara,
chunk_169806,mentions,vocab:crafthold,
chunk_169806,mentions,vocab:credus,
chunk_169806,mentions,vocab:crowe,
chunk_169806,mentions,vocab:elias,
chunk_169806,mentions,vocab:faeryne,
chunk_169806,mentions,vocab:guldrur,
chunk_169806,mentions,vocab:henry,
chunk_169806,mentions,vocab:kalina,
chunk_169806,mentions,vocab:party,
chunk_169806,mentions,vocab:rarmal,
chunk_169806,mentions,vocab:saphira,
chunk_169806,mentions,vocab:touya,
chunk_169807,mentions,vocab:bysickle,
chunk_169807,mentions,vocab:clara,
chunk_169807,mentions,vocab:credus,
chunk_169807,mentions,vocab:crowe,
chunk_169807,mentions,vocab:cursin,
chunk_169807,mentions,vocab:jane,
chunk_169807,mentions,vocab:kalina,
chunk_169807,mentions,vocab:party,
chunk_169807,mentions,vocab:saphira,
chunk_169807,mentions,vocab:touya,
chunk_169807,mentions,vocab:venric,
chunk_169808,mentions,vocab:alivyre,
chunk_169808,mentions,vocab:blackburn,
chunk_169808,mentions,vocab:bysickle,
chunk_169808,mentions,vocab:crowe,
chunk_169808,mentions,vocab:faeryne,
chunk_169808,mentions,vocab:folly,
chunk_169808,mentions,vocab:garrick,
chunk_169808,mentions,vocab:henry,
chunk_169808,mentions,vocab:iris,
chunk_169808,mentions,vocab:kalina,
chunk_169808,mentions,vocab:kir selaz,
chunk_169808,mentions,vocab:luminia,
chunk_169808,mentions,vocab:mercy,
chunk_169808,mentions,vocab:newberry,
chunk_169808,mentions,vocab:venric,
chunk_169808,mentions,vocab:victor,
chunk_169808,mentions,vocab:wolfstream,
chunk_169809,mentions,vocab:academy,
chunk_169809,mentions,vocab:cara,
chunk_169809,mentions,vocab:clara,
chunk_169809,mentions,vocab:credus,
chunk_169809,mentions,vocab:cursin,
chunk_169809,mentions,vocab:darren,
chunk_169809,mentions,vocab:elysia,
chunk_169809,mentions,vocab:faeryne,
chunk_169809,mentions,vocab:fulbert,
chunk_169809,mentions,vocab:huana,
chunk_169809,mentions,vocab:jane,
chunk_169809,mentions,vocab:kalina,
chunk_169809,mentions,vocab:king,
chunk_169809,mentions,vocab:liacyne,
chunk_169809,mentions,vocab:luminia,
chunk_169809,mentions,vocab:mercy,
chunk_169809,mentions,vocab:myconids,
chunk_169809,mentions,vocab:party,
chunk_169809,mentions,vocab:sala,
chunk_169809,mentions,vocab:saphira,
chunk_169809,mentions,vocab:tanzo,
chunk_169809,mentions,vocab:tiber,
chunk_169809,mentions,vocab:urgulk,
chunk_169809,mentions,vocab:venric,
chunk_169809,mentions,vocab:victor,
chunk_169810,mentions,vocab:abbey,
chunk_169810,mentions,vocab:alivyre,
chunk_169810,mentions,vocab:blackburn,
chunk_169810,mentions,vocab:brightfield,
chunk_169810,mentions,vocab:bysickle,
chunk_169810,mentions,vocab:caldwell,
chunk_169810,mentions,vocab:chuck,
chunk_169810,mentions,vocab:crafthold,
chunk_169810,mentions,vocab:credus,
chunk_169810,mentions,vocab:crowe,
chunk_169810,mentions,vocab:cursin,
chunk_169810,mentions,vocab:dhassa,
chunk_169810,mentions,vocab:faeryne,
chunk_169810,mentions,vocab:folly,
chunk_169810,mentions,vocab:hands,
chunk_169810,mentions,vocab:henry,
chunk_169810,mentions,vocab:kalina,
chunk_169810,mentions,vocab:kir selaz,
chunk_169810,mentions,vocab:light,
chunk_169810,mentions,vocab:myconid,
chunk_169810,mentions,vocab:party,
chunk_169810,mentions,vocab:poppy,
chunk_169810,mentions,vocab:sleepsong,
chunk_169810,mentions,vocab:thurway,
chunk_169810,mentions,vocab:victor,
chunk_169810,mentions,vocab:wolfstream,
chunk_169811,mentions,vocab:abbey,
chunk_169811,mentions,vocab:alivyre,
chunk_169811,mentions,vocab:bysickle,
chunk_169811,mentions,vocab:crafthold,
chunk_169811,mentions,vocab:crowe,
chunk_169811,mentions,vocab:faeryne,
chunk_169811,mentions,vocab:henry,
chunk_169811,mentions,vocab:kalina,
chunk_169811,mentions,vocab:king,
chunk_169811,mentions,vocab:little bear,
chunk_169811,mentions,vocab:luminia,
chunk_169811,mentions,vocab:party,
chunk_169811,mentions,vocab:shworn,
chunk_169811,mentions,vocab:shworn sleepsong,
chunk_169811,mentions,vocab:venric,
chunk_169811,mentions,vocab:victor,
chunk_169812,mentions,vocab:abbey,
chunk_169812,mentions,vocab:alivyre,
chunk_169812,mentions,vocab:bixley,
chunk_169812,mentions,vocab:bysickle,
chunk_169812,mentions,vocab:crafthold,
chunk_169812,mentions,vocab:credus,
chunk_169812,mentions,vocab:crowe,
chunk_169812,mentions,vocab:cursin,
chunk_169812,mentions,vocab:faeryne,
chunk_169812,mentions,vocab:folly,
chunk_169812,mentions,vocab:fulbert,
chunk_169812,mentions,vocab:grace,
chunk_169812,mentions,vocab:henry,
chunk_169812,mentions,vocab:jane,
chunk_169812,mentions,vocab:kalina,
chunk_169812,mentions,vocab:king,
chunk_169812,mentions,vocab:kir,
chunk_169812,mentions,vocab:kir selaz,
chunk_169812,mentions,vocab:luminia,
chunk_169812,mentions,vocab:mercy,
chunk_169812,mentions,vocab:myconids,
chunk_169812,mentions,vocab:newberry,
chunk_169812,mentions,vocab:saphira,
chunk_169812,mentions,vocab:thurway,
chunk_169812,mentions,vocab:touya,
chunk_169812,mentions,vocab:victor,
chunk_169814,mentions,vocab:bysickle,
chunk_169814,mentions,vocab:crowe,
chunk_169814,mentions,vocab:dhassa,
chunk_169814,mentions,vocab:kalina,
chunk_169814,mentions,vocab:kir selaz,
chunk_169814,mentions,vocab:thurway,
chunk_169815,mentions,vocab:alivyre,
chunk_169815,mentions,vocab:braydon,
chunk_169815,mentions,vocab:bysickle,
chunk_169815,mentions,vocab:crowe,
chunk_169815,mentions,vocab:faeryne,
chunk_169815,mentions,vocab:hand,
chunk_169815,mentions,vocab:henry,
chunk_169815,mentions,vocab:jane,
chunk_169815,mentions,vocab:kalina,
chunk_169815,mentions,vocab:kir,
chunk_169815,mentions,vocab:kir selaz,
chunk_169815,mentions,vocab:luminia,
chunk_169815,mentions,vocab:ravencrest,
chunk_169815,mentions,vocab:shworn,
chunk_169815,mentions,vocab:thurway,
chunk_169815,mentions,vocab:venric,
chunk_169815,mentions,vocab:victor,
chunk_169816,mentions,vocab:alivyre,
chunk_169816,mentions,vocab:braydon,
chunk_169816,mentions,vocab:bysickle,
chunk_169816,mentions,vocab:crowe,
chunk_169816,mentions,vocab:dhassa,
chunk_169816,mentions,vocab:faeryne,
chunk_169816,mentions,vocab:hands,
chunk_169816,mentions,vocab:henry,
chunk_169816,mentions,vocab:kalina,
chunk_169816,mentions,vocab:killeth,
chunk_169816,mentions,vocab:luminia,
chunk_169816,mentions,vocab:party,
chunk_169816,mentions,vocab:ravencrest,
chunk_169816,mentions,vocab:shworn,
chunk_169816,mentions,vocab:thurway,
chunk_169816,mentions,vocab:venric,
chunk_169816,mentions,vocab:victor,
chunk_169817,mentions,vocab:alivyre,
chunk_169817,mentions,vocab:bixley,
chunk_169817,mentions,vocab:braydon,
chunk_169817,mentions,vocab:bysickle,
chunk_169817,mentions,vocab:crafthold,
chunk_169817,mentions,vocab:credus,
chunk_169817,mentions,vocab:crowe,
chunk_169817,mentions,vocab:dhassa,
chunk_169817,mentions,vocab:faeryne,
chunk_169817,mentions,vocab:hands,
chunk_169817,mentions,vocab:henry,
chunk_169817,mentions,vocab:huana,
chunk_169817,mentions,vocab:jane,
chunk_169817,mentions,vocab:kalina,
chunk_169817,mentions,vocab:killeth,
chunk_169817,mentions,vocab:liavarah,
chunk_169817,mentions,vocab:luminia,
chunk_169817,mentions,vocab:mercy,
chunk_169817,mentions,vocab:myconid,
chunk_169817,mentions,vocab:myconids,
chunk_169817,mentions,vocab:party,
chunk_169817,mentions,vocab:poppy,
chunk_169817,mentions,vocab:ravencrest,
chunk_169817,mentions,vocab:sala,
chunk_169817,mentions,vocab:saphira,
chunk_169817,mentions,vocab:shworn,
chunk_169817,mentions,vocab:touya,
chunk_169817,mentions,vocab:venric,
chunk_169817,mentions,vocab:victor,
chunk_169818,mentions,vocab:cara,
chunk_169818,mentions,vocab:crowe,
chunk_169818,mentions,vocab:eghad,
chunk_169818,mentions,vocab:hadar,
chunk_169818,mentions,vocab:hammer,
chunk_169818,mentions,vocab:hands,
chunk_169818,mentions,vocab:kalina,
chunk_169818,mentions,vocab:liavarah,
chunk_169818,mentions,vocab:light,
chunk_169818,mentions,vocab:mercy,
chunk_169818,mentions,vocab:varah,
chunk_169819,mentions,vocab:alivyre,
chunk_169819,mentions,vocab:aren,
chunk_169819,mentions,vocab:avarna,
chunk_169819,mentions,vocab:bysickle,
chunk_169819,mentions,vocab:crowe,
chunk_169819,mentions,vocab:dhassa,
chunk_169819,mentions,vocab:faeryne,
chunk_169819,mentions,vocab:henry,
chunk_169819,mentions,vocab:kalina,
chunk_169819,mentions,vocab:killeth,
chunk_169819,mentions,vocab:luminia,
chunk_169819,mentions,vocab:party,
chunk_169819,mentions,vocab:shworn,
chunk_169819,mentions,vocab:thurway,
chunk_169819,mentions,vocab:venric,
chunk_169819,mentions,vocab:victor,
chunk_169820,mentions,vocab:alivyre,
chunk_169820,mentions,vocab:aren,
chunk_169820,mentions,vocab:avarna,
chunk_169820,mentions,vocab:bysickle,
chunk_169820,mentions,vocab:crafthold,
chunk_169820,mentions,vocab:crowe,
chunk_169820,mentions,vocab:dhassa,
chunk_169820,mentions,vocab:edmund loris,
chunk_169820,mentions,vocab:elulind,
chunk_169820,mentions,vocab:faeryne,
chunk_169820,mentions,vocab:henry,
chunk_169820,mentions,vocab:kalina,
chunk_169820,mentions,vocab:king,
chunk_169820,mentions,vocab:luminia,
chunk_169820,mentions,vocab:party,
chunk_169820,mentions,vocab:ravencrest,
chunk_169820,mentions,vocab:sala,
chunk_169820,mentions,vocab:shworn,
chunk_169820,mentions,vocab:venric,
chunk_169820,mentions,vocab:victor,
chunk_169821,mentions,vocab:alivyre,
chunk_169821,mentions,vocab:avarna,
chunk_169821,mentions,vocab:braydon,
chunk_169821,mentions,vocab:bysickle,
chunk_169821,mentions,vocab:crafthold,
chunk_169821,mentions,vocab:crowe,
chunk_169821,mentions,vocab:elysia,
chunk_169821,mentions,vocab:faeryne,
chunk_169821,mentions,vocab:henry,
chunk_169821,mentions,vocab:kalina,
chunk_169821,mentions,vocab:killeth,
chunk_169821,mentions,vocab:king,
chunk_169821,mentions,vocab:luminia,
chunk_169821,mentions,vocab:party,
chunk_169821,mentions,vocab:shworn,
chunk_169821,mentions,vocab:sleepsong,
chunk_169821,mentions,vocab:thurway,
chunk_169821,mentions,vocab:torenth,
chunk_169821,mentions,vocab:venric,
chunk_169821,mentions,vocab:victor,
chunk_169822,mentions,vocab:abbey,
chunk_169822,mentions,vocab:braydon,
chunk_169822,mentions,vocab:crafthold,
chunk_169822,mentions,vocab:credus,
chunk_169822,mentions,vocab:dhassa,
chunk_169822,mentions,vocab:elias,
chunk_169822,mentions,vocab:elysia,
chunk_169822,mentions,vocab:faeryne,
chunk_169822,mentions,vocab:hands,
chunk_169822,mentions,vocab:luminia,
chunk_169822,mentions,vocab:newberry,
chunk_169822,mentions,vocab:party,
chunk_169822,mentions,vocab:shworn,
chunk_169822,mentions,vocab:terry,
chunk_169822,mentions,vocab:torenth,
chunk_169822,mentions,vocab:victor,
chunk_169823,mentions,vocab:alivyre,
chunk_169823,mentions,vocab:anthony,
chunk_169823,mentions,vocab:aren,
chunk_169823,mentions,vocab:avarna,
chunk_169823,mentions,vocab:bysickle,
chunk_169823,mentions,vocab:credus,
chunk_169823,mentions,vocab:crowe,
chunk_169823,mentions,vocab:cullen,
chunk_169823,mentions,vocab:dhassa,
chunk_169823,mentions,vocab:henry,
chunk_169823,mentions,vocab:kalina,
chunk_169823,mentions,vocab:king,
chunk_169823,mentions,vocab:little bear,
chunk_169823,mentions,vocab:loris,
chunk_169823,mentions,vocab:moon,
chunk_169823,mentions,vocab:ravencrest,
chunk_169823,mentions,vocab:shworn,
chunk_169823,mentions,vocab:tolanite,
chunk_169823,mentions,vocab:venric,
chunk_169823,mentions,vocab:victor,
chunk_169824,mentions,vocab:alivyre,
chunk_169824,mentions,vocab:avarna,
chunk_169824,mentions,vocab:crafthold,
chunk_169824,mentions,vocab:dhassa,
chunk_169824,mentions,vocab:elysia,
chunk_169824,mentions,vocab:faeryne,
chunk_169824,mentions,vocab:hands,
chunk_169824,mentions,vocab:henry,
chunk_169824,mentions,vocab:king,
chunk_169824,mentions,vocab:luminia,
chunk_169824,mentions,vocab:phil,
chunk_169824,mentions,vocab:ravencrest,
chunk_169824,mentions,vocab:rhys,
chunk_169824,mentions,vocab:shworn,
chunk_169824,mentions,vocab:sleepsong,
chunk_169824,mentions,vocab:terry,
chunk_169824,mentions,vocab:thurway,
chunk_169824,mentions,vocab:tolanite,
chunk_169824,mentions,vocab:victor,
chunk_169825,mentions,vocab:aniya,
chunk_169825,mentions,vocab:aren,
chunk_169825,mentions,vocab:bixley,
chunk_169825,mentions,vocab:bysickle,
chunk_169825,mentions,vocab:cara,
chunk_169825,mentions,vocab:crowe,
chunk_169825,mentions,vocab:darren,
chunk_169825,mentions,vocab:draug,
chunk_169825,mentions,vocab:fulbert,
chunk_169825,mentions,vocab:kalina,
chunk_169825,mentions,vocab:liavarah,
chunk_169825,mentions,vocab:poppy,
chunk_169825,mentions,vocab:rhona,
chunk_169825,mentions,vocab:saphira,
chunk_169825,mentions,vocab:soren,
chunk_169826,mentions,vocab:alivyre,
chunk_169826,mentions,vocab:fenrir,
chunk_169826,mentions,vocab:henry,
chunk_169826,mentions,vocab:kavar,
chunk_169826,mentions,vocab:shworn,
chunk_169827,mentions,vocab:alivyre,
chunk_169827,mentions,vocab:avarna,
chunk_169827,mentions,vocab:faeryne,
chunk_169827,mentions,vocab:fenrir,
chunk_169827,mentions,vocab:henry,
chunk_169827,mentions,vocab:kavar,
chunk_169827,mentions,vocab:luminia,
chunk_169827,mentions,vocab:shworn,
chunk_169827,mentions,vocab:sleepsong,
chunk_169827,mentions,vocab:terry,
chunk_169827,mentions,vocab:victor,
chunk_169828,mentions,vocab:alivyre,
chunk_169828,mentions,vocab:avarna,
chunk_169828,mentions,vocab:dhassa,
chunk_169828,mentions,vocab:faeryne,
chunk_169828,mentions,vocab:fenrir,
chunk_169828,mentions,vocab:hand,
chunk_169828,mentions,vocab:henry,
chunk_169828,mentions,vocab:luminia,
chunk_169828,mentions,vocab:shworn,
chunk_169828,mentions,vocab:terry,
chunk_169828,mentions,vocab:tolanites,
chunk_169828,mentions,vocab:victor,
chunk_169829,mentions,vocab:alivyre,
chunk_169829,mentions,vocab:aren,
chunk_169829,mentions,vocab:avarna,
chunk_169829,mentions,vocab:dhassa,
chunk_169829,mentions,vocab:faeryne,
chunk_169829,mentions,vocab:henry,
chunk_169829,mentions,vocab:kavar,
chunk_169829,mentions,vocab:king,
chunk_169829,mentions,vocab:little bear,
chunk_169829,mentions,vocab:luminia,
chunk_169829,mentions,vocab:michaelines,
chunk_169829,mentions,vocab:party,
chunk_169829,mentions,vocab:ravencrest,
chunk_169829,mentions,vocab:remedy,
chunk_169829,mentions,vocab:shworn,
chunk_169829,mentions,vocab:terry,
chunk_169829,mentions,vocab:tolanite,
chunk_169829,mentions,vocab:tolanites,
chunk_169829,mentions,vocab:victor,
chunk_169830,mentions,vocab:alivyre,
chunk_169830,mentions,vocab:emily,
chunk_169830,mentions,vocab:faeryne,
chunk_169830,mentions,vocab:henry,
chunk_169830,mentions,vocab:little bear,
chunk_169830,mentions,vocab:party,
chunk_169830,mentions,vocab:piers,
chunk_169830,mentions,vocab:piers ashton,
chunk_169830,mentions,vocab:remedy,
chunk_169830,mentions,vocab:rhys,
chunk_169830,mentions,vocab:shworn,
chunk_169830,mentions,vocab:spencer,
chunk_169830,mentions,vocab:terry,
chunk_169830,mentions,vocab:tolanites,
chunk_169830,mentions,vocab:victor,
chunk_169831,mentions,vocab:bixley,
chunk_169831,mentions,vocab:credus,
chunk_169831,mentions,vocab:faeryne,
chunk_169831,mentions,vocab:folly,
chunk_169831,mentions,vocab:fulbert,
chunk_169831,mentions,vocab:liavarah,
chunk_169832,mentions,vocab:bixley,
chunk_169832,mentions,vocab:cara,
chunk_169832,mentions,vocab:darren,
chunk_169832,mentions,vocab:garrick,
chunk_169832,mentions,vocab:liavarah,
chunk_169832,mentions,vocab:poppy,
chunk_169832,mentions,vocab:saphira,
chunk_169833,mentions,vocab:aniya,
chunk_169833,mentions,vocab:cara,
chunk_169833,mentions,vocab:darren,
chunk_169833,mentions,vocab:garrick,
chunk_169833,mentions,vocab:liavarah,
chunk_169833,mentions,vocab:poppy,
chunk_169833,mentions,vocab:saphira,
chunk_169834,mentions,vocab:aniya,
chunk_169834,mentions,vocab:bixley,
chunk_169834,mentions,vocab:cara,
chunk_169834,mentions,vocab:crowe,
chunk_169834,mentions,vocab:darren,
chunk_169834,mentions,vocab:garrick,
chunk_169834,mentions,vocab:kalina,
chunk_169834,mentions,vocab:liavarah,
chunk_169834,mentions,vocab:poppy,
chunk_169834,mentions,vocab:venric,
chunk_169835,mentions,vocab:abbey,
chunk_169835,mentions,vocab:alivyre,
chunk_169835,mentions,vocab:blackburn,
chunk_169835,mentions,vocab:brightfield,
chunk_169835,mentions,vocab:crafthold,
chunk_169835,mentions,vocab:credus,
chunk_169835,mentions,vocab:dakgorim,
chunk_169835,mentions,vocab:dhassa,
chunk_169835,mentions,vocab:eardwulf,
chunk_169835,mentions,vocab:faeryne,
chunk_169835,mentions,vocab:glory,
chunk_169835,mentions,vocab:guldrur,
chunk_169835,mentions,vocab:henry,
chunk_169835,mentions,vocab:luminia,
chunk_169835,mentions,vocab:melba,
chunk_169835,mentions,vocab:modrons,
chunk_169835,mentions,vocab:newberry,
chunk_169835,mentions,vocab:party,
chunk_169835,mentions,vocab:pet,
chunk_169835,mentions,vocab:rarmal,
chunk_169835,mentions,vocab:shworn,
chunk_169835,mentions,vocab:soren,
chunk_169835,mentions,vocab:stonehome,
chunk_169835,mentions,vocab:terry,
chunk_169835,mentions,vocab:tiber,
chunk_169835,mentions,vocab:unala,
chunk_169836,mentions,vocab:alivyre,
chunk_169836,mentions,vocab:brightfield,
chunk_169836,mentions,vocab:brightfields,
chunk_169836,mentions,vocab:crafthold,
chunk_169836,mentions,vocab:credus,
chunk_169836,mentions,vocab:faeryne,
chunk_169836,mentions,vocab:hand,
chunk_169836,mentions,vocab:hands,
chunk_169836,mentions,vocab:huana,
chunk_169836,mentions,vocab:light,
chunk_169836,mentions,vocab:luminia,
chunk_169836,mentions,vocab:mercy,
chunk_169836,mentions,vocab:party,
chunk_169836,mentions,vocab:soren,
chunk_169836,mentions,vocab:terry,
chunk_169836,mentions,vocab:unala,
chunk_169837,mentions,vocab:alivyre,
chunk_169837,mentions,vocab:brightfield,
chunk_169837,mentions,vocab:brightfields,
chunk_169837,mentions,vocab:credus,
chunk_169837,mentions,vocab:elias,
chunk_169837,mentions,vocab:faeryne,
chunk_169837,mentions,vocab:hands,
chunk_169837,mentions,vocab:huana,
chunk_169837,mentions,vocab:jemmy,
chunk_169837,mentions,vocab:luminia,
chunk_169837,mentions,vocab:party,
chunk_169837,mentions,vocab:tanzo,
chunk_169837,mentions,vocab:venric,
chunk_169838,mentions,vocab:alivyre,
chunk_169838,mentions,vocab:brightfield,
chunk_169838,mentions,vocab:credus,
chunk_169838,mentions,vocab:faeryne,
chunk_169838,mentions,vocab:hand,
chunk_169838,mentions,vocab:jemmy,
chunk_169838,mentions,vocab:katy,
chunk_169838,mentions,vocab:melba,
chunk_169838,mentions,vocab:party,
chunk_169838,mentions,vocab:venric,
chunk_169838,mentions,vocab:victor,
chunk_169839,mentions,vocab:alivyre,
chunk_169839,mentions,vocab:credus,
chunk_169839,mentions,vocab:dereham,
chunk_169839,mentions,vocab:faeryne,
chunk_169839,mentions,vocab:folly,
chunk_169839,mentions,vocab:hands,
chunk_169839,mentions,vocab:holly,
chunk_169839,mentions,vocab:katy,
chunk_169839,mentions,vocab:liavarah,
chunk_169839,mentions,vocab:pet,
chunk_169839,mentions,vocab:poppy,
chunk_169839,mentions,vocab:terry,
chunk_169839,mentions,vocab:unala,
chunk_169840,mentions,vocab:alivyre,
chunk_169840,mentions,vocab:brightfield,
chunk_169840,mentions,vocab:crafthold,
chunk_169840,mentions,vocab:credus,
chunk_169840,mentions,vocab:faeryne,
chunk_169840,mentions,vocab:holly,
chunk_169840,mentions,vocab:katy,
chunk_169840,mentions,vocab:little bear,
chunk_169840,mentions,vocab:luminia,
chunk_169840,mentions,vocab:mercy,
chunk_169840,mentions,vocab:victor,
chunk_169841,mentions,vocab:alivyre,
chunk_169841,mentions,vocab:credus,
chunk_169841,mentions,vocab:dereham,
chunk_169841,mentions,vocab:faeryne,
chunk_169841,mentions,vocab:folly,
chunk_169841,mentions,vocab:holly,
chunk_169841,mentions,vocab:katy,
chunk_169841,mentions,vocab:liavarah,
chunk_169841,mentions,vocab:luminia,
chunk_169841,mentions,vocab:party,
chunk_169841,mentions,vocab:pet,
chunk_169841,mentions,vocab:poppy,
chunk_169841,mentions,vocab:saphira,
chunk_169841,mentions,vocab:tawyn,
chunk_169841,mentions,vocab:terry,
chunk_169841,mentions,vocab:unala,
chunk_169842,mentions,vocab:alivyre,
chunk_169842,mentions,vocab:credus,
chunk_169842,mentions,vocab:faeryne,
chunk_169842,mentions,vocab:hadar,
chunk_169842,mentions,vocab:holly,
chunk_169842,mentions,vocab:huana,
chunk_169842,mentions,vocab:katy,
chunk_169842,mentions,vocab:liavarah,
chunk_169842,mentions,vocab:luminia,
chunk_169842,mentions,vocab:pet,
chunk_169842,mentions,vocab:poppy,
chunk_169842,mentions,vocab:saphira,
chunk_169842,mentions,vocab:terry,
chunk_169842,mentions,vocab:unala,
chunk_169843,mentions,vocab:alivyre,
chunk_169843,mentions,vocab:credus,
chunk_169843,mentions,vocab:elaris,
chunk_169843,mentions,vocab:faeryne,
chunk_169843,mentions,vocab:holly,
chunk_169843,mentions,vocab:kalina,
chunk_169843,mentions,vocab:katy,
chunk_169843,mentions,vocab:liavarah,
chunk_169843,mentions,vocab:little bear,
chunk_169843,mentions,vocab:luminia,
chunk_169843,mentions,vocab:pet,
chunk_169843,mentions,vocab:poppy,
chunk_169843,mentions,vocab:saphira,
chunk_169843,mentions,vocab:terry,
chunk_169843,mentions,vocab:unala,
chunk_169844,mentions,vocab:alivyre,
chunk_169844,mentions,vocab:credus,
chunk_169844,mentions,vocab:faeryne,
chunk_169844,mentions,vocab:holly,
chunk_169844,mentions,vocab:kalina,
chunk_169844,mentions,vocab:katy,
chunk_169844,mentions,vocab:liavarah,
chunk_169844,mentions,vocab:pet,
chunk_169844,mentions,vocab:unala,
chunk_169844,mentions,vocab:venric,
chunk_169845,mentions,vocab:alivyre,
chunk_169845,mentions,vocab:credus,
chunk_169845,mentions,vocab:elaris,
chunk_169845,mentions,vocab:faeryne,
chunk_169845,mentions,vocab:holly,
chunk_169845,mentions,vocab:katy,
chunk_169845,mentions,vocab:liavarah,
chunk_169845,mentions,vocab:luminia,
chunk_169845,mentions,vocab:party,
chunk_169845,mentions,vocab:saphira,
chunk_169845,mentions,vocab:unala,
chunk_169845,mentions,vocab:venric,
chunk_169846,mentions,vocab:crowe,
chunk_169846,mentions,vocab:kalina,
chunk_169846,mentions,vocab:liavarah,
chunk_169847,mentions,vocab:alivyre,
chunk_169847,mentions,vocab:credus,
chunk_169847,mentions,vocab:crowe,
chunk_169847,mentions,vocab:elaris,
chunk_169847,mentions,vocab:faeryne,
chunk_169847,mentions,vocab:hadar,
chunk_169847,mentions,vocab:holly,
chunk_169847,mentions,vocab:huana,
chunk_169847,mentions,vocab:kalina,
chunk_169847,mentions,vocab:katy,
chunk_169847,mentions,vocab:liavarah,
chunk_169847,mentions,vocab:luminia,
chunk_169847,mentions,vocab:party,
chunk_169847,mentions,vocab:pet,
chunk_169847,mentions,vocab:saphira,
chunk_169847,mentions,vocab:terry,
chunk_169847,mentions,vocab:unala,
chunk_169847,mentions,vocab:varah,
chunk_169848,mentions,vocab:alivyre,
chunk_169848,mentions,vocab:baltael,
chunk_169848,mentions,vocab:crafthold,
chunk_169848,mentions,vocab:credus,
chunk_169848,mentions,vocab:crowe,
chunk_169848,mentions,vocab:elaris,
chunk_169848,mentions,vocab:faeryne,
chunk_169848,mentions,vocab:hand,
chunk_169848,mentions,vocab:holly,
chunk_169848,mentions,vocab:kalina,
chunk_169848,mentions,vocab:katy,
chunk_169848,mentions,vocab:liavarah,
chunk_169848,mentions,vocab:little bear,
chunk_169848,mentions,vocab:luminia,
chunk_169848,mentions,vocab:pet,
chunk_169848,mentions,vocab:saphira,
chunk_169848,mentions,vocab:terry,
chunk_169848,mentions,vocab:unala,
chunk_169848,mentions,vocab:varah,
chunk_169849,mentions,vocab:alivyre,
chunk_169849,mentions,vocab:brightfield,
chunk_169849,mentions,vocab:credus,
chunk_169849,mentions,vocab:crowe,
chunk_169849,mentions,vocab:elaris,
chunk_169849,mentions,vocab:faeryne,
chunk_169849,mentions,vocab:hadar,
chunk_169849,mentions,vocab:huana,
chunk_169849,mentions,vocab:kalina,
chunk_169849,mentions,vocab:katy,
chunk_169849,mentions,vocab:liavarah,
chunk_169849,mentions,vocab:party,
chunk_169849,mentions,vocab:pet,
chunk_169849,mentions,vocab:saphira,
chunk_169849,mentions,vocab:terry,
chunk_169850,mentions,vocab:alivyre,
chunk_169850,mentions,vocab:credus,
chunk_169850,mentions,vocab:crowe,
chunk_169850,mentions,vocab:elaris,
chunk_169850,mentions,vocab:faeryne,
chunk_169850,mentions,vocab:foreclaimers,
chunk_169850,mentions,vocab:holly,
chunk_169850,mentions,vocab:huana,
chunk_169850,mentions,vocab:kalina,
chunk_169850,mentions,vocab:katy,
chunk_169850,mentions,vocab:liavarah,
chunk_169850,mentions,vocab:light,
chunk_169850,mentions,vocab:luminia,
chunk_169850,mentions,vocab:mowser,
chunk_169850,mentions,vocab:pet,
chunk_169850,mentions,vocab:saphira,
chunk_169850,mentions,vocab:terry,
chunk_169850,mentions,vocab:thonatmo,
chunk_169850,mentions,vocab:unala,
chunk_169851,mentions,vocab:crafthold,
chunk_169851,mentions,vocab:credus,
chunk_169851,mentions,vocab:crowe,
chunk_169851,mentions,vocab:faeryne,
chunk_169851,mentions,vocab:holly,
chunk_169851,mentions,vocab:kalina,
chunk_169851,mentions,vocab:kwalish,
chunk_169851,mentions,vocab:liavarah,
chunk_169851,mentions,vocab:mowser,
chunk_169852,mentions,vocab:alivyre,
chunk_169852,mentions,vocab:arcana,
chunk_169852,mentions,vocab:credus,
chunk_169852,mentions,vocab:crowe,
chunk_169852,mentions,vocab:elaris,
chunk_169852,mentions,vocab:faeryne,
chunk_169852,mentions,vocab:holly,
chunk_169852,mentions,vocab:kalina,
chunk_169852,mentions,vocab:katy,
chunk_169852,mentions,vocab:liavarah,
chunk_169852,mentions,vocab:luminia,
chunk_169852,mentions,vocab:mowser,
chunk_169852,mentions,vocab:saphira,
chunk_169852,mentions,vocab:terry,
chunk_169852,mentions,vocab:unala,
chunk_169854,mentions,vocab:alivyre,
chunk_169854,mentions,vocab:bre,
chunk_169854,mentions,vocab:brightfield,
chunk_169854,mentions,vocab:crafthold,
chunk_169854,mentions,vocab:henry,
chunk_169854,mentions,vocab:jane,
chunk_169854,mentions,vocab:liacyne,
chunk_169854,mentions,vocab:party,
chunk_169854,mentions,vocab:pet,
chunk_169854,mentions,vocab:soren,
chunk_169854,mentions,vocab:spire,
chunk_169854,mentions,vocab:unala,
chunk_169855,mentions,vocab:alivyre,
chunk_169855,mentions,vocab:aniya,
chunk_169855,mentions,vocab:bre,
chunk_169855,mentions,vocab:crafthold,
chunk_169855,mentions,vocab:credus,
chunk_169855,mentions,vocab:faeryne,
chunk_169855,mentions,vocab:guldrur,
chunk_169855,mentions,vocab:liacyne,
chunk_169855,mentions,vocab:party,
chunk_169855,mentions,vocab:pet,
chunk_169855,mentions,vocab:soren,
chunk_169855,mentions,vocab:spire,
chunk_169855,mentions,vocab:unala,
chunk_169856,mentions,vocab:burzath,
chunk_169856,mentions,vocab:crafthold,
chunk_169856,mentions,vocab:ilguz,
chunk_169856,mentions,vocab:krach-ul,
chunk_169856,mentions,vocab:spartan,
chunk_169857,mentions,vocab:abbey,
chunk_169857,mentions,vocab:alivyre,
chunk_169857,mentions,vocab:bre,
chunk_169857,mentions,vocab:burzath,
chunk_169857,mentions,vocab:crafthold,
chunk_169857,mentions,vocab:dakgorim,
chunk_169857,mentions,vocab:guldrur,
chunk_169857,mentions,vocab:idolus,
chunk_169857,mentions,vocab:liacyne,
chunk_169857,mentions,vocab:little bear,
chunk_169857,mentions,vocab:north bend fob,
chunk_169857,mentions,vocab:party,
chunk_169857,mentions,vocab:unala,
chunk_169857,mentions,vocab:warhammer,
chunk_169858,mentions,vocab:alivyre,
chunk_169858,mentions,vocab:bear,
chunk_169858,mentions,vocab:bre,
chunk_169858,mentions,vocab:drib,
chunk_169858,mentions,vocab:guldrur,
chunk_169858,mentions,vocab:idolus,
chunk_169858,mentions,vocab:liacyne,
chunk_169858,mentions,vocab:party,
chunk_169858,mentions,vocab:unala,
chunk_169859,mentions,vocab:alivyre,
chunk_169859,mentions,vocab:baltael,
chunk_169859,mentions,vocab:bre,
chunk_169859,mentions,vocab:burzath,
chunk_169859,mentions,vocab:crafthold,
chunk_169859,mentions,vocab:crowe,
chunk_169859,mentions,vocab:faeryne,
chunk_169859,mentions,vocab:jane,
chunk_169859,mentions,vocab:little bear,
chunk_169859,mentions,vocab:north bend fob,
chunk_169859,mentions,vocab:party,
chunk_169859,mentions,vocab:pet,
chunk_169859,mentions,vocab:spartan,
chunk_169859,mentions,vocab:unala,
chunk_169860,mentions,vocab:charis,
chunk_169860,mentions,vocab:claw,
chunk_169860,mentions,vocab:crowe,
chunk_169860,mentions,vocab:david bowie,
chunk_169860,mentions,vocab:eghad,
chunk_169860,mentions,vocab:hammer,
chunk_169860,mentions,vocab:kalina,
chunk_169860,mentions,vocab:light,
chunk_169860,mentions,vocab:party,
chunk_169860,mentions,vocab:poppy,
chunk_169861,mentions,vocab:azaar,
chunk_169861,mentions,vocab:credus,
chunk_169861,mentions,vocab:faeryne,
chunk_169861,mentions,vocab:fulbert,
chunk_169862,mentions,vocab:abbey,
chunk_169862,mentions,vocab:alister cullen,
chunk_169862,mentions,vocab:alivyre,
chunk_169862,mentions,vocab:azaar,
chunk_169862,mentions,vocab:bear,
chunk_169862,mentions,vocab:bre,
chunk_169862,mentions,vocab:brigitte ware,
chunk_169862,mentions,vocab:cara,
chunk_169862,mentions,vocab:crafthold,
chunk_169862,mentions,vocab:credus,
chunk_169862,mentions,vocab:dakgorim,
chunk_169862,mentions,vocab:darren,
chunk_169862,mentions,vocab:evan newberry,
chunk_169862,mentions,vocab:faeryne,
chunk_169862,mentions,vocab:fulbert,
chunk_169862,mentions,vocab:guldrur,
chunk_169862,mentions,vocab:hand,
chunk_169862,mentions,vocab:idolus,
chunk_169862,mentions,vocab:jackals,
chunk_169862,mentions,vocab:king,
chunk_169862,mentions,vocab:liacyne,
chunk_169862,mentions,vocab:luminia,
chunk_169862,mentions,vocab:mercy,
chunk_169862,mentions,vocab:norris,
chunk_169862,mentions,vocab:north bend fob,
chunk_169862,mentions,vocab:party,
chunk_169862,mentions,vocab:selis caldwell,
chunk_169862,mentions,vocab:soren,
chunk_169862,mentions,vocab:unala,
chunk_169862,mentions,vocab:wolfstream abbey,
chunk_169863,mentions,vocab:spire,
chunk_169864,mentions,vocab:aniya,
chunk_169864,mentions,vocab:crafthold,
chunk_169864,mentions,vocab:spire,
chunk_169864,mentions,vocab:tanzo,
chunk_169864,mentions,vocab:victor,
chunk_169865,mentions,vocab:baltael,
chunk_169865,mentions,vocab:faeryne,
chunk_169865,mentions,vocab:light,
chunk_169865,mentions,vocab:luminia,
chunk_169866,mentions,vocab:crafthold,
chunk_169866,mentions,vocab:credus,
chunk_169866,mentions,vocab:mercy,
chunk_169866,mentions,vocab:modrons,
chunk_169868,mentions,vocab:azaar,
chunk_169868,mentions,vocab:crafthold,
chunk_169868,mentions,vocab:credus,
chunk_169868,mentions,vocab:faeryne,
chunk_169868,mentions,vocab:fulbert,
chunk_169868,mentions,vocab:henry,
chunk_169868,mentions,vocab:jane,
chunk_169868,mentions,vocab:moon,
chunk_169868,mentions,vocab:party,
chunk_169869,mentions,vocab:crafthold,
chunk_169869,mentions,vocab:credus,
chunk_169869,mentions,vocab:modrons,
chunk_169869,mentions,vocab:party,
chunk_169870,mentions,vocab:azaar,
chunk_169870,mentions,vocab:cergad,
chunk_169870,mentions,vocab:credus,
chunk_169870,mentions,vocab:faeryne,
chunk_169870,mentions,vocab:fulbert,
chunk_169870,mentions,vocab:henry,
chunk_169870,mentions,vocab:huana,
chunk_169870,mentions,vocab:iris,
chunk_169870,mentions,vocab:kwalish,
chunk_169870,mentions,vocab:luminia,
chunk_169870,mentions,vocab:modrons,
chunk_169870,mentions,vocab:party,
chunk_169870,mentions,vocab:poppy,
chunk_169870,mentions,vocab:spire,
chunk_169873,mentions,vocab:bysickle,
chunk_169873,mentions,vocab:hand,
chunk_169873,mentions,vocab:moon,
chunk_169873,mentions,vocab:party,
chunk_169874,mentions,vocab:alivyre,
chunk_169874,mentions,vocab:bear,
chunk_169874,mentions,vocab:bre,
chunk_169874,mentions,vocab:bysickle,
chunk_169874,mentions,vocab:crafthold,
chunk_169874,mentions,vocab:henry,
chunk_169874,mentions,vocab:idolus,
chunk_169874,mentions,vocab:liacyne,
chunk_169874,mentions,vocab:party,
chunk_169874,mentions,vocab:unala,
chunk_169874,mentions,vocab:urgulk,
chunk_169876,mentions,vocab:alivyre,
chunk_169876,mentions,vocab:aren,
chunk_169876,mentions,vocab:cergad,
chunk_169876,mentions,vocab:crafthold,
chunk_169876,mentions,vocab:faeryne,
chunk_169876,mentions,vocab:guldrur,
chunk_169876,mentions,vocab:hand,
chunk_169876,mentions,vocab:hands,
chunk_169876,mentions,vocab:henry,
chunk_169876,mentions,vocab:light,
chunk_169876,mentions,vocab:luminia,
chunk_169876,mentions,vocab:party,
chunk_169876,mentions,vocab:pet,
chunk_169876,mentions,vocab:shargaas,
chunk_169876,mentions,vocab:unala,
chunk_169876,mentions,vocab:urgulk,
chunk_169877,mentions,vocab:aniya,
chunk_169877,mentions,vocab:bear,
chunk_169877,mentions,vocab:berry,
chunk_169877,mentions,vocab:crafthold,
chunk_169877,mentions,vocab:credus,
chunk_169877,mentions,vocab:faeryne,
chunk_169877,mentions,vocab:fulbert,
chunk_169877,mentions,vocab:idolus,
chunk_169877,mentions,vocab:iris,
chunk_169877,mentions,vocab:liacyne,
chunk_169877,mentions,vocab:luminia,
chunk_169877,mentions,vocab:mercy,
chunk_169877,mentions,vocab:modrons,
chunk_169877,mentions,vocab:poppy,
chunk_169877,mentions,vocab:sala,
chunk_169877,mentions,vocab:salaisha,
chunk_169877,mentions,vocab:tanzo,
chunk_169877,mentions,vocab:unala,
chunk_169877,mentions,vocab:venric,
chunk_169878,mentions,vocab:bella,
chunk_169878,mentions,vocab:berry,
chunk_169878,mentions,vocab:blackburn,
chunk_169878,mentions,vocab:brightfield,
chunk_169878,mentions,vocab:cergad,
chunk_169878,mentions,vocab:crafthold,
chunk_169878,mentions,vocab:credus,
chunk_169878,mentions,vocab:crowe,
chunk_169878,mentions,vocab:faeryne,
chunk_169878,mentions,vocab:jane,
chunk_169878,mentions,vocab:liavarah,
chunk_169878,mentions,vocab:light,
chunk_169878,mentions,vocab:luminia,
chunk_169878,mentions,vocab:mercy,
chunk_169878,mentions,vocab:party,
chunk_169878,mentions,vocab:pet,
chunk_169878,mentions,vocab:sala,
chunk_169878,mentions,vocab:salaisha,
chunk_169878,mentions,vocab:tanzo,
chunk_169878,mentions,vocab:trollhills,
chunk_169878,mentions,vocab:unala,
chunk_169879,mentions,vocab:bella,
chunk_169879,mentions,vocab:blackburn,
chunk_169879,mentions,vocab:brightfield,
chunk_169879,mentions,vocab:cergad,
chunk_169879,mentions,vocab:crafthold,
chunk_169879,mentions,vocab:jane,
chunk_169879,mentions,vocab:party,
chunk_169879,mentions,vocab:pet,
chunk_169879,mentions,vocab:unala,
chunk_169880,mentions,vocab:abbey,
chunk_169880,mentions,vocab:alivyre,
chunk_169880,mentions,vocab:blackburn,
chunk_169880,mentions,vocab:connor,
chunk_169880,mentions,vocab:crafthold,
chunk_169880,mentions,vocab:guldrur,
chunk_169880,mentions,vocab:henry,
chunk_169880,mentions,vocab:ilguz,
chunk_169880,mentions,vocab:kaitlyn,
chunk_169880,mentions,vocab:liavarah,
chunk_169880,mentions,vocab:mercy,
chunk_169880,mentions,vocab:party,
chunk_169880,mentions,vocab:poppy,
chunk_169880,mentions,vocab:tanzo,
chunk_169880,mentions,vocab:trollhills,
chunk_169880,mentions,vocab:urgulk,
chunk_169881,mentions,vocab:fulbert,
chunk_169881,mentions,vocab:henry,
chunk_169881,mentions,vocab:iris,
chunk_169881,mentions,vocab:liacyne,
chunk_169881,mentions,vocab:liavarah,
chunk_169881,mentions,vocab:mercy,
chunk_169881,mentions,vocab:myconid,
chunk_169881,mentions,vocab:myconids,
chunk_169881,mentions,vocab:party,
chunk_169881,mentions,vocab:urgulk,
chunk_169882,mentions,vocab:bysickle,
chunk_169882,mentions,vocab:crafthold,
chunk_169882,mentions,vocab:fulbert,
chunk_169882,mentions,vocab:hand,
chunk_169882,mentions,vocab:henry,
chunk_169882,mentions,vocab:myconids,
chunk_169882,mentions,vocab:party,
chunk_169882,mentions,vocab:urgulk,
chunk_169883,mentions,vocab:abbey,
chunk_169883,mentions,vocab:alivyre,
chunk_169883,mentions,vocab:aniya,
chunk_169883,mentions,vocab:bear,
chunk_169883,mentions,vocab:blackburn,
chunk_169883,mentions,vocab:bre,
chunk_169883,mentions,vocab:crafthold,
chunk_169883,mentions,vocab:drib,
chunk_169883,mentions,vocab:faeryne,
chunk_169883,mentions,vocab:fritz,
chunk_169883,mentions,vocab:fulbert,
chunk_169883,mentions,vocab:henry,
chunk_169883,mentions,vocab:idolus,
chunk_169883,mentions,vocab:jane,
chunk_169883,mentions,vocab:liacyne,
chunk_169883,mentions,vocab:liavarah,
chunk_169883,mentions,vocab:luminia,
chunk_169883,mentions,vocab:mercy,
chunk_169883,mentions,vocab:myconid,
chunk_169883,mentions,vocab:party,
chunk_169883,mentions,vocab:sala,
chunk_169883,mentions,vocab:tanzo,
chunk_169883,mentions,vocab:unala,
chunk_169883,mentions,vocab:urgulk,
chunk_169885,mentions,vocab:bysickle,
chunk_169885,mentions,vocab:claw,
chunk_169885,mentions,vocab:crafthold,
chunk_169885,mentions,vocab:fulbert,
chunk_169885,mentions,vocab:henry,
chunk_169885,mentions,vocab:iris,
chunk_169885,mentions,vocab:jane,
chunk_169885,mentions,vocab:liacyne,
chunk_169885,mentions,vocab:liavarah,
chunk_169885,mentions,vocab:mercy,
chunk_169885,mentions,vocab:myconid,
chunk_169885,mentions,vocab:myconids,
chunk_169885,mentions,vocab:party,
chunk_169885,mentions,vocab:poppy,
chunk_169885,mentions,vocab:tanzo,
chunk_169885,mentions,vocab:urgulk,
chunk_169886,mentions,vocab:abbey,
chunk_169886,mentions,vocab:aniya,
chunk_169886,mentions,vocab:bear,
chunk_169886,mentions,vocab:bre,
chunk_169886,mentions,vocab:crafthold,
chunk_169886,mentions,vocab:david bowie,
chunk_169886,mentions,vocab:duchy of druwen,
chunk_169886,mentions,vocab:myconid,
chunk_169886,mentions,vocab:party,
chunk_169886,mentions,vocab:soren,
chunk_169887,mentions,vocab:party,
chunk_169888,mentions,vocab:crafthold,
chunk_169888,mentions,vocab:drib,
chunk_169888,mentions,vocab:iwtc,
chunk_169888,mentions,vocab:tanzo,
chunk_169889,mentions,vocab:academy,
chunk_169890,mentions,vocab:alivyre,
chunk_169890,mentions,vocab:blackburn,
chunk_169890,mentions,vocab:cergad,
chunk_169890,mentions,vocab:crafthold,
chunk_169890,mentions,vocab:drib,
chunk_169890,mentions,vocab:eghad,
chunk_169890,mentions,vocab:hammer,
chunk_169890,mentions,vocab:party,
chunk_169890,mentions,vocab:tanzo,
chunk_169891,mentions,vocab:aniya,
chunk_169891,mentions,vocab:bear,
chunk_169891,mentions,vocab:bre,
chunk_169891,mentions,vocab:crafthold,
chunk_169891,mentions,vocab:crowe,
chunk_169891,mentions,vocab:faeryne,
chunk_169891,mentions,vocab:fulbert,
chunk_169891,mentions,vocab:hands,
chunk_169891,mentions,vocab:idolus,
chunk_169891,mentions,vocab:kalina,
chunk_169891,mentions,vocab:liacyne,
chunk_169891,mentions,vocab:liavarah,
chunk_169891,mentions,vocab:light,
chunk_169891,mentions,vocab:party,
chunk_169891,mentions,vocab:spartan,
chunk_169891,mentions,vocab:urgulk,
chunk_169891,mentions,vocab:venric,
chunk_169892,mentions,vocab:bre,
chunk_169892,mentions,vocab:liavarah,
chunk_169892,mentions,vocab:mercy,
chunk_169895,mentions,vocab:alivyre,
chunk_169895,mentions,vocab:aniya,
chunk_169895,mentions,vocab:bear,
chunk_169895,mentions,vocab:blackburn,
chunk_169895,mentions,vocab:bre,
chunk_169895,mentions,vocab:crafthold,
chunk_169895,mentions,vocab:drib,
chunk_169895,mentions,vocab:faeryne,
chunk_169895,mentions,vocab:fulbert,
chunk_169895,mentions,vocab:henry,
chunk_169895,mentions,vocab:idolus,
chunk_169895,mentions,vocab:jane,
chunk_169895,mentions,vocab:liacyne,
chunk_169895,mentions,vocab:liavarah,
chunk_169895,mentions,vocab:sala,
chunk_169895,mentions,vocab:tanzo,
chunk_169895,mentions,vocab:unala,
chunk_169895,mentions,vocab:urgulk,
chunk_169896,mentions,vocab:aniya,
chunk_169896,mentions,vocab:blackburn,
chunk_169896,mentions,vocab:connor,
chunk_169896,mentions,vocab:crafthold,
chunk_169896,mentions,vocab:david herder,
chunk_169896,mentions,vocab:mercy,
chunk_169896,mentions,vocab:party,
chunk_169896,mentions,vocab:trollhills,
chunk_169897,mentions,vocab:aren,
chunk_169897,mentions,vocab:bear,
chunk_169897,mentions,vocab:blackburn,
chunk_169897,mentions,vocab:bre,
chunk_169897,mentions,vocab:crafthold,
chunk_169897,mentions,vocab:dhassa,
chunk_169897,mentions,vocab:faeryne,
chunk_169897,mentions,vocab:fulbert,
chunk_169897,mentions,vocab:hadar,
chunk_169897,mentions,vocab:henry,
chunk_169897,mentions,vocab:kaitlyn,
chunk_169897,mentions,vocab:kavar,
chunk_169897,mentions,vocab:liavarah,
chunk_169897,mentions,vocab:luminia,
chunk_169897,mentions,vocab:mercy,
chunk_169897,mentions,vocab:party,
chunk_169897,mentions,vocab:sala,
chunk_169897,mentions,vocab:sleepsong,
chunk_169897,mentions,vocab:soren,
chunk_169897,mentions,vocab:trollhills,
chunk_169897,mentions,vocab:unala,
chunk_169897,mentions,vocab:varah,
chunk_169898,mentions,vocab:alivyre,
chunk_169898,mentions,vocab:blackburn,
chunk_169898,mentions,vocab:crafthold,
chunk_169898,mentions,vocab:henry,
chunk_169898,mentions,vocab:kavar,
chunk_169898,mentions,vocab:liavarah,
chunk_169898,mentions,vocab:party,
chunk_169898,mentions,vocab:tanzo,
chunk_169899,mentions,vocab:academy,
chunk_169899,mentions,vocab:baltael,
chunk_169899,mentions,vocab:blackburn,
chunk_169899,mentions,vocab:brightfields,
chunk_169899,mentions,vocab:cergad,
chunk_169899,mentions,vocab:crafthold,
chunk_169899,mentions,vocab:faeryne,
chunk_169899,mentions,vocab:henry,
chunk_169899,mentions,vocab:jemmy,
chunk_169899,mentions,vocab:kavar,
chunk_169899,mentions,vocab:luminia,
chunk_169899,mentions,vocab:mercy,
chunk_169899,mentions,vocab:sala,
chunk_169899,mentions,vocab:tanzo,
chunk_169899,mentions,vocab:trollhills,
chunk_169899,mentions,vocab:unala,
chunk_169899,mentions,vocab:urgulk,
chunk_169900,mentions,vocab:crafthold,
chunk_169900,mentions,vocab:david bowie,
chunk_169900,mentions,vocab:henry,
chunk_169900,mentions,vocab:poppy,
chunk_169901,mentions,vocab:bre,
chunk_169901,mentions,vocab:mercy,
chunk_169901,mentions,vocab:victor,
chunk_169902,mentions,vocab:academy,
chunk_169902,mentions,vocab:baltael,
chunk_169902,mentions,vocab:cara,
chunk_169902,mentions,vocab:crafthold,
chunk_169902,mentions,vocab:darren,
chunk_169902,mentions,vocab:faeryne,
chunk_169902,mentions,vocab:spike,
chunk_169903,mentions,vocab:cara,
chunk_169903,mentions,vocab:duchy of druwen,
chunk_169903,mentions,vocab:faeryne,
chunk_169903,mentions,vocab:henry,
chunk_169903,mentions,vocab:henry sleepsong,
chunk_169903,mentions,vocab:liavarah,
chunk_169903,mentions,vocab:mercy,
chunk_169903,mentions,vocab:wolfstream,
chunk_169904,mentions,vocab:cara,
chunk_169904,mentions,vocab:crafthold,
chunk_169904,mentions,vocab:darren,
chunk_169904,mentions,vocab:jane,
chunk_169904,mentions,vocab:luminia,
chunk_169904,mentions,vocab:mercy,
chunk_169904,mentions,vocab:myconid,
chunk_169904,mentions,vocab:sala,
chunk_169905,mentions,vocab:baltael,
chunk_169905,mentions,vocab:blackburn,
chunk_169905,mentions,vocab:bre,
chunk_169905,mentions,vocab:bysickle,
chunk_169905,mentions,vocab:crafthold,
chunk_169905,mentions,vocab:crowe,
chunk_169905,mentions,vocab:darren,
chunk_169905,mentions,vocab:faeryne,
chunk_169905,mentions,vocab:foreclaimers,
chunk_169905,mentions,vocab:henry,
chunk_169905,mentions,vocab:iwtc,
chunk_169905,mentions,vocab:kalina,
chunk_169905,mentions,vocab:liacyne,
chunk_169905,mentions,vocab:liavarah,
chunk_169905,mentions,vocab:mercy,
chunk_169905,mentions,vocab:party,
chunk_169905,mentions,vocab:sala,
chunk_169905,mentions,vocab:sleepsong,
chunk_169905,mentions,vocab:trollhills,
chunk_169905,mentions,vocab:unala,
chunk_169905,mentions,vocab:urgulk,
chunk_169905,mentions,vocab:venric,
chunk_169906,mentions,vocab:alivyre,
chunk_169906,mentions,vocab:beni,
chunk_169906,mentions,vocab:crafthold,
chunk_169906,mentions,vocab:dakgorim,
chunk_169906,mentions,vocab:edda,
chunk_169906,mentions,vocab:guldrur,
chunk_169906,mentions,vocab:henry,
chunk_169906,mentions,vocab:ilguz,
chunk_169906,mentions,vocab:iwtc,
chunk_169906,mentions,vocab:liacyne,
chunk_169906,mentions,vocab:liavarah,
chunk_169906,mentions,vocab:mercy,
chunk_169906,mentions,vocab:newberry,
chunk_169906,mentions,vocab:party,
chunk_169906,mentions,vocab:rarmal,
chunk_169906,mentions,vocab:spire,
chunk_169906,mentions,vocab:stonehome,
chunk_169906,mentions,vocab:tanzo,
chunk_169906,mentions,vocab:ungagh bloodaxe,
chunk_169906,mentions,vocab:urgulk,
chunk_169906,mentions,vocab:victor,
chunk_169907,mentions,vocab:aniya,
chunk_169907,mentions,vocab:azaar,
chunk_169907,mentions,vocab:bear,
chunk_169907,mentions,vocab:blackburn,
chunk_169907,mentions,vocab:bre,
chunk_169907,mentions,vocab:bysickle,
chunk_169907,mentions,vocab:crafthold,
chunk_169907,mentions,vocab:credus,
chunk_169907,mentions,vocab:crowe,
chunk_169907,mentions,vocab:darren,
chunk_169907,mentions,vocab:eghad,
chunk_169907,mentions,vocab:fulbert,
chunk_169907,mentions,vocab:idolus,
chunk_169907,mentions,vocab:jane,
chunk_169907,mentions,vocab:kalina,
chunk_169907,mentions,vocab:liacyne,
chunk_169907,mentions,vocab:liavarah,
chunk_169907,mentions,vocab:mercy,
chunk_169907,mentions,vocab:party,
chunk_169907,mentions,vocab:sala,
chunk_169907,mentions,vocab:spire,
chunk_169907,mentions,vocab:tanzo,
chunk_169907,mentions,vocab:unala,
chunk_169907,mentions,vocab:venric,
chunk_169908,mentions,vocab:aniya,
chunk_169908,mentions,vocab:spire,
chunk_169909,mentions,vocab:abbey,
chunk_169909,mentions,vocab:alivyre,
chunk_169909,mentions,vocab:beni,
chunk_169909,mentions,vocab:cliffborough,
chunk_169909,mentions,vocab:crafthold,
chunk_169909,mentions,vocab:drib,
chunk_169909,mentions,vocab:druwen,
chunk_169909,mentions,vocab:faeryne,
chunk_169909,mentions,vocab:henry,
chunk_169909,mentions,vocab:liacyne,
chunk_169909,mentions,vocab:party,
chunk_169909,mentions,vocab:rarmal,
chunk_169909,mentions,vocab:stonehome,
chunk_169909,mentions,vocab:tanzo,
chunk_169909,mentions,vocab:urgulk,
chunk_169909,mentions,vocab:victor,
chunk_169910,mentions,vocab:abbey,
chunk_169910,mentions,vocab:baltael,
chunk_169910,mentions,vocab:blackwood,
chunk_169910,mentions,vocab:bloodaxe,
chunk_169910,mentions,vocab:brechin,
chunk_169910,mentions,vocab:brightfield,
chunk_169910,mentions,vocab:caldwell,
chunk_169910,mentions,vocab:crafthold,
chunk_169910,mentions,vocab:dhassa,
chunk_169910,mentions,vocab:druwen,
chunk_169910,mentions,vocab:duchy of druwen,
chunk_169910,mentions,vocab:faeryne,
chunk_169910,mentions,vocab:guldrur,
chunk_169910,mentions,vocab:henry,
chunk_169910,mentions,vocab:iwtc,
chunk_169910,mentions,vocab:jackals,
chunk_169910,mentions,vocab:king,
chunk_169910,mentions,vocab:liavarah,
chunk_169910,mentions,vocab:luminia,
chunk_169910,mentions,vocab:party,
chunk_169910,mentions,vocab:rarmal,
chunk_169910,mentions,vocab:sleepsong,
chunk_169910,mentions,vocab:soren,
chunk_169910,mentions,vocab:stonehome,
chunk_169910,mentions,vocab:urgulk,
chunk_169910,mentions,vocab:wolfstream,
chunk_169910,mentions,vocab:wolfstream village,
chunk_169911,mentions,vocab:faeryne,
chunk_169911,mentions,vocab:henry,
chunk_169911,mentions,vocab:liavarah,
chunk_169911,mentions,vocab:light,
chunk_169911,mentions,vocab:luminia,
chunk_169911,mentions,vocab:party,
chunk_169911,mentions,vocab:urgulk,
chunk_169911,mentions,vocab:varah,
chunk_169913,mentions,vocab:bear,
chunk_169913,mentions,vocab:blackburn,
chunk_169913,mentions,vocab:bre,
chunk_169913,mentions,vocab:brightfield,
chunk_169913,mentions,vocab:brightfields,
chunk_169913,mentions,vocab:chuck,
chunk_169913,mentions,vocab:crafthold,
chunk_169913,mentions,vocab:darren,
chunk_169913,mentions,vocab:faeryne,
chunk_169913,mentions,vocab:liacyne,
chunk_169913,mentions,vocab:newberry,
chunk_169913,mentions,vocab:party,
chunk_169913,mentions,vocab:pet,
chunk_169913,mentions,vocab:poppy,
chunk_169913,mentions,vocab:sala,
chunk_169913,mentions,vocab:soren,
chunk_169913,mentions,vocab:trollhills,
chunk_169913,mentions,vocab:unala,
chunk_169913,mentions,vocab:urgulk,
chunk_169915,mentions,vocab:bear,
chunk_169915,mentions,vocab:bre,
chunk_169915,mentions,vocab:cergad,
chunk_169915,mentions,vocab:crafthold,
chunk_169915,mentions,vocab:darren,
chunk_169915,mentions,vocab:faeryne,
chunk_169915,mentions,vocab:liacyne,
chunk_169915,mentions,vocab:light,
chunk_169915,mentions,vocab:party,
chunk_169915,mentions,vocab:pet,
chunk_169915,mentions,vocab:sala,
chunk_169915,mentions,vocab:trollhills,
chunk_169915,mentions,vocab:unala,
chunk_169917,mentions,vocab:bear,
chunk_169917,mentions,vocab:bre,
chunk_169917,mentions,vocab:cergad,
chunk_169917,mentions,vocab:crafthold,
chunk_169917,mentions,vocab:darren,
chunk_169917,mentions,vocab:faeryne,
chunk_169917,mentions,vocab:garrick,
chunk_169917,mentions,vocab:liacyne,
chunk_169917,mentions,vocab:party,
chunk_169917,mentions,vocab:pet,
chunk_169917,mentions,vocab:sala,
chunk_169917,mentions,vocab:trollhills,
chunk_169917,mentions,vocab:unala,
chunk_169919,mentions,vocab:bear,
chunk_169919,mentions,vocab:bre,
chunk_169919,mentions,vocab:darren,
chunk_169919,mentions,vocab:garrick,
chunk_169919,mentions,vocab:liacyne,
chunk_169919,mentions,vocab:light,
chunk_169919,mentions,vocab:party,
chunk_169919,mentions,vocab:pet,
chunk_169919,mentions,vocab:trollhills,
chunk_169919,mentions,vocab:unala,
chunk_169921,mentions,vocab:bear,
chunk_169921,mentions,vocab:bre,
chunk_169921,mentions,vocab:darren,
chunk_169921,mentions,vocab:folly,
chunk_169921,mentions,vocab:garrick,
chunk_169921,mentions,vocab:liacyne,
chunk_169921,mentions,vocab:trollhills,
chunk_169921,mentions,vocab:unala,
chunk_169923,mentions,vocab:aren,
chunk_169923,mentions,vocab:bear,
chunk_169923,mentions,vocab:bre,
chunk_169923,mentions,vocab:darren,
chunk_169923,mentions,vocab:draug,
chunk_169923,mentions,vocab:folly,
chunk_169923,mentions,vocab:garrick,
chunk_169923,mentions,vocab:grace,
chunk_169923,mentions,vocab:liacyne,
chunk_169923,mentions,vocab:nala,
chunk_169923,mentions,vocab:pet,
chunk_169923,mentions,vocab:tawyn,
chunk_169923,mentions,vocab:trollhills,
chunk_169923,mentions,vocab:unala,
chunk_169924,mentions,vocab:aren,
chunk_169924,mentions,vocab:bear,
chunk_169924,mentions,vocab:bre,
chunk_169924,mentions,vocab:cameth brin,
chunk_169924,mentions,vocab:cergad,
chunk_169924,mentions,vocab:darren,
chunk_169924,mentions,vocab:draug,
chunk_169924,mentions,vocab:garrick,
chunk_169924,mentions,vocab:grace,
chunk_169924,mentions,vocab:liacyne,
chunk_169924,mentions,vocab:nala,
chunk_169924,mentions,vocab:tawyn,
chunk_169924,mentions,vocab:unala,
chunk_169925,mentions,vocab:bear,
chunk_169925,mentions,vocab:bre,
chunk_169925,mentions,vocab:bysickle,
chunk_169925,mentions,vocab:cameth brin,
chunk_169925,mentions,vocab:cergad,
chunk_169925,mentions,vocab:crafthold,
chunk_169925,mentions,vocab:darren,
chunk_169925,mentions,vocab:folly,
chunk_169925,mentions,vocab:garrick,
chunk_169925,mentions,vocab:grace,
chunk_169925,mentions,vocab:hand,
chunk_169925,mentions,vocab:liacyne,
chunk_169925,mentions,vocab:party,
chunk_169925,mentions,vocab:unala,
chunk_169926,mentions,vocab:faeryne,
chunk_169926,mentions,vocab:hadar,
chunk_169926,mentions,vocab:henry,
chunk_169926,mentions,vocab:liavarah,
chunk_169926,mentions,vocab:luminia,
chunk_169926,mentions,vocab:party,
chunk_169926,mentions,vocab:urgulk,
chunk_169926,mentions,vocab:varah,
chunk_169927,mentions,vocab:faeryne,
chunk_169927,mentions,vocab:hadar,
chunk_169927,mentions,vocab:henry,
chunk_169927,mentions,vocab:liavarah,
chunk_169927,mentions,vocab:luminia,
chunk_169927,mentions,vocab:party,
chunk_169927,mentions,vocab:sleepsong,
chunk_169927,mentions,vocab:urgulk,
chunk_169927,mentions,vocab:varah,
chunk_169928,mentions,vocab:baltael,
chunk_169928,mentions,vocab:faeryne,
chunk_169928,mentions,vocab:hadar,
chunk_169928,mentions,vocab:henry,
chunk_169928,mentions,vocab:liavarah,
chunk_169928,mentions,vocab:light,
chunk_169928,mentions,vocab:luminia,
chunk_169928,mentions,vocab:party,
chunk_169928,mentions,vocab:sleepsong,
chunk_169928,mentions,vocab:urgulk,
chunk_169929,mentions,vocab:brightfields,
chunk_169929,mentions,vocab:faeryne,
chunk_169929,mentions,vocab:henry,
chunk_169929,mentions,vocab:liavarah,
chunk_169929,mentions,vocab:luminia,
chunk_169929,mentions,vocab:urgulk,
chunk_169929,mentions,vocab:varah,
chunk_169930,mentions,vocab:academy,
chunk_169930,mentions,vocab:crafthold,
chunk_169930,mentions,vocab:iwtc,
chunk_169930,mentions,vocab:mercy,
chunk_169931,mentions,vocab:abbey,
chunk_169931,mentions,vocab:bre,
chunk_169931,mentions,vocab:cameth brin,
chunk_169931,mentions,vocab:cergad,
chunk_169931,mentions,vocab:crafthold,
chunk_169931,mentions,vocab:darren,
chunk_169931,mentions,vocab:folly,
chunk_169931,mentions,vocab:garrick,
chunk_169931,mentions,vocab:krach-ul,
chunk_169931,mentions,vocab:liacyne,
chunk_169931,mentions,vocab:party,
chunk_169931,mentions,vocab:pet,
chunk_169931,mentions,vocab:sala,
chunk_169931,mentions,vocab:tanzo,
chunk_169931,mentions,vocab:unala,
chunk_169931,mentions,vocab:wolfstream,
chunk_169932,mentions,vocab:bre,
chunk_169932,mentions,vocab:crafthold,
chunk_169932,mentions,vocab:darren,
chunk_169932,mentions,vocab:garrick,
chunk_169932,mentions,vocab:liacyne,
chunk_169932,mentions,vocab:party,
chunk_169932,mentions,vocab:unala,
chunk_169933,mentions,vocab:faeryne,
chunk_169933,mentions,vocab:henry,
chunk_169933,mentions,vocab:liavarah,
chunk_169933,mentions,vocab:luminia,
chunk_169933,mentions,vocab:urgulk,
chunk_169934,mentions,vocab:baltael,
chunk_169934,mentions,vocab:faeryne,
chunk_169934,mentions,vocab:hadar,
chunk_169934,mentions,vocab:henry,
chunk_169934,mentions,vocab:liavarah,
chunk_169934,mentions,vocab:luminia,
chunk_169934,mentions,vocab:urgulk,
chunk_169934,mentions,vocab:varah,
chunk_169935,mentions,vocab:baltael,
chunk_169935,mentions,vocab:faeryne,
chunk_169935,mentions,vocab:henry,
chunk_169935,mentions,vocab:liavarah,
chunk_169935,mentions,vocab:luminia,
chunk_169935,mentions,vocab:urgulk,
chunk_169935,mentions,vocab:varah,
chunk_169935,mentions,vocab:venric,
chunk_169936,mentions,vocab:abbey,
chunk_169936,mentions,vocab:aren,
chunk_169936,mentions,vocab:bear,
chunk_169936,mentions,vocab:blackburn,
chunk_169936,mentions,vocab:bre,
chunk_169936,mentions,vocab:brightfield,
chunk_169936,mentions,vocab:crafthold,
chunk_169936,mentions,vocab:credus,
chunk_169936,mentions,vocab:faeryne,
chunk_169936,mentions,vocab:folly,
chunk_169936,mentions,vocab:garrick,
chunk_169936,mentions,vocab:grace,
chunk_169936,mentions,vocab:hadar,
chunk_169936,mentions,vocab:henry,
chunk_169936,mentions,vocab:huana,
chunk_169936,mentions,vocab:liavarah,
chunk_169936,mentions,vocab:luminia,
chunk_169936,mentions,vocab:mercy,
chunk_169936,mentions,vocab:modrons,
chunk_169936,mentions,vocab:party,
chunk_169936,mentions,vocab:poppy,
chunk_169936,mentions,vocab:tanzo,
chunk_169936,mentions,vocab:trollhills,
chunk_169936,mentions,vocab:urgulk,
chunk_169936,mentions,vocab:varah,
chunk_169936,mentions,vocab:victor,
chunk_169937,mentions,vocab:alivyre,
chunk_169937,mentions,vocab:aniya,
chunk_169937,mentions,vocab:bear,
chunk_169937,mentions,vocab:beni tinkerlaugh,
chunk_169937,mentions,vocab:blackburn,
chunk_169937,mentions,vocab:bre,
chunk_169937,mentions,vocab:bysickle,
chunk_169937,mentions,vocab:cergad,
chunk_169937,mentions,vocab:cliffborough,
chunk_169937,mentions,vocab:crafthold,
chunk_169937,mentions,vocab:credus,
chunk_169937,mentions,vocab:crowe,
chunk_169937,mentions,vocab:darren,
chunk_169937,mentions,vocab:david bowie,
chunk_169937,mentions,vocab:eghad,
chunk_169937,mentions,vocab:faeryne,
chunk_169937,mentions,vocab:folly,
chunk_169937,mentions,vocab:fritz,
chunk_169937,mentions,vocab:henry,
chunk_169937,mentions,vocab:huana,
chunk_169937,mentions,vocab:jane,
chunk_169937,mentions,vocab:kalina,
chunk_169937,mentions,vocab:liacyne,
chunk_169937,mentions,vocab:liavarah,
chunk_169937,mentions,vocab:luminia,
chunk_169937,mentions,vocab:mercy,
chunk_169937,mentions,vocab:party,
chunk_169937,mentions,vocab:saphira,
chunk_169937,mentions,vocab:stonehome,
chunk_169937,mentions,vocab:tanzo,
chunk_169937,mentions,vocab:unala,
chunk_169938,mentions,vocab:abbey,
chunk_169938,mentions,vocab:alivyre,
chunk_169938,mentions,vocab:aniya,
chunk_169938,mentions,vocab:bear,
chunk_169938,mentions,vocab:bre,
chunk_169938,mentions,vocab:caldwell,
chunk_169938,mentions,vocab:crafthold,
chunk_169938,mentions,vocab:credus,
chunk_169938,mentions,vocab:henry,
chunk_169938,mentions,vocab:huana,
chunk_169938,mentions,vocab:liacyne,
chunk_169938,mentions,vocab:little bear,
chunk_169938,mentions,vocab:modrons,
chunk_169938,mentions,vocab:party,
chunk_169938,mentions,vocab:rarmal,
chunk_169938,mentions,vocab:stonehome,
chunk_169939,mentions,vocab:alivyre,
chunk_169939,mentions,vocab:bixley,
chunk_169939,mentions,vocab:blackburn,
chunk_169939,mentions,vocab:crafthold,
chunk_169939,mentions,vocab:credus,
chunk_169939,mentions,vocab:druwen,
chunk_169939,mentions,vocab:elias,
chunk_169939,mentions,vocab:faeryne,
chunk_169939,mentions,vocab:henry,
chunk_169939,mentions,vocab:kavar,
chunk_169939,mentions,vocab:liacyne,
chunk_169939,mentions,vocab:luminia,
chunk_169939,mentions,vocab:mercy,
chunk_169939,mentions,vocab:modrons,
chunk_169939,mentions,vocab:party,
chunk_169939,mentions,vocab:spire,
chunk_169939,mentions,vocab:tanzo,
chunk_169940,mentions,vocab:baltael,
chunk_169940,mentions,vocab:blackburn,
chunk_169940,mentions,vocab:caldwell,
chunk_169940,mentions,vocab:crafthold,
chunk_169940,mentions,vocab:credus,
chunk_169940,mentions,vocab:darren,
chunk_169940,mentions,vocab:faeryne,
chunk_169940,mentions,vocab:jane,
chunk_169940,mentions,vocab:little bear,
chunk_169940,mentions,vocab:macfeegle,
chunk_169940,mentions,vocab:mercy,
chunk_169940,mentions,vocab:newberry,
chunk_169940,mentions,vocab:rhona,
chunk_169940,mentions,vocab:tanzo,
chunk_169940,mentions,vocab:unala,
chunk_169940,mentions,vocab:victor,
chunk_169941,mentions,vocab:darren,
chunk_169941,mentions,vocab:faeryne,
chunk_169941,mentions,vocab:folly,
chunk_169941,mentions,vocab:garrick,
chunk_169941,mentions,vocab:grace,
chunk_169941,mentions,vocab:luminia,
chunk_169941,mentions,vocab:pet,
chunk_169941,mentions,vocab:rhona,
chunk_169941,mentions,vocab:saphira,
chunk_169941,mentions,vocab:unala,
chunk_169941,mentions,vocab:victor,
chunk_169942,mentions,vocab:abbey,
chunk_169942,mentions,vocab:brightfield,
chunk_169942,mentions,vocab:cergad,
chunk_169942,mentions,vocab:clara,
chunk_169942,mentions,vocab:crafthold,
chunk_169942,mentions,vocab:darren,
chunk_169942,mentions,vocab:edda,
chunk_169942,mentions,vocab:faeryne,
chunk_169942,mentions,vocab:folly,
chunk_169942,mentions,vocab:grace,
chunk_169942,mentions,vocab:henry,
chunk_169942,mentions,vocab:jane,
chunk_169942,mentions,vocab:luminia,
chunk_169942,mentions,vocab:mercy,
chunk_169942,mentions,vocab:newberry,
chunk_169942,mentions,vocab:rarmal,
chunk_169942,mentions,vocab:saphira,
chunk_169942,mentions,vocab:tanzo,
chunk_169942,mentions,vocab:unala,
chunk_169942,mentions,vocab:victor,
chunk_169943,mentions,vocab:alivyre,
chunk_169943,mentions,vocab:blackburn,
chunk_169943,mentions,vocab:bre,
chunk_169943,mentions,vocab:burzath,
chunk_169943,mentions,vocab:clara,
chunk_169943,mentions,vocab:crafthold,
chunk_169943,mentions,vocab:credus,
chunk_169943,mentions,vocab:jane,
chunk_169943,mentions,vocab:liacyne,
chunk_169943,mentions,vocab:mercy,
chunk_169943,mentions,vocab:pet,
chunk_169943,mentions,vocab:sala,
chunk_169943,mentions,vocab:saphira,
chunk_169943,mentions,vocab:stonehome,
chunk_169943,mentions,vocab:tiber,
chunk_169943,mentions,vocab:tiber nox,
chunk_169943,mentions,vocab:unala,
chunk_169944,mentions,vocab:crafthold,
chunk_169944,mentions,vocab:darren,
chunk_169944,mentions,vocab:faeryne,
chunk_169944,mentions,vocab:folly,
chunk_169944,mentions,vocab:garrick,
chunk_169944,mentions,vocab:jane,
chunk_169944,mentions,vocab:mercy,
chunk_169944,mentions,vocab:saphira,
chunk_169944,mentions,vocab:victor,
chunk_169945,mentions,vocab:bysickle,
chunk_169945,mentions,vocab:charis,
chunk_169945,mentions,vocab:kavar protis,
chunk_169947,mentions,vocab:charis,
chunk_169948,mentions,vocab:dhassa,
chunk_169948,mentions,vocab:elulind,
chunk_169948,mentions,vocab:kama torchholder,
chunk_169948,mentions,vocab:king,
chunk_169949,mentions,vocab:phil,
chunk_169950,mentions,vocab:kavar,
chunk_169951,mentions,vocab:charis,
chunk_169952,mentions,vocab:kavar,
chunk_169953,mentions,vocab:phil,
chunk_169954,mentions,vocab:kavar,
chunk_169955,mentions,vocab:charis,
chunk_169956,mentions,vocab:hands,
chunk_169957,mentions,vocab:phil,
chunk_169958,mentions,vocab:kavar,
chunk_169959,mentions,vocab:charis,
chunk_169960,mentions,vocab:torenth,
chunk_169960,mentions,vocab:wolfstream abbey,
chunk_169961,mentions,vocab:phil,
chunk_169962,mentions,vocab:kavar,
chunk_169963,mentions,vocab:charis,
chunk_169965,mentions,vocab:phil,
chunk_169966,mentions,vocab:abbey,
chunk_169966,mentions,vocab:hand,
chunk_169966,mentions,vocab:kavar,
chunk_169966,mentions,vocab:king,
chunk_169966,mentions,vocab:torenth,
chunk_169967,mentions,vocab:charis,
chunk_169969,mentions,vocab:phil,
chunk_169970,mentions,vocab:kavar,
chunk_169970,mentions,vocab:torenth,
chunk_169972,mentions,vocab:charis,
chunk_169974,mentions,vocab:phil,
chunk_169975,mentions,vocab:kavar,
chunk_169975,mentions,vocab:torenth,
chunk_169976,mentions,vocab:charis,
chunk_169978,mentions,vocab:phil,
chunk_169979,mentions,vocab:kavar,
chunk_169980,mentions,vocab:charis,
chunk_169981,mentions,vocab:torenth,
chunk_169982,mentions,vocab:phil,
chunk_169983,mentions,vocab:kavar,
chunk_169984,mentions,vocab:charis,
chunk_169985,mentions,vocab:kirchefyr temple,
chunk_169986,mentions,vocab:phil,
chunk_169988,mentions,vocab:charis,
chunk_169990,mentions,vocab:phil,
chunk_169991,mentions,vocab:kavar,
chunk_169992,mentions,vocab:charis,
chunk_169994,mentions,vocab:phil,
chunk_169995,mentions,vocab:kavar,
chunk_169996,mentions,vocab:charis,
chunk_169998,mentions,vocab:phil,
chunk_170000,mentions,vocab:charis,
chunk_170002,mentions,vocab:phil,
chunk_170004,mentions,vocab:charis,
chunk_170006,mentions,vocab:phil,
chunk_170007,mentions,vocab:kavar,
chunk_170008,mentions,vocab:charis,
chunk_170010,mentions,vocab:phil,
chunk_170011,mentions,vocab:hands,
chunk_170011,mentions,vocab:kavar,
chunk_170012,mentions,vocab:charis,
chunk_170013,mentions,vocab:kavar,
chunk_170014,mentions,vocab:phil,
chunk_170016,mentions,vocab:charis,
chunk_170018,mentions,vocab:phil,
chunk_170019,mentions,vocab:kavar,
chunk_170020,mentions,vocab:charis,
chunk_170021,mentions,vocab:aren,
chunk_170022,mentions,vocab:phil,
chunk_170023,mentions,vocab:aren,
chunk_170023,mentions,vocab:kavar,
chunk_170024,mentions,vocab:charis,
chunk_170025,mentions,vocab:kavar,
chunk_170026,mentions,vocab:phil,
chunk_170027,mentions,vocab:kavar,
chunk_170028,mentions,vocab:charis,
chunk_170029,mentions,vocab:moon,
chunk_170030,mentions,vocab:charis,
chunk_170031,mentions,vocab:kavar,
chunk_170032,mentions,vocab:phil,
chunk_170033,mentions,vocab:kavar,
chunk_170034,mentions,vocab:charis,
chunk_170036,mentions,vocab:phil,
chunk_170037,mentions,vocab:aren,
chunk_170038,mentions,vocab:charis,
chunk_170040,mentions,vocab:charis,
chunk_170042,mentions,vocab:phil,
chunk_170043,mentions,vocab:kavar,
chunk_170043,mentions,vocab:torenth,
chunk_170044,mentions,vocab:charis,
chunk_170045,mentions,vocab:kavar,
chunk_170046,mentions,vocab:phil,
chunk_170047,mentions,vocab:kavar,
chunk_170048,mentions,vocab:charis,
chunk_170050,mentions,vocab:phil,
chunk_170051,mentions,vocab:kavar,
chunk_170052,mentions,vocab:charis,
chunk_170054,mentions,vocab:phil,
chunk_170055,mentions,vocab:kavar,
chunk_170056,mentions,vocab:charis,
chunk_170058,mentions,vocab:phil,
chunk_170059,mentions,vocab:kavar,
chunk_170060,mentions,vocab:charis,
chunk_170062,mentions,vocab:phil,
chunk_170064,mentions,vocab:charis,
chunk_170066,mentions,vocab:phil,
chunk_170067,mentions,vocab:kavar,
chunk_170068,mentions,vocab:charis,
chunk_170069,mentions,vocab:hands,
chunk_170070,mentions,vocab:phil,
chunk_170071,mentions,vocab:kavar,
chunk_170072,mentions,vocab:charis,
chunk_170073,mentions,vocab:kavar,
chunk_170074,mentions,vocab:phil,
chunk_170075,mentions,vocab:kavar,
chunk_170076,mentions,vocab:charis,
chunk_170078,mentions,vocab:phil,
chunk_170079,mentions,vocab:kavar,
chunk_170080,mentions,vocab:charis,
chunk_170081,mentions,vocab:kavar,
chunk_170082,mentions,vocab:phil,
chunk_170083,mentions,vocab:kavar,
chunk_170084,mentions,vocab:charis,
chunk_170086,mentions,vocab:phil,
chunk_170088,mentions,vocab:charis,
chunk_170090,mentions,vocab:phil,
chunk_170091,mentions,vocab:kavar,
chunk_170092,mentions,vocab:charis,
chunk_170094,mentions,vocab:phil,
chunk_170096,mentions,vocab:charis,
chunk_170098,mentions,vocab:phil,
chunk_170100,mentions,vocab:charis,
chunk_170102,mentions,vocab:phil,
chunk_170103,mentions,vocab:kavar,
chunk_170104,mentions,vocab:charis,
chunk_170106,mentions,vocab:phil,
chunk_170107,mentions,vocab:kavar,
chunk_170108,mentions,vocab:aren,
chunk_170108,mentions,vocab:bear,
chunk_170108,mentions,vocab:blackburn,
chunk_170108,mentions,vocab:bre,
chunk_170108,mentions,vocab:crafthold,
chunk_170108,mentions,vocab:dhassa,
chunk_170108,mentions,vocab:faeryne,
chunk_170108,mentions,vocab:fulbert,
chunk_170108,mentions,vocab:hadar,
chunk_170108,mentions,vocab:henry,
chunk_170108,mentions,vocab:kaitlyn,
chunk_170108,mentions,vocab:kavar,
chunk_170108,mentions,vocab:liavarah,
chunk_170108,mentions,vocab:luminia,
chunk_170108,mentions,vocab:mercy,
chunk_170108,mentions,vocab:party,
chunk_170108,mentions,vocab:sala,
chunk_170108,mentions,vocab:soren,
chunk_170108,mentions,vocab:unala,
chunk_170109,mentions,vocab:crafthold,
chunk_170109,mentions,vocab:cullen,
chunk_170109,mentions,vocab:dhassa,
chunk_170109,mentions,vocab:hand,
chunk_170109,mentions,vocab:henry,
chunk_170109,mentions,vocab:kavar,
chunk_170109,mentions,vocab:king,
chunk_170109,mentions,vocab:sleepsong,
chunk_170111,mentions,vocab:king,
chunk_170113,mentions,vocab:kavar,
chunk_170115,mentions,vocab:sleepsong,
chunk_170121,mentions,vocab:dhassa,
chunk_170121,mentions,vocab:henry,
chunk_170121,mentions,vocab:kavar,
chunk_170121,mentions,vocab:king,
chunk_170126,mentions,vocab:henry,
chunk_170126,mentions,vocab:kavar,
chunk_170126,mentions,vocab:ravencrest,
chunk_170126,mentions,vocab:sleepsong,
chunk_170128,mentions,vocab:henry,
chunk_170128,mentions,vocab:kavar,
chunk_170130,mentions,vocab:henry,
chunk_170131,mentions,vocab:alivyre,
chunk_170131,mentions,vocab:bysickle,
chunk_170131,mentions,vocab:charis,
chunk_170131,mentions,vocab:fenrir,
chunk_170131,mentions,vocab:henry,
chunk_170131,mentions,vocab:kavar,
chunk_170131,mentions,vocab:shworn,
chunk_170131,mentions,vocab:shworn sleepsong,
chunk_170131,mentions,vocab:venric,
player_amy,plays,person_holly,
player_ana,plays,person_azaar,
player_ana,plays,person_drib,
player_bysickle,plays,person_darren,
player_bysickle,plays,person_henry,
player_bysickle,plays,person_touya,
player_charis,plays,person_alivyre,
player_charis,plays,person_cara,
player_charis,plays,person_cunai,
player_charis,plays,person_elias,
player_charis,plays,person_mercy,
player_crowe,plays,person_aniya,
player_crowe,plays,person_credus,
player_crowe,plays,person_liavarah,
player_crowe,plays,person_mowser,
player_crowe,plays,person_unala,
player_crowe,plays,person_victor,
player_delta,plays,person_tiber,
player_kaci,plays,person_jane,
player_kalina,plays,person_faeryne,
player_kalina,plays,person_kluta,
player_kalina,plays,person_liacyne,
player_kalina,plays,person_luminia,
player_kalina,plays,person_saphira,
player_kalina,plays,person_zedna,
player_lia,plays,person_bre,
player_lia,plays,person_lia,
player_phil,plays,person_kavar,
player_remi,plays,person_arthur,
player_remi,plays,person_tanzo,
player_scott,plays,person_cursin,
player_scott,plays,person_macfeegle,
player_spartan,plays,person_bear,
player_spartan,plays,person_fulbert,
player_spartan,plays,person_idolus,
player_thon,plays,person_elaris,
player_venric,plays,person_clara,
player_venric,plays,person_garrick,
player_venric,plays,person_sala,
player_venric,plays,person_shworn,
player_venric,plays,person_urgulk,
player_vixie,plays,person_katy,
vocab:abbey,refers_to,org_wolfstream,
vocab:academy,refers_to,org_academy,
vocab:albrun's folly,refers_to,artifact_folly,
vocab:aldren thorne,refers_to,person_thorne,
vocab:alister,refers_to,person_cullen,
vocab:alister cullen,refers_to,person_cullen,
vocab:alivyre,refers_to,person_alivyre,
vocab:alivyre dawntracker,refers_to,person_alivyre,
vocab:aniya,refers_to,person_aniya,
vocab:aniya laccion,refers_to,person_aniya,
vocab:anthony,refers_to,person_anthony,
vocab:anthony haldane,refers_to,person_haldane,
vocab:arcana,refers_to,org_arcana,
vocab:aren,refers_to,person_aren,
vocab:arimid’s remedy,refers_to,faction_remedy,
vocab:arthur,refers_to,person_arthur,
vocab:arthur coldstone,refers_to,person_arthur,
vocab:ash,refers_to,creat_Ash,
vocab:avarna,refers_to,person_avarna,
vocab:azaar,refers_to,person_azaar,
vocab:baltael,refers_to,person_baltael,
vocab:bear,refers_to,person_bear,
vocab:bella,refers_to,person_bella,
vocab:beni,refers_to,person_beni,
vocab:beni tinkerlaugh,refers_to,person_beni,
vocab:berry,refers_to,creat_berry,
vocab:bixley,refers_to,person_bixley,
vocab:blackburn,refers_to,place_blackburn,
vocab:blackwood,refers_to,place_blackwood,
vocab:bloodaxe,refers_to,person_bloodaxe,
vocab:braydon,refers_to,person_braydon,
vocab:bre,refers_to,person_bre,
vocab:breanna arch,refers_to,person_bre,
vocab:brechin,refers_to,place_brechin,
vocab:brightfield,refers_to,place_brightfields,
vocab:brightfields,refers_to,place_brightfields,
vocab:brigitte,refers_to,person_brigitte,
vocab:brigitte ware,refers_to,person_brigitte,
vocab:burzath,refers_to,faction_burzath,
vocab:bysickle,refers_to,player_bysickle,
vocab:caldwell,refers_to,person_caldwell,
vocab:cameth brin,refers_to,place_cameth,
vocab:cara,refers_to,person_cara,
vocab:cara windsoul,refers_to,person_cara,
vocab:cergad,refers_to,person_cergad,
vocab:charis,refers_to,player_charis,
vocab:chuck,refers_to,person_chuck,
vocab:clara,refers_to,person_clara,
vocab:claw,refers_to,person_claw,
vocab:claw of ironfang,refers_to,person_claw,
vocab:cliffborough,refers_to,place_cliffborough,
vocab:connor,refers_to,person_connor,
vocab:crafthold,refers_to,place_crafthold,
vocab:credus,refers_to,person_credus,
vocab:crowe,refers_to,player_crowe,
vocab:crowethedualityking,refers_to,player_crowe,
vocab:cullen,refers_to,person_cullen,
vocab:cunai,refers_to,person_cunai,
vocab:cunai la diara,refers_to,person_cunai,
vocab:cursin,refers_to,person_cursin,
vocab:cursin helmaid,refers_to,person_cursin,
vocab:dakgorim,refers_to,person_dakgorim,
vocab:darren,refers_to,person_darren,
vocab:darren moore,refers_to,person_darren,
vocab:david bowie,refers_to,person_david_bowie,
vocab:david herder,refers_to,person_david_herder,
vocab:dereham,refers_to,place_dereham,
vocab:dhassa,refers_to,place_dhassa,
vocab:draug,refers_to,person_draug,
vocab:drib,refers_to,person_drib,
vocab:drib gnoss,refers_to,person_drib,
vocab:druwen,refers_to,place_druwen,
vocab:duchy of druwen,refers_to,place_druwen,
vocab:eardwulf,refers_to,person_eardwulf,
vocab:eardwulf harland,refers_to,person_eardwulf,
vocab:edda,refers_to,person_edda,
vocab:edda macinnis,refers_to,person_edda,
vocab:edmund loris,refers_to,person_loris,
vocab:eghad,refers_to,person_eghad,
vocab:eira,refers_to,person_eira,
vocab:eira sleepsong,refers_to,person_eira,
vocab:elaris,refers_to,person_elaris,
vocab:elaris thorne,refers_to,person_elaris,
vocab:elias,refers_to,person_elias,
vocab:elias stormriver,refers_to,person_elias,
vocab:elulind,refers_to,place_elulind,
vocab:elysia,refers_to,place_elysia,
vocab:elysia academy,refers_to,org_academy,
vocab:elysian,refers_to,place_elysian,
vocab:emily,refers_to,person_emily,
vocab:emily ashton,refers_to,person_emily,
vocab:evaine,refers_to,person_evaine,
vocab:evaine macrorie thuryn,refers_to,person_evaine,
vocab:evan newberry,refers_to,person_newberry,
vocab:faeryne,refers_to,person_faeryne,
vocab:fenrir,refers_to,person_fenrir,
vocab:folly,refers_to,artifact_folly,
vocab:foreclaimers,refers_to,faction_foreclaimers,
vocab:fritz,refers_to,person_fritz,
vocab:fulbert,refers_to,person_fulbert,
vocab:fulbert highwell,refers_to,person_fulbert,
vocab:garrick,refers_to,person_garrick,
vocab:gina,refers_to,person_gina,
vocab:glory,refers_to,artifact_glory,
vocab:grace,refers_to,person_grace,
vocab:grace kinneon,refers_to,person_grace,
vocab:guldrur,refers_to,place_guldrur,
vocab:hadar,refers_to,person_hadar,
vocab:halverin,refers_to,faction_halverin,
vocab:halverin’s guard,refers_to,faction_halverin,
vocab:hammer,refers_to,person_hammer,
vocab:hammer of ironfang,refers_to,person_hammer,
vocab:hand,refers_to,faction_hands,
vocab:hands,refers_to,faction_hands,
vocab:hands of liamassa,refers_to,faction_hands,
vocab:henry,refers_to,person_henry,
vocab:henry sleepsong,refers_to,person_henry,
vocab:holly,refers_to,person_holly,
vocab:huana,refers_to,creat_huana,
vocab:idolus,refers_to,person_idolus,
vocab:ilguz,refers_to,faction_ilguz,
vocab:iris,refers_to,artifact_iris,
vocab:iwtc,refers_to,org_iwtc,
vocab:jackals,refers_to,faction_jackals,
vocab:jane,refers_to,person_jane,
vocab:jemmy,refers_to,person_jemmy,
vocab:joram,refers_to,person_joram,
vocab:joram macrorie,refers_to,person_joram,
vocab:jotunheim,refers_to,place_jotunheim,
vocab:jotunheim peaks,refers_to,place_jotunheim,
vocab:kaedra,refers_to,person_kaedra,
vocab:kaitlyn,refers_to,person_kaitlyn,
vocab:kalina,refers_to,player_kalina,
vocab:kalina hitana,refers_to,player_kalina,
vocab:kama torchholder,refers_to,person_torchholder,
vocab:katy,refers_to,person_katy,
vocab:kavar,refers_to,person_kavar,
vocab:kavar protis,refers_to,person_kavar,
vocab:khagra warhammer,refers_to,person_warhammer,
vocab:killeth,refers_to,place_killeth,
vocab:king,refers_to,org_king,
vocab:kingdom of elulind,refers_to,place_elulind,
vocab:kingdom of tolàn,refers_to,place_tolan,
vocab:kir,refers_to,person_kir,
vocab:kir selaz,refers_to,person_kir,
vocab:kirchefyr temple,refers_to,org_kirchefyre,
vocab:kluta,refers_to,person_kluta,
vocab:krach-ul,refers_to,faction_krach-ul,
vocab:kwalish,refers_to,ref_kwalish,
vocab:lia,refers_to,player_lia,
vocab:lia fabriana,refers_to,person_lia,
vocab:lia whitewolf,refers_to,player_lia,
vocab:liacyne,refers_to,person_liacyne,
vocab:liacyne heseth,refers_to,person_liacyne,
vocab:liavarah,refers_to,person_liavarah,
vocab:light,refers_to,person_light,
vocab:light of ironfang,refers_to,person_light,
vocab:little bear,refers_to,creat_little_bear,
vocab:loris,refers_to,person_loris,
vocab:luminia,refers_to,person_luminia,
vocab:macfeegle,refers_to,person_macfeegle,
vocab:makhala,refers_to,person_makhala,
vocab:melba,refers_to,person_melba,
vocab:melba harland,refers_to,person_melba,
vocab:mercy,refers_to,person_mercy,
vocab:mercy windriver,refers_to,person_mercy,
vocab:michaelines,refers_to,faction_michaeline,
vocab:modrons,refers_to,faction_modrons,
vocab:monadh,refers_to,place_monadh_mor,
vocab:monadh mor,refers_to,place_monadh_mor,
vocab:moon,refers_to,person_moon,
vocab:mowser,refers_to,person_mowser,
vocab:myconid,refers_to,org_myconids,
vocab:myconids,refers_to,org_myconids,
vocab:nala,refers_to,person_nala,
vocab:newberry,refers_to,person_newberry,
vocab:norris,refers_to,person_norris,
vocab:north bend fob,refers_to,place_northbend,
vocab:party,refers_to,org_party,
vocab:pet,refers_to,creat_pet,
vocab:phil,refers_to,player_phil,
vocab:piers,refers_to,person_piers,
vocab:piers ashton,refers_to,person_piers,
vocab:poppy,refers_to,person_poppy,
vocab:poppy everhold,refers_to,person_poppy,
vocab:rarmal,refers_to,place_rarmal,
vocab:ravencrest,refers_to,org_ravencrest,
vocab:remedy,refers_to,faction_remedy,
vocab:remideboi,refers_to,player_remi,
vocab:rhona,refers_to,person_rhona,
vocab:rhys,refers_to,person_rhys,
vocab:rhys thuryn,refers_to,person_rhys,
vocab:ricardo,refers_to,person_ricardo,
vocab:ricardo alcocer,refers_to,person_ricardo,
vocab:ronric,refers_to,person_ronric,
vocab:sala,refers_to,person_sala,
vocab:salaisha,refers_to,person_sala,
vocab:saphira,refers_to,person_saphira,
vocab:saphira celestia,refers_to,person_saphira,
vocab:scotty,refers_to,player_scott,
vocab:selaz,refers_to,person_kir,
vocab:selis caldwell,refers_to,person_caldwell,
vocab:shadow of ironfang,refers_to,person_shadow,
vocab:shadowboy,refers_to,person_henry,
vocab:shargaas,refers_to,person_shargaas,
vocab:shworn,refers_to,person_shworn,
vocab:shworn,refers_to,player_venric,
vocab:shworn sleepsong,refers_to,person_shworn,
vocab:sleepsong,refers_to,faction_sleepsong,
vocab:soren,refers_to,person_soren,
vocab:spartan,refers_to,player_spartan,
vocab:spencer,refers_to,faction_spencer,
vocab:spike,refers_to,person_spike,
vocab:spike of ironfang,refers_to,person_spike,
vocab:spire,refers_to,org_spire,
vocab:stonehome,refers_to,place_stonehome,
vocab:tanzo,refers_to,person_tanzo,
vocab:tawyn,refers_to,person_tawyn,
vocab:terry,refers_to,person_terry,
vocab:thieves guild,refers_to,faction_thieves_guild,
vocab:thonatmo,refers_to,player_thon,
vocab:thurway,refers_to,place_thurway,
vocab:tiber,refers_to,person_tiber,
vocab:tiber nox,refers_to,person_tiber,
vocab:todd,refers_to,person_todd,
vocab:tolan,refers_to,place_tolan,
vocab:tolanite,refers_to,faction_tolanites,
vocab:tolanites,refers_to,faction_tolanites,
vocab:torchholder,refers_to,person_torchholder,
vocab:torenth,refers_to,place_torenth,
vocab:touya,refers_to,person_touya,
vocab:touya akira,refers_to,person_touya,
vocab:trollhills,refers_to,place_trollhills,
vocab:tyson crossing,refers_to,place_tyson_crossing,
vocab:unala,refers_to,person_unala,
vocab:unala vortoise,refers_to,person_unala,
vocab:unala's glory,refers_to,artifact_glory,
vocab:ungagh,refers_to,person_bloodaxe,
vocab:ungagh bloodaxe,refers_to,person_bloodaxe,
vocab:urgulk,refers_to,person_urgulk,
vocab:varah,refers_to,person_liavarah,
vocab:venric,refers_to,player_venric,
vocab:victor,refers_to,person_victor,
vocab:victor d evernight,refers_to,person_victor,
vocab:vixiecake,refers_to,player_vixie,
vocab:vyssa,refers_to,person_vyssa,
vocab:warhammer,refers_to,person_warhammer,
vocab:wolfstream,refers_to,place_wolfstream,
vocab:wolfstream abbey,refers_to,org_wolfstream,
vocab:wolfstream abbey,refers_to,place_abbey,
vocab:wolfstream village,refers_to,place_wolfstream,
vocab:zedna,refers_to,person_zedna,
vocab:zedna hresvelg,refers_to,person_zedna,
