chunk_id,source_id,source_type,relpath,chunk_start_line,chunk_end_line,entity_ids,canonicals,entity_count,matched_vocabs,match_kinds
169186,_local/pbp_transcripts/PbP10 - The Second Camp.md,pbp_transcripts,_local/pbp_transcripts/PbP10 - The Second Camp.md,1,5,factn_spencer|pers_shworn|pers_victor|pers_piers,The Spencer Heir|Shworn Sleepsong|Victor D Evernight|Piers Ashton,4,Spencer|Shworn|Victor|Piers,alias
169187,_local/pbp_transcripts/PbP10 - The Second Camp.md,pbp_transcripts,_local/pbp_transcripts/PbP10 - The Second Camp.md,6,10,pers_shworn|pers_henry,Shworn Sleepsong|Henry Sleepsong,2,Shworn|Henry,alias
169188,_local/pbp_transcripts/PbP10 - The Second Camp.md,pbp_transcripts,_local/pbp_transcripts/PbP10 - The Second Camp.md,11,15,pers_alivyre,Alivyre Dawntracker,1,Alivyre,alias
169189,_local/pbp_transcripts/PbP10 - The Second Camp.md,pbp_transcripts,_local/pbp_transcripts/PbP10 - The Second Camp.md,16,20,pers_piers,Piers Ashton,1,Piers,alias
169190,_local/pbp_transcripts/PbP10 - The Second Camp.md,pbp_transcripts,_local/pbp_transcripts/PbP10 - The Second Camp.md,21,25,pers_victor|pers_piers,Victor D Evernight|Piers Ashton,2,Victor|Piers,alias
169191,_local/pbp_transcripts/PbP10 - The Second Camp.md,pbp_transcripts,_local/pbp_transcripts/PbP10 - The Second Camp.md,26,30,pers_shworn,Shworn Sleepsong,1,Shworn,alias
169193,_local/pbp_transcripts/PbP10 - The Second Camp.md,pbp_transcripts,_local/pbp_transcripts/PbP10 - The Second Camp.md,37,41,pers_victor,Victor D Evernight,1,Victor,alias
169194,_local/pbp_transcripts/PbP10 - The Second Camp.md,pbp_transcripts,_local/pbp_transcripts/PbP10 - The Second Camp.md,42,48,org_remedy|pers_alivyre|loc_elysia|pers_shworn|pers_victor|pers_emily|pers_piers|org_iwtc,Airmid's Remedy|Alivyre Dawntracker|Elysia|Shworn Sleepsong|Victor D Evernight|Emily Ashton|Piers Ashton|Iron Wolf Trading Company,8,Airmid's Remedy|Alivyre|Elysia|Shworn|Victor|Emily|Piers|IWTC,canonical|alias
169195,_local/pbp_transcripts/PbP10 - The Second Camp.md,pbp_transcripts,_local/pbp_transcripts/PbP10 - The Second Camp.md,49,54,play_crowe|play_kalina|play_bysickle|pers_shworn|pers_piers|org_iwtc,Crowe|Kalina|Bysickle|Shworn Sleepsong|Piers Ashton|Iron Wolf Trading Company,6,CroweTheDualityKing|Kalina Hitana|Bysickle|Shworn|Piers|IWTC,alias|canonical
169196,_local/pbp_transcripts/PbP10 - The Second Camp.md,pbp_transcripts,_local/pbp_transcripts/PbP10 - The Second Camp.md,55,61,play_crowe|play_kalina|play_bysickle|pers_shworn|pers_piers|creat_ash,Crowe|Kalina|Bysickle|Shworn Sleepsong|Piers Ashton|Ash,6,CroweTheDualityKing|Kalina Hitana|Bysickle|Shworn|Piers|Ash,alias|canonical
169197,_local/pbp_transcripts/PbP10 - The Second Camp.md,pbp_transcripts,_local/pbp_transcripts/PbP10 - The Second Camp.md,62,66,pers_victor|pers_emily|pers_piers,Victor D Evernight|Emily Ashton|Piers Ashton,3,Victor|Emily|Piers,alias
169198,_local/pbp_transcripts/PbP10 - The Second Camp.md,pbp_transcripts,_local/pbp_transcripts/PbP10 - The Second Camp.md,67,71,pers_victor|pers_emily|pers_piers|pers_aren,Victor D Evernight|Emily Ashton|Piers Ashton|Aren,4,Victor|Emily|Piers|Aren,alias|canonical
169200,_local/pbp_transcripts/PbP10 - The Second Camp.md,pbp_transcripts,_local/pbp_transcripts/PbP10 - The Second Camp.md,77,81,pers_faeryne,Faeryne,1,Faeryne,canonical
169201,_local/pbp_transcripts/PbP10 - The Second Camp.md,pbp_transcripts,_local/pbp_transcripts/PbP10 - The Second Camp.md,82,86,pers_faeryne|pers_victor,Faeryne|Victor D Evernight,2,Faeryne|Victor,canonical|alias
169202,_local/pbp_transcripts/PbP10 - The Second Camp.md,pbp_transcripts,_local/pbp_transcripts/PbP10 - The Second Camp.md,87,91,pers_faeryne|pers_piers,Faeryne|Piers Ashton,2,Faeryne|Piers,canonical|alias
169203,_local/pbp_transcripts/PbP10 - The Second Camp.md,pbp_transcripts,_local/pbp_transcripts/PbP10 - The Second Camp.md,92,96,org_hands|pers_piers,Hands of Liamassa|Piers Ashton,2,Hands|Piers|Hand,alias
169204,_local/pbp_transcripts/PbP10 - The Second Camp.md,pbp_transcripts,_local/pbp_transcripts/PbP10 - The Second Camp.md,97,101,org_academy_elysia|loc_elysia|pers_victor|pers_piers,Elysian Academy|Elysia|Victor D Evernight|Piers Ashton,4,Academy|Elysia|Victor|Piers,alias|canonical
169205,_local/pbp_transcripts/PbP10 - The Second Camp.md,pbp_transcripts,_local/pbp_transcripts/PbP10 - The Second Camp.md,102,107,play_bysickle|pers_alivyre|pers_faeryne|pers_shworn|pers_victor|pers_emily|pers_piers,Bysickle|Alivyre Dawntracker|Faeryne|Shworn Sleepsong|Victor D Evernight|Emily Ashton|Piers Ashton,7,Bysickle|Alivyre|Faeryne|Shworn|Victor|Emily|Piers,canonical|alias
169206,_local/pbp_transcripts/PbP10 - The Second Camp.md,pbp_transcripts,_local/pbp_transcripts/PbP10 - The Second Camp.md,108,112,pers_shworn,Shworn Sleepsong,1,Shworn,alias
169211,_local/pbp_transcripts/PbP10 - The Second Camp.md,pbp_transcripts,_local/pbp_transcripts/PbP10 - The Second Camp.md,133,148,pers_shworn,Shworn Sleepsong,1,Shworn,alias
169212,_local/pbp_transcripts/PbP10 - The Second Camp.md,pbp_transcripts,_local/pbp_transcripts/PbP10 - The Second Camp.md,149,153,pers_shworn,Shworn Sleepsong,1,Shworn,alias
169213,_local/pbp_transcripts/PbP10 - The Second Camp.md,pbp_transcripts,_local/pbp_transcripts/PbP10 - The Second Camp.md,154,161,play_charis|pers_henry,Charis|Henry Sleepsong,2,Charis|Henry,canonical|alias
169215,_local/pbp_transcripts/PbP10 - The Second Camp.md,pbp_transcripts,_local/pbp_transcripts/PbP10 - The Second Camp.md,169,173,pers_henry,Henry Sleepsong,1,Henry,alias
169216,_local/pbp_transcripts/PbP10 - The Second Camp.md,pbp_transcripts,_local/pbp_transcripts/PbP10 - The Second Camp.md,174,180,play_bysickle,Bysickle,1,Bysickle,canonical
169217,_local/pbp_transcripts/PbP10 - The Second Camp.md,pbp_transcripts,_local/pbp_transcripts/PbP10 - The Second Camp.md,181,185,play_kalina|pers_faeryne|pers_victor|pers_piers,Kalina|Faeryne|Victor D Evernight|Piers Ashton,4,Kalina Hitana|Faeryne|Victor|Piers,alias|canonical
169218,_local/pbp_transcripts/PbP10 - The Second Camp.md,pbp_transcripts,_local/pbp_transcripts/PbP10 - The Second Camp.md,186,190,play_kalina|play_bysickle|pers_victor|play_crowe,Kalina|Bysickle|Victor D Evernight|Crowe,4,Kalina Hitana|Bysickle|Victor|Crowe,alias|canonical
169220,_local/pbp_transcripts/PbP10 - The Second Camp.md,pbp_transcripts,_local/pbp_transcripts/PbP10 - The Second Camp.md,196,201,pers_shworn,Shworn Sleepsong,1,Shworn,alias
169222,_local/pbp_transcripts/PbP10 - The Second Camp.md,pbp_transcripts,_local/pbp_transcripts/PbP10 - The Second Camp.md,215,219,loc_crafthold|pers_shworn|pers_urgulk|pers_henry,Crafthold|Shworn Sleepsong|Urgulk|Henry Sleepsong,4,Crafthold|Shworn|Urgulk|Henry,canonical|alias
169223,_local/pbp_transcripts/PbP10 - The Second Camp.md,pbp_transcripts,_local/pbp_transcripts/PbP10 - The Second Camp.md,220,224,pers_faeryne,Faeryne,1,Faeryne,canonical
169224,_local/pbp_transcripts/PbP10 - The Second Camp.md,pbp_transcripts,_local/pbp_transcripts/PbP10 - The Second Camp.md,225,233,pers_henry,Henry Sleepsong,1,Henry,alias
169226,_local/pbp_transcripts/PbP10 - The Second Camp.md,pbp_transcripts,_local/pbp_transcripts/PbP10 - The Second Camp.md,239,243,pers_shworn,Shworn Sleepsong,1,Shworn,alias
169227,_local/pbp_transcripts/PbP10 - The Second Camp.md,pbp_transcripts,_local/pbp_transcripts/PbP10 - The Second Camp.md,244,249,pers_alivyre|pers_luminia|pers_avarna|pers_henry,Alivyre Dawntracker|Luminia|Avarna|Henry Sleepsong,4,Alivyre|Luminia|Avarna|Henry,alias|canonical
169228,_local/pbp_transcripts/PbP10 - The Second Camp.md,pbp_transcripts,_local/pbp_transcripts/PbP10 - The Second Camp.md,250,254,play_crowe|play_kalina|play_bysickle|pers_alivyre|pers_faeryne|pers_luminia|pers_avarna|pers_shworn|pers_victor|pers_henry|pers_piers|pers_terry,Crowe|Kalina|Bysickle|Alivyre Dawntracker|Faeryne|Luminia|Avarna|Shworn Sleepsong|Victor D Evernight|Henry Sleepsong|Piers Ashton|Terry,12,CroweTheDualityKing|Kalina Hitana|Bysickle|Alivyre|Faeryne|Luminia|Avarna|Shworn|Victor|Henry|Piers|Terry,alias|canonical
169229,_local/pbp_transcripts/PbP10 - The Second Camp.md,pbp_transcripts,_local/pbp_transcripts/PbP10 - The Second Camp.md,255,261,play_crowe|play_kalina|play_bysickle|pers_alivyre|pers_faeryne|pers_luminia|pers_avarna|play_charis|pers_shworn|pers_victor|pers_henry|pers_piers|pers_terry,Crowe|Kalina|Bysickle|Alivyre Dawntracker|Faeryne|Luminia|Avarna|Charis|Shworn Sleepsong|Victor D Evernight|Henry Sleepsong|Piers Ashton|Terry,13,CroweTheDualityKing|Kalina Hitana|Bysickle|Alivyre|Faeryne|Luminia|Avarna|Charis|Shworn|Victor|Henry|Piers|Terry,alias|canonical
169230,_local/pbp_transcripts/PbP10 - The Second Camp.md,pbp_transcripts,_local/pbp_transcripts/PbP10 - The Second Camp.md,262,268,play_bysickle|pers_alivyre|pers_luminia|pers_henry,Bysickle|Alivyre Dawntracker|Luminia|Henry Sleepsong,4,Bysickle|Alivyre|Luminia|Henry,canonical|alias
169231,_local/pbp_transcripts/PbP10 - The Second Camp.md,pbp_transcripts,_local/pbp_transcripts/PbP10 - The Second Camp.md,269,273,pers_shworn,Shworn Sleepsong,1,Shworn,alias
169232,_local/pbp_transcripts/PbP10 - The Second Camp.md,pbp_transcripts,_local/pbp_transcripts/PbP10 - The Second Camp.md,274,278,pers_shworn|pers_kavar,Shworn Sleepsong|Kavar Protis,2,Shworn|Kavar,alias
169233,_local/pbp_transcripts/PbP10 - The Second Camp.md,pbp_transcripts,_local/pbp_transcripts/PbP10 - The Second Camp.md,279,283,pers_henry,Henry Sleepsong,1,Henry,alias
169234,_local/pbp_transcripts/PbP10 - The Second Camp.md,pbp_transcripts,_local/pbp_transcripts/PbP10 - The Second Camp.md,284,289,pers_alivyre|pers_henry,Alivyre Dawntracker|Henry Sleepsong,2,Alivyre|Henry,alias
169235,_local/pbp_transcripts/PbP10 - The Second Camp.md,pbp_transcripts,_local/pbp_transcripts/PbP10 - The Second Camp.md,290,298,pers_henry,Henry Sleepsong,1,Henry,alias
169236,_local/pbp_transcripts/PbP10 - The Second Camp.md,pbp_transcripts,_local/pbp_transcripts/PbP10 - The Second Camp.md,299,306,org_academy_elysia|pers_avarna|play_charis|loc_elysia|pers_victor|pers_piers,Elysian Academy|Avarna|Charis|Elysia|Victor D Evernight|Piers Ashton,6,Academy|Avarna|Charis|Elysia|Victor|Piers,alias|canonical
169237,_local/pbp_transcripts/PbP10 - The Second Camp.md,pbp_transcripts,_local/pbp_transcripts/PbP10 - The Second Camp.md,307,311,org_academy_elysia|loc_elysia|pers_piers,Elysian Academy|Elysia|Piers Ashton,3,Academy|Elysia|Piers,alias|canonical
169238,_local/pbp_transcripts/PbP10 - The Second Camp.md,pbp_transcripts,_local/pbp_transcripts/PbP10 - The Second Camp.md,312,316,loc_elulind|pers_victor|pers_piers|loc_tolan,Kingdom of Elulind|Victor D Evernight|Piers Ashton|Kingdom of Tolàn,4,Elulind|Victor|Piers|Tolan,alias
169240,_local/pbp_transcripts/PbP10 - The Second Camp.md,pbp_transcripts,_local/pbp_transcripts/PbP10 - The Second Camp.md,322,326,pers_piers,Piers Ashton,1,Piers,alias
169244,_local/pbp_transcripts/PbP10 - The Second Camp.md,pbp_transcripts,_local/pbp_transcripts/PbP10 - The Second Camp.md,342,350,pers_piers,Piers Ashton,1,Piers,alias
169245,_local/pbp_transcripts/PbP10 - The Second Camp.md,pbp_transcripts,_local/pbp_transcripts/PbP10 - The Second Camp.md,351,359,pers_henry|pers_shworn|pers_victor|pers_piers|pers_terry|pers_bear,Henry Sleepsong|Shworn Sleepsong|Victor D Evernight|Piers Ashton|Terry|Bear,6,Shadowboy|Shworn|Victor|Henry|Piers|Terry|Bear,alias|canonical
169246,_local/pbp_transcripts/PbP10 - The Second Camp.md,pbp_transcripts,_local/pbp_transcripts/PbP10 - The Second Camp.md,360,366,play_kalina|play_bysickle|pers_alivyre|pers_faeryne|pers_luminia|pers_shworn|pers_urgulk|pers_victor|pers_henry|pers_piers|pers_terry,Kalina|Bysickle|Alivyre Dawntracker|Faeryne|Luminia|Shworn Sleepsong|Urgulk|Victor D Evernight|Henry Sleepsong|Piers Ashton|Terry,11,Kalina Hitana|Bysickle|Alivyre|Faeryne|Luminia|Shworn|Urgulk|Victor|Henry|Piers|Terry,alias|canonical
169247,_local/pbp_transcripts/PbP10 - The Second Camp.md,pbp_transcripts,_local/pbp_transcripts/PbP10 - The Second Camp.md,367,371,pers_victor|pers_piers|org_hands,Victor D Evernight|Piers Ashton|Hands of Liamassa,3,Victor|Piers|Hand,alias
169250,_local/pbp_transcripts/PbP10 - The Second Camp.md,pbp_transcripts,_local/pbp_transcripts/PbP10 - The Second Camp.md,384,388,pers_piers,Piers Ashton,1,Piers,alias
169251,_local/pbp_transcripts/PbP10 - The Second Camp.md,pbp_transcripts,_local/pbp_transcripts/PbP10 - The Second Camp.md,389,393,pers_shworn|pers_henry,Shworn Sleepsong|Henry Sleepsong,2,Shworn|Henry,alias
169252,_local/pbp_transcripts/PbP10 - The Second Camp.md,pbp_transcripts,_local/pbp_transcripts/PbP10 - The Second Camp.md,394,398,loc_crafthold|pers_shworn|pers_urgulk|pers_henry|pers_piers,Crafthold|Shworn Sleepsong|Urgulk|Henry Sleepsong|Piers Ashton,5,Crafthold|Shworn|Urgulk|Henry|Piers,canonical|alias
169253,_local/pbp_transcripts/PbP10 - The Second Camp.md,pbp_transcripts,_local/pbp_transcripts/PbP10 - The Second Camp.md,399,403,pers_henry,Henry Sleepsong,1,Henry,alias
169255,_local/pbp_transcripts/PbP10 - The Second Camp.md,pbp_transcripts,_local/pbp_transcripts/PbP10 - The Second Camp.md,409,413,pers_henry,Henry Sleepsong,1,Henry,alias
169257,_local/pbp_transcripts/PbP10 - The Second Camp.md,pbp_transcripts,_local/pbp_transcripts/PbP10 - The Second Camp.md,423,427,pers_piers,Piers Ashton,1,Piers,alias
169258,_local/pbp_transcripts/PbP10 - The Second Camp.md,pbp_transcripts,_local/pbp_transcripts/PbP10 - The Second Camp.md,428,432,pers_henry|pers_piers,Henry Sleepsong|Piers Ashton,2,Henry|Piers,alias
169259,_local/pbp_transcripts/PbP10 - The Second Camp.md,pbp_transcripts,_local/pbp_transcripts/PbP10 - The Second Camp.md,433,441,pers_piers,Piers Ashton,1,Piers,alias
169260,_local/pbp_transcripts/PbP10 - The Second Camp.md,pbp_transcripts,_local/pbp_transcripts/PbP10 - The Second Camp.md,442,446,pers_urgulk|pers_victor,Urgulk|Victor D Evernight,2,Urgulk|Victor,canonical|alias
169118,_local/pbp_transcripts/PbP11 - Lia and the Tolanites.md,pbp_transcripts,_local/pbp_transcripts/PbP11 - Lia and the Tolanites.md,1,5,pers_faeryne|pers_luminia,Faeryne|Luminia,2,Faeryne|Luminia,canonical
169120,_local/pbp_transcripts/PbP11 - Lia and the Tolanites.md,pbp_transcripts,_local/pbp_transcripts/PbP11 - Lia and the Tolanites.md,11,21,pers_alivyre|pers_faeryne|pers_credus,Alivyre Dawntracker|Faeryne|Credus,3,Alivyre|Faeryne|Credus,alias|canonical
169121,_local/pbp_transcripts/PbP11 - Lia and the Tolanites.md,pbp_transcripts,_local/pbp_transcripts/PbP11 - Lia and the Tolanites.md,22,26,pers_faeryne,Faeryne,1,Faeryne,canonical
169125,_local/pbp_transcripts/PbP11 - Lia and the Tolanites.md,pbp_transcripts,_local/pbp_transcripts/PbP11 - Lia and the Tolanites.md,46,50,pers_alivyre|pers_faeryne,Alivyre Dawntracker|Faeryne,2,Alivyre|Faeryne,alias|canonical
169126,_local/pbp_transcripts/PbP11 - Lia and the Tolanites.md,pbp_transcripts,_local/pbp_transcripts/PbP11 - Lia and the Tolanites.md,51,55,pers_alivyre,Alivyre Dawntracker,1,Alivyre,alias
169129,_local/pbp_transcripts/PbP11 - Lia and the Tolanites.md,pbp_transcripts,_local/pbp_transcripts/PbP11 - Lia and the Tolanites.md,66,74,pers_alivyre|pers_faeryne|pers_piers,Alivyre Dawntracker|Faeryne|Piers Ashton,3,Alivyre|Faeryne|Piers,alias|canonical
169130,_local/pbp_transcripts/PbP11 - Lia and the Tolanites.md,pbp_transcripts,_local/pbp_transcripts/PbP11 - Lia and the Tolanites.md,75,79,pers_faeryne|pers_luminia|pers_terry,Faeryne|Luminia|Terry,3,Faeryne|Luminia|Terry,canonical
169132,_local/pbp_transcripts/PbP11 - Lia and the Tolanites.md,pbp_transcripts,_local/pbp_transcripts/PbP11 - Lia and the Tolanites.md,85,89,pers_luminia,Luminia,1,Luminia,canonical
169135,_local/pbp_transcripts/PbP11 - Lia and the Tolanites.md,pbp_transcripts,_local/pbp_transcripts/PbP11 - Lia and the Tolanites.md,100,108,play_bysickle|pers_luminia|pers_henry,Bysickle|Luminia|Henry Sleepsong,3,Bysickle|Luminia|Henry,canonical|alias
169136,_local/pbp_transcripts/PbP11 - Lia and the Tolanites.md,pbp_transcripts,_local/pbp_transcripts/PbP11 - Lia and the Tolanites.md,109,121,pers_shworn,Shworn Sleepsong,1,Shworn,alias
169137,_local/pbp_transcripts/PbP11 - Lia and the Tolanites.md,pbp_transcripts,_local/pbp_transcripts/PbP11 - Lia and the Tolanites.md,122,126,pers_shworn|pers_henry|pers_piers,Shworn Sleepsong|Henry Sleepsong|Piers Ashton,3,Shworn|Henry|Piers,alias
169138,_local/pbp_transcripts/PbP11 - Lia and the Tolanites.md,pbp_transcripts,_local/pbp_transcripts/PbP11 - Lia and the Tolanites.md,127,131,factn_modrons,Modrons,1,Modrons,canonical
169139,_local/pbp_transcripts/PbP11 - Lia and the Tolanites.md,pbp_transcripts,_local/pbp_transcripts/PbP11 - Lia and the Tolanites.md,132,136,pers_shworn|pers_henry,Shworn Sleepsong|Henry Sleepsong,2,Shworn|Henry,alias
169140,_local/pbp_transcripts/PbP11 - Lia and the Tolanites.md,pbp_transcripts,_local/pbp_transcripts/PbP11 - Lia and the Tolanites.md,137,141,factn_modrons,Modrons,1,Modrons,canonical
169142,_local/pbp_transcripts/PbP11 - Lia and the Tolanites.md,pbp_transcripts,_local/pbp_transcripts/PbP11 - Lia and the Tolanites.md,147,151,loc_dhassa,Dhassa,1,Dhassa,canonical
169143,_local/pbp_transcripts/PbP11 - Lia and the Tolanites.md,pbp_transcripts,_local/pbp_transcripts/PbP11 - Lia and the Tolanites.md,152,157,loc_dhassa,Dhassa,1,Dhassa,canonical
169144,_local/pbp_transcripts/PbP11 - Lia and the Tolanites.md,pbp_transcripts,_local/pbp_transcripts/PbP11 - Lia and the Tolanites.md,158,169,play_crowe|play_kalina|play_bysickle|pers_alivyre|pers_faeryne|pers_shworn|pers_victor|pers_henry|pers_piers,Crowe|Kalina|Bysickle|Alivyre Dawntracker|Faeryne|Shworn Sleepsong|Victor D Evernight|Henry Sleepsong|Piers Ashton,9,CroweTheDualityKing|Kalina Hitana|Bysickle|Alivyre|Faeryne|Shworn|Victor|Henry|Piers,alias|canonical
169145,_local/pbp_transcripts/PbP11 - Lia and the Tolanites.md,pbp_transcripts,_local/pbp_transcripts/PbP11 - Lia and the Tolanites.md,170,174,pers_victor,Victor D Evernight,1,Victor,alias
169146,_local/pbp_transcripts/PbP11 - Lia and the Tolanites.md,pbp_transcripts,_local/pbp_transcripts/PbP11 - Lia and the Tolanites.md,175,183,pers_alivyre|pers_evaine,Alivyre Dawntracker|Evaine MacRorie Thuryn,2,Alivyre|Evaine,alias
169147,_local/pbp_transcripts/PbP11 - Lia and the Tolanites.md,pbp_transcripts,_local/pbp_transcripts/PbP11 - Lia and the Tolanites.md,184,192,pers_evaine|pers_light|pers_piers|pers_terry,Evaine MacRorie Thuryn|Light of Ironfang|Piers Ashton|Terry,4,Evaine|Light|Piers|Terry,alias|canonical
169148,_local/pbp_transcripts/PbP11 - Lia and the Tolanites.md,pbp_transcripts,_local/pbp_transcripts/PbP11 - Lia and the Tolanites.md,193,197,pers_shworn|pers_henry,Shworn Sleepsong|Henry Sleepsong,2,Shworn|Henry,alias
169150,_local/pbp_transcripts/PbP11 - Lia and the Tolanites.md,pbp_transcripts,_local/pbp_transcripts/PbP11 - Lia and the Tolanites.md,203,211,pers_evaine|pers_rhys,Evaine MacRorie Thuryn|Rhys Thuryn,2,Evaine|Rhys,alias
169151,_local/pbp_transcripts/PbP11 - Lia and the Tolanites.md,pbp_transcripts,_local/pbp_transcripts/PbP11 - Lia and the Tolanites.md,212,216,pers_evaine,Evaine MacRorie Thuryn,1,Evaine,alias
169152,_local/pbp_transcripts/PbP11 - Lia and the Tolanites.md,pbp_transcripts,_local/pbp_transcripts/PbP11 - Lia and the Tolanites.md,217,225,pers_evaine|pers_victor|pers_rhys,Evaine MacRorie Thuryn|Victor D Evernight|Rhys Thuryn,3,Evaine|Victor|Rhys,alias
169154,_local/pbp_transcripts/PbP11 - Lia and the Tolanites.md,pbp_transcripts,_local/pbp_transcripts/PbP11 - Lia and the Tolanites.md,231,235,pers_shworn|pers_henry,Shworn Sleepsong|Henry Sleepsong,2,Shworn|Henry,alias
169155,_local/pbp_transcripts/PbP11 - Lia and the Tolanites.md,pbp_transcripts,_local/pbp_transcripts/PbP11 - Lia and the Tolanites.md,236,241,pers_evaine|factn_tolanites|pers_victor,Evaine MacRorie Thuryn|Tolanites|Victor D Evernight,3,Evaine MacRorie Thuryn|Tolanite|Evaine|Victor,canonical|alias
169156,_local/pbp_transcripts/PbP11 - Lia and the Tolanites.md,pbp_transcripts,_local/pbp_transcripts/PbP11 - Lia and the Tolanites.md,242,247,pers_victor,Victor D Evernight,1,Victor,alias
169157,_local/pbp_transcripts/PbP11 - Lia and the Tolanites.md,pbp_transcripts,_local/pbp_transcripts/PbP11 - Lia and the Tolanites.md,248,252,org_sleepsong|pers_shworn|pers_henry|pers_light|org_hands,Sleepsong Clan|Shworn Sleepsong|Henry Sleepsong|Light of Ironfang|Hands of Liamassa,5,Sleepsong|Shworn|Henry|Light|Hand,alias
169158,_local/pbp_transcripts/PbP11 - Lia and the Tolanites.md,pbp_transcripts,_local/pbp_transcripts/PbP11 - Lia and the Tolanites.md,253,261,pers_shworn|pers_henry,Shworn Sleepsong|Henry Sleepsong,2,Shworn|Henry,alias
169159,_local/pbp_transcripts/PbP11 - Lia and the Tolanites.md,pbp_transcripts,_local/pbp_transcripts/PbP11 - Lia and the Tolanites.md,262,266,pers_faeryne|pers_luminia|pers_light,Faeryne|Luminia|Light of Ironfang,3,Faeryne|Luminia|Light,canonical|alias
169160,_local/pbp_transcripts/PbP11 - Lia and the Tolanites.md,pbp_transcripts,_local/pbp_transcripts/PbP11 - Lia and the Tolanites.md,267,272,play_bysickle|pers_alivyre|pers_henry,Bysickle|Alivyre Dawntracker|Henry Sleepsong,3,Bysickle|Alivyre|Henry,canonical|alias
169161,_local/pbp_transcripts/PbP11 - Lia and the Tolanites.md,pbp_transcripts,_local/pbp_transcripts/PbP11 - Lia and the Tolanites.md,273,279,play_bysickle|pers_alivyre|play_charis|pers_shworn|pers_henry,Bysickle|Alivyre Dawntracker|Charis|Shworn Sleepsong|Henry Sleepsong,5,Bysickle|Alivyre|Charis|Shworn|Henry,canonical|alias
169162,_local/pbp_transcripts/PbP11 - Lia and the Tolanites.md,pbp_transcripts,_local/pbp_transcripts/PbP11 - Lia and the Tolanites.md,280,284,pers_alivyre|pers_henry,Alivyre Dawntracker|Henry Sleepsong,2,Alivyre|Henry,alias
169163,_local/pbp_transcripts/PbP11 - Lia and the Tolanites.md,pbp_transcripts,_local/pbp_transcripts/PbP11 - Lia and the Tolanites.md,285,289,pers_evaine|pers_urgulk|pers_rhys,Evaine MacRorie Thuryn|Urgulk|Rhys Thuryn,3,Evaine|Urgulk|Rhys,alias|canonical
169164,_local/pbp_transcripts/PbP11 - Lia and the Tolanites.md,pbp_transcripts,_local/pbp_transcripts/PbP11 - Lia and the Tolanites.md,290,302,pers_shworn,Shworn Sleepsong,1,Shworn,alias
169165,_local/pbp_transcripts/PbP11 - Lia and the Tolanites.md,pbp_transcripts,_local/pbp_transcripts/PbP11 - Lia and the Tolanites.md,303,324,pers_alivyre|pers_faeryne|pers_luminia|play_charis|pers_evaine|pers_urgulk|pers_victor|pers_emily|pers_henry|pers_piers|pers_terry|pers_rhys,Alivyre Dawntracker|Faeryne|Luminia|Charis|Evaine MacRorie Thuryn|Urgulk|Victor D Evernight|Emily Ashton|Henry Sleepsong|Piers Ashton|Terry|Rhys Thuryn,12,Alivyre|Faeryne|Luminia|Charis|Evaine|Urgulk|Victor|Emily|Henry|Piers|Terry|Rhys,alias|canonical
169166,_local/pbp_transcripts/PbP11 - Lia and the Tolanites.md,pbp_transcripts,_local/pbp_transcripts/PbP11 - Lia and the Tolanites.md,325,328,pers_urgulk|pers_piers|pers_terry,Urgulk|Piers Ashton|Terry,3,Urgulk|Piers|Terry,canonical|alias
169167,_local/pbp_transcripts/PbP11 - Lia and the Tolanites.md,pbp_transcripts,_local/pbp_transcripts/PbP11 - Lia and the Tolanites.md,329,332,pers_alivyre|pers_faeryne|pers_henry,Alivyre Dawntracker|Faeryne|Henry Sleepsong,3,Alivyre|Faeryne|Henry,alias|canonical
169168,_local/pbp_transcripts/PbP11 - Lia and the Tolanites.md,pbp_transcripts,_local/pbp_transcripts/PbP11 - Lia and the Tolanites.md,333,336,pers_credus,Credus,1,Credus,canonical
169169,_local/pbp_transcripts/PbP11 - Lia and the Tolanites.md,pbp_transcripts,_local/pbp_transcripts/PbP11 - Lia and the Tolanites.md,337,340,pers_urgulk,Urgulk,1,Urgulk,canonical
169170,_local/pbp_transcripts/PbP11 - Lia and the Tolanites.md,pbp_transcripts,_local/pbp_transcripts/PbP11 - Lia and the Tolanites.md,341,344,pers_faeryne,Faeryne,1,Faeryne,canonical
169173,_local/pbp_transcripts/PbP11 - Lia and the Tolanites.md,pbp_transcripts,_local/pbp_transcripts/PbP11 - Lia and the Tolanites.md,355,358,play_charis|pers_urgulk|pers_victor,Charis|Urgulk|Victor D Evernight,3,Charis|Urgulk|Victor,canonical|alias
169175,_local/pbp_transcripts/PbP11 - Lia and the Tolanites.md,pbp_transcripts,_local/pbp_transcripts/PbP11 - Lia and the Tolanites.md,363,368,loc_crafthold|pers_urgulk|pers_victor|pers_kavar,Crafthold|Urgulk|Victor D Evernight|Kavar Protis,4,Crafthold|Urgulk|Victor|Kavar,canonical|alias
169178,_local/pbp_transcripts/PbP11 - Lia and the Tolanites.md,pbp_transcripts,_local/pbp_transcripts/PbP11 - Lia and the Tolanites.md,377,382,pers_garrick|pers_urgulk,Garrick|Urgulk,2,Garrick|Urgulk,canonical
169179,_local/pbp_transcripts/PbP11 - Lia and the Tolanites.md,pbp_transcripts,_local/pbp_transcripts/PbP11 - Lia and the Tolanites.md,383,392,pers_ricardo|loc_elysia|pers_evaine|pers_victor|pers_joram|pers_terry|pers_rhys,Ricardo Alcocer|Elysia|Evaine MacRorie Thuryn|Victor D Evernight|Joram MacRorie|Terry|Rhys Thuryn,7,Ricardo|Elysia|Evaine|Victor|Joram|Terry|Rhys,alias|canonical
169180,_local/pbp_transcripts/PbP11 - Lia and the Tolanites.md,pbp_transcripts,_local/pbp_transcripts/PbP11 - Lia and the Tolanites.md,393,396,pers_piers,Piers Ashton,1,Piers,alias
169182,_local/pbp_transcripts/PbP11 - Lia and the Tolanites.md,pbp_transcripts,_local/pbp_transcripts/PbP11 - Lia and the Tolanites.md,401,404,pers_victor,Victor D Evernight,1,Victor,alias
169184,_local/pbp_transcripts/PbP11 - Lia and the Tolanites.md,pbp_transcripts,_local/pbp_transcripts/PbP11 - Lia and the Tolanites.md,409,414,play_venric,Venric,1,Venric,canonical
169185,_local/pbp_transcripts/PbP11 - Lia and the Tolanites.md,pbp_transcripts,_local/pbp_transcripts/PbP11 - Lia and the Tolanites.md,415,432,pers_ricardo|pers_joram|pers_piers,Ricardo Alcocer|Joram MacRorie|Piers Ashton,3,Ricardo|Joram|Piers,alias
169263,_local/pbp_transcripts/PbP12 - Meeting in the Vestry.md,pbp_transcripts,_local/pbp_transcripts/PbP12 - Meeting in the Vestry.md,2,5,play_crowe|play_kalina|play_bysickle|play_venric|pers_piers|pers_terry|org_iwtc,Crowe|Kalina|Bysickle|Venric|Piers Ashton|Terry|Iron Wolf Trading Company,7,CroweTheDualityKing|Kalina Hitana|Bysickle|Venric|Piers|Terry|IWTC,alias|canonical
169264,_local/pbp_transcripts/PbP12 - Meeting in the Vestry.md,pbp_transcripts,_local/pbp_transcripts/PbP12 - Meeting in the Vestry.md,6,9,pers_rhys,Rhys Thuryn,1,Rhys,alias
169265,_local/pbp_transcripts/PbP12 - Meeting in the Vestry.md,pbp_transcripts,_local/pbp_transcripts/PbP12 - Meeting in the Vestry.md,10,15,org_temple_airmid|pers_makhala|pers_ricardo|org_remedy|pers_victor,Temple of Airmid|Makhala|Ricardo Alcocer|Airmid's Remedy|Victor D Evernight,5,Temple of Airmid|Makhala|Ricardo|Remedy|Victor,canonical|alias
169266,_local/pbp_transcripts/PbP12 - Meeting in the Vestry.md,pbp_transcripts,_local/pbp_transcripts/PbP12 - Meeting in the Vestry.md,16,21,pers_victor|creat_mine|pers_rhys,Victor D Evernight|Mine|Rhys Thuryn,3,Victor|Mine|Rhys,alias|canonical
169267,_local/pbp_transcripts/PbP12 - Meeting in the Vestry.md,pbp_transcripts,_local/pbp_transcripts/PbP12 - Meeting in the Vestry.md,22,35,pers_evaine|pers_ricardo|pers_joram|org_michaeline|pers_rhys|pers_faeryne|org_remedy|pers_terry|pers_aren,Evaine MacRorie Thuryn|Ricardo Alcocer|Joram MacRorie|Order of St Michael|Rhys Thuryn|Faeryne|Airmid's Remedy|Terry|Aren,9,Evaine MacRorie Thuryn|Ricardo Alcocer|Joram MacRorie|Michaelines|Rhys Thuryn|Faeryne|Ricardo|Evaine|Remedy|Joram|Terry|Aren,canonical|alias
169268,_local/pbp_transcripts/PbP12 - Meeting in the Vestry.md,pbp_transcripts,_local/pbp_transcripts/PbP12 - Meeting in the Vestry.md,36,39,pers_terry|pers_bear,Terry|Bear,2,Terry|Bear,canonical
169269,_local/pbp_transcripts/PbP12 - Meeting in the Vestry.md,pbp_transcripts,_local/pbp_transcripts/PbP12 - Meeting in the Vestry.md,40,43,pers_victor|pers_piers|pers_rhys,Victor D Evernight|Piers Ashton|Rhys Thuryn,3,Victor|Piers|Rhys,alias
169272,_local/pbp_transcripts/PbP12 - Meeting in the Vestry.md,pbp_transcripts,_local/pbp_transcripts/PbP12 - Meeting in the Vestry.md,52,57,pers_faeryne|pers_makhala|pers_ricardo|pers_evaine|pers_joram|pers_rhys,Faeryne|Makhala|Ricardo Alcocer|Evaine MacRorie Thuryn|Joram MacRorie|Rhys Thuryn,6,Faeryne|Makhala|Ricardo|Evaine|Joram|Rhys,canonical|alias
169276,_local/pbp_transcripts/PbP12 - Meeting in the Vestry.md,pbp_transcripts,_local/pbp_transcripts/PbP12 - Meeting in the Vestry.md,72,77,pers_faeryne|pers_luminia|pers_light,Faeryne|Luminia|Light of Ironfang,3,Faeryne|Luminia|Light,canonical|alias
169277,_local/pbp_transcripts/PbP12 - Meeting in the Vestry.md,pbp_transcripts,_local/pbp_transcripts/PbP12 - Meeting in the Vestry.md,78,81,play_bysickle|play_venric,Bysickle|Venric,2,Bysickle|Venric,canonical
169280,_local/pbp_transcripts/PbP12 - Meeting in the Vestry.md,pbp_transcripts,_local/pbp_transcripts/PbP12 - Meeting in the Vestry.md,90,95,pers_henry,Henry Sleepsong,1,Henry,alias
169282,_local/pbp_transcripts/PbP12 - Meeting in the Vestry.md,pbp_transcripts,_local/pbp_transcripts/PbP12 - Meeting in the Vestry.md,100,103,pers_ricardo|pers_victor|pers_terry,Ricardo Alcocer|Victor D Evernight|Terry,3,Ricardo|Victor|Terry,alias|canonical
169283,_local/pbp_transcripts/PbP12 - Meeting in the Vestry.md,pbp_transcripts,_local/pbp_transcripts/PbP12 - Meeting in the Vestry.md,104,107,factn_tolanites|pers_luminia|pers_ricardo|pers_victor|pers_joram|pers_piers|pers_terry,Tolanites|Luminia|Ricardo Alcocer|Victor D Evernight|Joram MacRorie|Piers Ashton|Terry,7,Tolanites|Luminia|Ricardo|Victor|Joram|Piers|Terry,canonical|alias
169284,_local/pbp_transcripts/PbP12 - Meeting in the Vestry.md,pbp_transcripts,_local/pbp_transcripts/PbP12 - Meeting in the Vestry.md,108,111,pers_victor,Victor D Evernight,1,Victor,alias
169285,_local/pbp_transcripts/PbP12 - Meeting in the Vestry.md,pbp_transcripts,_local/pbp_transcripts/PbP12 - Meeting in the Vestry.md,112,115,pers_henry|pers_piers|pers_terry,Henry Sleepsong|Piers Ashton|Terry,3,Henry|Piers|Terry,alias|canonical
169286,_local/pbp_transcripts/PbP12 - Meeting in the Vestry.md,pbp_transcripts,_local/pbp_transcripts/PbP12 - Meeting in the Vestry.md,116,121,pers_luminia|pers_ricardo|pers_victor|org_hands|pers_joram|pers_piers|pers_terry,Luminia|Ricardo Alcocer|Victor D Evernight|Hands of Liamassa|Joram MacRorie|Piers Ashton|Terry,7,Luminia|Ricardo|Victor|Hands|Joram|Piers|Terry,canonical|alias
169287,_local/pbp_transcripts/PbP12 - Meeting in the Vestry.md,pbp_transcripts,_local/pbp_transcripts/PbP12 - Meeting in the Vestry.md,122,125,factn_tolanites|pers_victor|pers_piers,Tolanites|Victor D Evernight|Piers Ashton,3,Tolanite|Victor|Piers,alias
169288,_local/pbp_transcripts/PbP12 - Meeting in the Vestry.md,pbp_transcripts,_local/pbp_transcripts/PbP12 - Meeting in the Vestry.md,126,131,pers_victor|pers_henry,Victor D Evernight|Henry Sleepsong,2,Victor|Henry,alias
169289,_local/pbp_transcripts/PbP12 - Meeting in the Vestry.md,pbp_transcripts,_local/pbp_transcripts/PbP12 - Meeting in the Vestry.md,132,135,loc_crafthold|pers_henry|pers_luminia|pers_piers|pers_terry,Crafthold|Henry Sleepsong|Luminia|Piers Ashton|Terry,5,Crafthold|Shadowboy|Luminia|Henry|Piers|Terry,canonical|alias
169290,_local/pbp_transcripts/PbP12 - Meeting in the Vestry.md,pbp_transcripts,_local/pbp_transcripts/PbP12 - Meeting in the Vestry.md,136,139,creat_little_bear|pers_alivyre|pers_faeryne|pers_makhala|pers_ricardo|pers_victor|org_hands|pers_henry|pers_joram|pers_piers,Little Bear|Alivyre Dawntracker|Faeryne|Makhala|Ricardo Alcocer|Victor D Evernight|Hands of Liamassa|Henry Sleepsong|Joram MacRorie|Piers Ashton,10,Little Bear|Alivyre|Faeryne|Makhala|Ricardo|Victor|Hands|Henry|Joram|Piers,canonical|alias
169291,_local/pbp_transcripts/PbP12 - Meeting in the Vestry.md,pbp_transcripts,_local/pbp_transcripts/PbP12 - Meeting in the Vestry.md,140,143,pers_henry,Henry Sleepsong,1,Henry,alias
169292,_local/pbp_transcripts/PbP12 - Meeting in the Vestry.md,pbp_transcripts,_local/pbp_transcripts/PbP12 - Meeting in the Vestry.md,144,147,pers_luminia,Luminia,1,Luminia,canonical
169293,_local/pbp_transcripts/PbP12 - Meeting in the Vestry.md,pbp_transcripts,_local/pbp_transcripts/PbP12 - Meeting in the Vestry.md,148,151,pers_makhala,Makhala,1,Makhala,canonical
169294,_local/pbp_transcripts/PbP12 - Meeting in the Vestry.md,pbp_transcripts,_local/pbp_transcripts/PbP12 - Meeting in the Vestry.md,152,155,pers_victor|pers_joram,Victor D Evernight|Joram MacRorie,2,Victor|Joram,alias
169295,_local/pbp_transcripts/PbP12 - Meeting in the Vestry.md,pbp_transcripts,_local/pbp_transcripts/PbP12 - Meeting in the Vestry.md,156,161,factn_tolanites|pers_victor|pers_rhys,Tolanites|Victor D Evernight|Rhys Thuryn,3,Tolanites|Victor|Rhys,canonical|alias
169296,_local/pbp_transcripts/PbP12 - Meeting in the Vestry.md,pbp_transcripts,_local/pbp_transcripts/PbP12 - Meeting in the Vestry.md,162,165,org_academy_elysia|pers_faeryne|pers_rhys,Elysian Academy|Faeryne|Rhys Thuryn,3,Academy|Faeryne|Rhys,alias|canonical
169297,_local/pbp_transcripts/PbP12 - Meeting in the Vestry.md,pbp_transcripts,_local/pbp_transcripts/PbP12 - Meeting in the Vestry.md,166,169,pers_alivyre|pers_joram,Alivyre Dawntracker|Joram MacRorie,2,Alivyre|Joram,alias
169298,_local/pbp_transcripts/PbP12 - Meeting in the Vestry.md,pbp_transcripts,_local/pbp_transcripts/PbP12 - Meeting in the Vestry.md,170,173,pers_faeryne|pers_henry,Faeryne|Henry Sleepsong,2,Faeryne|Henry,canonical|alias
169299,_local/pbp_transcripts/PbP12 - Meeting in the Vestry.md,pbp_transcripts,_local/pbp_transcripts/PbP12 - Meeting in the Vestry.md,174,177,pers_faeryne|pers_victor,Faeryne|Victor D Evernight,2,Faeryne|Victor,canonical|alias
169300,_local/pbp_transcripts/PbP12 - Meeting in the Vestry.md,pbp_transcripts,_local/pbp_transcripts/PbP12 - Meeting in the Vestry.md,178,181,pers_victor,Victor D Evernight,1,Victor,alias
169301,_local/pbp_transcripts/PbP12 - Meeting in the Vestry.md,pbp_transcripts,_local/pbp_transcripts/PbP12 - Meeting in the Vestry.md,182,189,pers_makhala|pers_rhys,Makhala|Rhys Thuryn,2,Makhala|Rhys,canonical|alias
169303,_local/pbp_transcripts/PbP12 - Meeting in the Vestry.md,pbp_transcripts,_local/pbp_transcripts/PbP12 - Meeting in the Vestry.md,194,197,pers_henry,Henry Sleepsong,1,Henry,alias
169304,_local/pbp_transcripts/PbP12 - Meeting in the Vestry.md,pbp_transcripts,_local/pbp_transcripts/PbP12 - Meeting in the Vestry.md,198,201,pers_victor|pers_rhys,Victor D Evernight|Rhys Thuryn,2,Victor|Rhys,alias
169305,_local/pbp_transcripts/PbP12 - Meeting in the Vestry.md,pbp_transcripts,_local/pbp_transcripts/PbP12 - Meeting in the Vestry.md,202,205,pers_victor,Victor D Evernight,1,Victor,alias
169306,_local/pbp_transcripts/PbP12 - Meeting in the Vestry.md,pbp_transcripts,_local/pbp_transcripts/PbP12 - Meeting in the Vestry.md,206,209,pers_henry,Henry Sleepsong,1,Henry,alias
169307,_local/pbp_transcripts/PbP12 - Meeting in the Vestry.md,pbp_transcripts,_local/pbp_transcripts/PbP12 - Meeting in the Vestry.md,210,217,pers_alivyre|pers_evaine|pers_victor|pers_henry|pers_joram,Alivyre Dawntracker|Evaine MacRorie Thuryn|Victor D Evernight|Henry Sleepsong|Joram MacRorie,5,Alivyre|Evaine|Victor|Henry|Joram,alias
169308,_local/pbp_transcripts/PbP12 - Meeting in the Vestry.md,pbp_transcripts,_local/pbp_transcripts/PbP12 - Meeting in the Vestry.md,218,221,pers_luminia,Luminia,1,Luminia,canonical
169309,_local/pbp_transcripts/PbP12 - Meeting in the Vestry.md,pbp_transcripts,_local/pbp_transcripts/PbP12 - Meeting in the Vestry.md,222,225,pers_rhys,Rhys Thuryn,1,Rhys,alias
169311,_local/pbp_transcripts/PbP12 - Meeting in the Vestry.md,pbp_transcripts,_local/pbp_transcripts/PbP12 - Meeting in the Vestry.md,231,244,pers_evaine|pers_rhys,Evaine MacRorie Thuryn|Rhys Thuryn,2,Evaine|Rhys,alias
169312,_local/pbp_transcripts/PbP12 - Meeting in the Vestry.md,pbp_transcripts,_local/pbp_transcripts/PbP12 - Meeting in the Vestry.md,245,249,pers_joram|pers_rhys,Joram MacRorie|Rhys Thuryn,2,Joram|Rhys,alias
169313,_local/pbp_transcripts/PbP12 - Meeting in the Vestry.md,pbp_transcripts,_local/pbp_transcripts/PbP12 - Meeting in the Vestry.md,250,254,pers_urgulk,Urgulk,1,Urgulk,canonical
169315,_local/pbp_transcripts/PbP12 - Meeting in the Vestry.md,pbp_transcripts,_local/pbp_transcripts/PbP12 - Meeting in the Vestry.md,261,265,pers_alivyre|pers_terry,Alivyre Dawntracker|Terry,2,Alivyre|Terry,alias|canonical
169316,_local/pbp_transcripts/PbP12 - Meeting in the Vestry.md,pbp_transcripts,_local/pbp_transcripts/PbP12 - Meeting in the Vestry.md,266,270,pers_faeryne,Faeryne,1,Faeryne,canonical
169317,_local/pbp_transcripts/PbP12 - Meeting in the Vestry.md,pbp_transcripts,_local/pbp_transcripts/PbP12 - Meeting in the Vestry.md,271,275,pers_victor,Victor D Evernight,1,Victor,alias
169319,_local/pbp_transcripts/PbP12 - Meeting in the Vestry.md,pbp_transcripts,_local/pbp_transcripts/PbP12 - Meeting in the Vestry.md,285,293,creat_little_bear|pers_alivyre,Little Bear|Alivyre Dawntracker,2,Little Bear|Alivyre,canonical|alias
169320,_local/pbp_transcripts/PbP12 - Meeting in the Vestry.md,pbp_transcripts,_local/pbp_transcripts/PbP12 - Meeting in the Vestry.md,294,298,pers_alivyre|pers_faeryne|pers_victor,Alivyre Dawntracker|Faeryne|Victor D Evernight,3,Alivyre|Faeryne|Victor,alias|canonical
169323,_local/pbp_transcripts/PbP12 - Meeting in the Vestry.md,pbp_transcripts,_local/pbp_transcripts/PbP12 - Meeting in the Vestry.md,309,313,pers_aren,Aren,1,Aren,canonical
169324,_local/pbp_transcripts/PbP12 - Meeting in the Vestry.md,pbp_transcripts,_local/pbp_transcripts/PbP12 - Meeting in the Vestry.md,314,318,pers_victor|pers_joram,Victor D Evernight|Joram MacRorie,2,Victor|Joram,alias
169325,_local/pbp_transcripts/PbP12 - Meeting in the Vestry.md,pbp_transcripts,_local/pbp_transcripts/PbP12 - Meeting in the Vestry.md,319,323,play_crowe,Crowe,1,CroweTheDualityKing,alias
169327,_local/pbp_transcripts/PbP12 - Meeting in the Vestry.md,pbp_transcripts,_local/pbp_transcripts/PbP12 - Meeting in the Vestry.md,329,337,pers_evaine|pers_joram|pers_rhys,Evaine MacRorie Thuryn|Joram MacRorie|Rhys Thuryn,3,Evaine|Joram|Rhys,alias
169328,_local/pbp_transcripts/PbP12 - Meeting in the Vestry.md,pbp_transcripts,_local/pbp_transcripts/PbP12 - Meeting in the Vestry.md,338,346,pers_victor|pers_rhys,Victor D Evernight|Rhys Thuryn,2,Victor|Rhys,alias
169329,_local/pbp_transcripts/PbP12 - Meeting in the Vestry.md,pbp_transcripts,_local/pbp_transcripts/PbP12 - Meeting in the Vestry.md,347,355,pers_faeryne|pers_rhys,Faeryne|Rhys Thuryn,2,Faeryne|Rhys,canonical|alias
169330,_local/pbp_transcripts/PbP12 - Meeting in the Vestry.md,pbp_transcripts,_local/pbp_transcripts/PbP12 - Meeting in the Vestry.md,356,368,pers_victor|pers_rhys,Victor D Evernight|Rhys Thuryn,2,Victor|Rhys,alias
169333,_local/pbp_transcripts/PbP12 - Meeting in the Vestry.md,pbp_transcripts,_local/pbp_transcripts/PbP12 - Meeting in the Vestry.md,380,385,pers_faeryne|pers_victor|pers_joram,Faeryne|Victor D Evernight|Joram MacRorie,3,Faeryne|Victor|Joram,canonical|alias
169334,_local/pbp_transcripts/PbP12 - Meeting in the Vestry.md,pbp_transcripts,_local/pbp_transcripts/PbP12 - Meeting in the Vestry.md,386,390,pers_victor,Victor D Evernight,1,Victor,alias
169336,_local/pbp_transcripts/PbP12 - Meeting in the Vestry.md,pbp_transcripts,_local/pbp_transcripts/PbP12 - Meeting in the Vestry.md,397,404,pers_alivyre|pers_henry,Alivyre Dawntracker|Henry Sleepsong,2,Alivyre|Henry,alias
169337,_local/pbp_transcripts/PbP12 - Meeting in the Vestry.md,pbp_transcripts,_local/pbp_transcripts/PbP12 - Meeting in the Vestry.md,405,408,pers_victor|pers_henry,Victor D Evernight|Henry Sleepsong,2,Victor|Henry,alias
169339,_local/pbp_transcripts/PbP12 - Meeting in the Vestry.md,pbp_transcripts,_local/pbp_transcripts/PbP12 - Meeting in the Vestry.md,413,417,pers_faeryne,Faeryne,1,Faeryne,canonical
169340,_local/pbp_transcripts/PbP12 - Meeting in the Vestry.md,pbp_transcripts,_local/pbp_transcripts/PbP12 - Meeting in the Vestry.md,418,422,creat_little_bear|pers_alivyre,Little Bear|Alivyre Dawntracker,2,Little Bear|Alivyre,canonical|alias
169341,_local/pbp_transcripts/PbP12 - Meeting in the Vestry.md,pbp_transcripts,_local/pbp_transcripts/PbP12 - Meeting in the Vestry.md,423,428,pers_victor|pers_joram|pers_rhys,Victor D Evernight|Joram MacRorie|Rhys Thuryn,3,Victor|Joram|Rhys,alias
169342,_local/pbp_transcripts/PbP12 - Meeting in the Vestry.md,pbp_transcripts,_local/pbp_transcripts/PbP12 - Meeting in the Vestry.md,429,433,pers_victor|pers_spike,Victor D Evernight|Spike of Ironfang,2,Victor|Spike,alias
169346,_local/pbp_transcripts/PbP12 - Meeting in the Vestry.md,pbp_transcripts,_local/pbp_transcripts/PbP12 - Meeting in the Vestry.md,453,461,pers_victor|org_hands|pers_joram|pers_piers,Victor D Evernight|Hands of Liamassa|Joram MacRorie|Piers Ashton,4,Victor|Hands|Joram|Piers,alias
169347,_local/pbp_transcripts/PbP12 - Meeting in the Vestry.md,pbp_transcripts,_local/pbp_transcripts/PbP12 - Meeting in the Vestry.md,462,466,pers_piers|creat_mine,Piers Ashton|Mine,2,Piers|Mine,alias|canonical
169348,_local/pbp_transcripts/PbP12 - Meeting in the Vestry.md,pbp_transcripts,_local/pbp_transcripts/PbP12 - Meeting in the Vestry.md,467,475,pers_makhala|pers_victor|pers_piers,Makhala|Victor D Evernight|Piers Ashton,3,Makhala|Victor|Piers,canonical|alias
169350,_local/pbp_transcripts/PbP12 - Meeting in the Vestry.md,pbp_transcripts,_local/pbp_transcripts/PbP12 - Meeting in the Vestry.md,481,485,pers_rhys,Rhys Thuryn,1,Rhys,alias
169352,_local/pbp_transcripts/PbP12 - Meeting in the Vestry.md,pbp_transcripts,_local/pbp_transcripts/PbP12 - Meeting in the Vestry.md,491,503,pers_joram|pers_piers,Joram MacRorie|Piers Ashton,2,Joram|Piers,alias
169353,_local/pbp_transcripts/PbP12 - Meeting in the Vestry.md,pbp_transcripts,_local/pbp_transcripts/PbP12 - Meeting in the Vestry.md,504,512,org_iwtc|loc_crafthold|pers_victor|pers_piers|org_hands|creat_mine,Iron Wolf Trading Company|Crafthold|Victor D Evernight|Piers Ashton|Hands of Liamassa|Mine,6,Iron Wolf Trading Company|Crafthold|Victor|Piers|Hand|Mine,canonical|alias
169354,_local/pbp_transcripts/PbP12 - Meeting in the Vestry.md,pbp_transcripts,_local/pbp_transcripts/PbP12 - Meeting in the Vestry.md,513,518,org_academy_elysia|loc_elysia|pers_victor|creat_mine,Elysian Academy|Elysia|Victor D Evernight|Mine,4,Academy|Elysia|Victor|Mine,alias|canonical
169355,_local/pbp_transcripts/PbP12 - Meeting in the Vestry.md,pbp_transcripts,_local/pbp_transcripts/PbP12 - Meeting in the Vestry.md,519,523,factn_tolanites|org_remedy|pers_victor,Tolanites|Airmid's Remedy|Victor D Evernight,3,Tolanites|Remedy|Victor,canonical|alias
169356,_local/pbp_transcripts/PbP12 - Meeting in the Vestry.md,pbp_transcripts,_local/pbp_transcripts/PbP12 - Meeting in the Vestry.md,524,528,org_michaeline|loc_elulind|pers_ricardo|role_arc_tolan_mentir|org_remedy|pers_victor|pers_henry|pers_joram|loc_tolan,Order of St Michael|Kingdom of Elulind|Ricardo Alcocer|Mentir|Airmid's Remedy|Victor D Evernight|Henry Sleepsong|Joram MacRorie|Kingdom of Tolàn,9,Michaelines|Elulind|Ricardo|Mentir|Remedy|Victor|Henry|Joram|Tolan,alias|canonical
169357,_local/pbp_transcripts/PbP12 - Meeting in the Vestry.md,pbp_transcripts,_local/pbp_transcripts/PbP12 - Meeting in the Vestry.md,529,541,org_remedy|org_elulind_army|factn_tolanites|pers_anthony|loc_elulind|pers_makhala|pers_ricardo|loc_elysia|pers_victor|loc_tolan|pers_rhys,Airmid's Remedy|Elulind Army|Tolanites|Anthony Haldane|Kingdom of Elulind|Makhala|Ricardo Alcocer|Elysia|Victor D Evernight|Kingdom of Tolàn|Rhys Thuryn,11,Airmid's Remedy|Elulind Army|Tolanites|Anthony|Elulind|Makhala|Ricardo|Elysia|Victor|Tolan|Rhys,canonical|alias
169358,_local/pbp_transcripts/PbP12 - Meeting in the Vestry.md,pbp_transcripts,_local/pbp_transcripts/PbP12 - Meeting in the Vestry.md,542,554,pers_victor,Victor D Evernight,1,Victor,alias
169360,_local/pbp_transcripts/PbP12 - Meeting in the Vestry.md,pbp_transcripts,_local/pbp_transcripts/PbP12 - Meeting in the Vestry.md,560,568,pers_victor,Victor D Evernight,1,Victor,alias
169361,_local/pbp_transcripts/PbP12 - Meeting in the Vestry.md,pbp_transcripts,_local/pbp_transcripts/PbP12 - Meeting in the Vestry.md,569,573,factn_tolanites|pers_evaine|pers_victor|pers_rhys,Tolanites|Evaine MacRorie Thuryn|Victor D Evernight|Rhys Thuryn,4,Tolanites|Evaine|Victor|Rhys,canonical|alias
169362,_local/pbp_transcripts/PbP12 - Meeting in the Vestry.md,pbp_transcripts,_local/pbp_transcripts/PbP12 - Meeting in the Vestry.md,574,578,org_academy_elysia|pers_victor|pers_piers|pers_rhys,Elysian Academy|Victor D Evernight|Piers Ashton|Rhys Thuryn,4,Academy|Victor|Piers|Rhys,alias
169363,_local/pbp_transcripts/PbP12 - Meeting in the Vestry.md,pbp_transcripts,_local/pbp_transcripts/PbP12 - Meeting in the Vestry.md,579,593,pers_evaine|pers_victor|pers_joram|pers_piers,Evaine MacRorie Thuryn|Victor D Evernight|Joram MacRorie|Piers Ashton,4,Evaine|Victor|Joram|Piers,alias
169364,_local/pbp_transcripts/PbP12 - Meeting in the Vestry.md,pbp_transcripts,_local/pbp_transcripts/PbP12 - Meeting in the Vestry.md,594,602,pers_evaine|pers_joram|pers_rhys,Evaine MacRorie Thuryn|Joram MacRorie|Rhys Thuryn,3,Evaine|Joram|Rhys,alias
169365,_local/pbp_transcripts/PbP12 - Meeting in the Vestry.md,pbp_transcripts,_local/pbp_transcripts/PbP12 - Meeting in the Vestry.md,603,607,org_elulind_army|pers_evaine|loc_tolan,Elulind Army|Evaine MacRorie Thuryn|Kingdom of Tolàn,3,Elulind Army|Evaine|Tolan,canonical|alias
169367,_local/pbp_transcripts/PbP12 - Meeting in the Vestry.md,pbp_transcripts,_local/pbp_transcripts/PbP12 - Meeting in the Vestry.md,613,617,pers_alivyre,Alivyre Dawntracker,1,Alivyre,alias
169369,_local/pbp_transcripts/PbP12 - Meeting in the Vestry.md,pbp_transcripts,_local/pbp_transcripts/PbP12 - Meeting in the Vestry.md,623,627,pers_ricardo|pers_joram,Ricardo Alcocer|Joram MacRorie,2,Ricardo|Joram,alias
169370,_local/pbp_transcripts/PbP12 - Meeting in the Vestry.md,pbp_transcripts,_local/pbp_transcripts/PbP12 - Meeting in the Vestry.md,628,636,pers_alivyre|pers_faeryne|pers_victor,Alivyre Dawntracker|Faeryne|Victor D Evernight,3,Alivyre|Faeryne|Victor,alias|canonical
169371,_local/pbp_transcripts/PbP12 - Meeting in the Vestry.md,pbp_transcripts,_local/pbp_transcripts/PbP12 - Meeting in the Vestry.md,637,646,loc_monadh_mor|loc_wolfstream|pers_alivyre|pers_ricardo,Monadh Mor|Wolfstream Village|Alivyre Dawntracker|Ricardo Alcocer,4,Monadh Mor|Wolfstream|Alivyre|Ricardo,canonical|alias
169372,_local/pbp_transcripts/PbP12 - Meeting in the Vestry.md,pbp_transcripts,_local/pbp_transcripts/PbP12 - Meeting in the Vestry.md,647,663,pers_aren,Aren,1,Aren,canonical
169373,_local/pbp_transcripts/PbP12 - Meeting in the Vestry.md,pbp_transcripts,_local/pbp_transcripts/PbP12 - Meeting in the Vestry.md,664,668,loc_crafthold|loc_elulind,Crafthold|Kingdom of Elulind,2,Crafthold|Elulind,canonical|alias
169374,_local/pbp_transcripts/PbP12 - Meeting in the Vestry.md,pbp_transcripts,_local/pbp_transcripts/PbP12 - Meeting in the Vestry.md,669,674,play_kalina|factn_tolanites|play_bysickle|loc_elulind|pers_victor,Kalina|Tolanites|Bysickle|Kingdom of Elulind|Victor D Evernight,5,Kalina Hitana|Tolanites|Bysickle|Elulind|Victor,alias|canonical
169375,_local/pbp_transcripts/PbP12 - Meeting in the Vestry.md,pbp_transcripts,_local/pbp_transcripts/PbP12 - Meeting in the Vestry.md,675,684,pers_henry,Henry Sleepsong,1,Henry,alias
169376,_local/pbp_transcripts/PbP12 - Meeting in the Vestry.md,pbp_transcripts,_local/pbp_transcripts/PbP12 - Meeting in the Vestry.md,685,689,pers_makhala|pers_evaine|pers_victor|pers_joram|pers_rhys,Makhala|Evaine MacRorie Thuryn|Victor D Evernight|Joram MacRorie|Rhys Thuryn,5,Makhala|Evaine|Victor|Joram|Rhys,canonical|alias
169377,_local/pbp_transcripts/PbP12 - Meeting in the Vestry.md,pbp_transcripts,_local/pbp_transcripts/PbP12 - Meeting in the Vestry.md,690,694,pers_henry|pers_victor|pers_aren,Henry Sleepsong|Victor D Evernight|Aren,3,Shadowboy|Victor|Henry|Aren,alias|canonical
169378,_local/pbp_transcripts/PbP12 - Meeting in the Vestry.md,pbp_transcripts,_local/pbp_transcripts/PbP12 - Meeting in the Vestry.md,695,707,pers_urgulk,Urgulk,1,Urgulk,canonical
169379,_local/pbp_transcripts/PbP12 - Meeting in the Vestry.md,pbp_transcripts,_local/pbp_transcripts/PbP12 - Meeting in the Vestry.md,708,712,pers_victor,Victor D Evernight,1,Victor,alias
169381,_local/pbp_transcripts/PbP12 - Meeting in the Vestry.md,pbp_transcripts,_local/pbp_transcripts/PbP12 - Meeting in the Vestry.md,722,726,pers_victor,Victor D Evernight,1,Victor,alias
169382,_local/pbp_transcripts/PbP12 - Meeting in the Vestry.md,pbp_transcripts,_local/pbp_transcripts/PbP12 - Meeting in the Vestry.md,727,731,pers_urgulk|pers_victor,Urgulk|Victor D Evernight,2,Urgulk|Victor,canonical|alias
169386,_local/pbp_transcripts/PbP12 - Meeting in the Vestry.md,pbp_transcripts,_local/pbp_transcripts/PbP12 - Meeting in the Vestry.md,747,751,pers_ricardo|pers_victor|pers_piers,Ricardo Alcocer|Victor D Evernight|Piers Ashton,3,Ricardo|Victor|Piers,alias
169387,_local/pbp_transcripts/PbP12 - Meeting in the Vestry.md,pbp_transcripts,_local/pbp_transcripts/PbP12 - Meeting in the Vestry.md,752,756,creat_little_bear|pers_alivyre|pers_evaine|pers_victor|org_hands|pers_henry,Little Bear|Alivyre Dawntracker|Evaine MacRorie Thuryn|Victor D Evernight|Hands of Liamassa|Henry Sleepsong,6,Little Bear|Alivyre|Evaine|Victor|Hands|Henry,canonical|alias
169388,_local/pbp_transcripts/PbP12 - Meeting in the Vestry.md,pbp_transcripts,_local/pbp_transcripts/PbP12 - Meeting in the Vestry.md,757,765,pers_piers,Piers Ashton,1,Piers,alias
169389,_local/pbp_transcripts/PbP12 - Meeting in the Vestry.md,pbp_transcripts,_local/pbp_transcripts/PbP12 - Meeting in the Vestry.md,766,770,pers_ricardo|pers_piers,Ricardo Alcocer|Piers Ashton,2,Ricardo|Piers,alias
169391,_local/pbp_transcripts/PbP12 - Meeting in the Vestry.md,pbp_transcripts,_local/pbp_transcripts/PbP12 - Meeting in the Vestry.md,776,780,pers_urgulk,Urgulk,1,Urgulk,canonical
169396,_local/pbp_transcripts/PbP12 - Meeting in the Vestry.md,pbp_transcripts,_local/pbp_transcripts/PbP12 - Meeting in the Vestry.md,809,813,pers_urgulk,Urgulk,1,Urgulk,canonical
169402,_local/pbp_transcripts/PbP12 - Meeting in the Vestry.md,pbp_transcripts,_local/pbp_transcripts/PbP12 - Meeting in the Vestry.md,840,846,play_crowe|pers_henry|factn_tolanites|pers_makhala|pers_ricardo|pers_evaine|pers_urgulk|pers_victor|pers_aren,Crowe|Henry Sleepsong|Tolanites|Makhala|Ricardo Alcocer|Evaine MacRorie Thuryn|Urgulk|Victor D Evernight|Aren,9,CroweTheDualityKing|Shadowboy|Tolanites|Makhala|Ricardo|Evaine|Urgulk|Victor|Henry|Aren,alias|canonical
169403,_local/pbp_transcripts/PbP12 - Meeting in the Vestry.md,pbp_transcripts,_local/pbp_transcripts/PbP12 - Meeting in the Vestry.md,847,851,pers_victor|pers_joram,Victor D Evernight|Joram MacRorie,2,Victor|Joram,alias
169404,_local/pbp_transcripts/PbP12 - Meeting in the Vestry.md,pbp_transcripts,_local/pbp_transcripts/PbP12 - Meeting in the Vestry.md,852,856,pers_alivyre|pers_aren,Alivyre Dawntracker|Aren,2,Alivyre|Aren,alias|canonical
169405,_local/pbp_transcripts/PbP12 - Meeting in the Vestry.md,pbp_transcripts,_local/pbp_transcripts/PbP12 - Meeting in the Vestry.md,857,861,pers_henry,Henry Sleepsong,1,Henry,alias
169406,_local/pbp_transcripts/PbP12 - Meeting in the Vestry.md,pbp_transcripts,_local/pbp_transcripts/PbP12 - Meeting in the Vestry.md,862,867,pers_alivyre,Alivyre Dawntracker,1,Alivyre,alias
169407,_local/pbp_transcripts/PbP12 - Meeting in the Vestry.md,pbp_transcripts,_local/pbp_transcripts/PbP12 - Meeting in the Vestry.md,868,876,factn_tolanites|pers_makhala|pers_evaine|pers_piers,Tolanites|Makhala|Evaine MacRorie Thuryn|Piers Ashton,4,Tolanite|Makhala|Evaine|Piers,alias|canonical
169408,_local/pbp_transcripts/PbP12 - Meeting in the Vestry.md,pbp_transcripts,_local/pbp_transcripts/PbP12 - Meeting in the Vestry.md,877,885,pers_makhala|pers_ricardo|pers_henry|pers_joram|pers_piers,Makhala|Ricardo Alcocer|Henry Sleepsong|Joram MacRorie|Piers Ashton,5,Makhala|Ricardo|Henry|Joram|Piers,canonical|alias
169409,_local/pbp_transcripts/PbP12 - Meeting in the Vestry.md,pbp_transcripts,_local/pbp_transcripts/PbP12 - Meeting in the Vestry.md,886,890,pers_victor,Victor D Evernight,1,Victor,alias
169410,_local/pbp_transcripts/PbP12 - Meeting in the Vestry.md,pbp_transcripts,_local/pbp_transcripts/PbP12 - Meeting in the Vestry.md,891,895,pers_alivyre|pers_victor,Alivyre Dawntracker|Victor D Evernight,2,Alivyre|Victor,alias
169411,_local/pbp_transcripts/PbP12 - Meeting in the Vestry.md,pbp_transcripts,_local/pbp_transcripts/PbP12 - Meeting in the Vestry.md,896,900,pers_alivyre,Alivyre Dawntracker,1,Alivyre,alias
169412,_local/pbp_transcripts/PbP12 - Meeting in the Vestry.md,pbp_transcripts,_local/pbp_transcripts/PbP12 - Meeting in the Vestry.md,901,909,pers_avarna|pers_henry|pers_terry|pers_aren,Avarna|Henry Sleepsong|Terry|Aren,4,Avarna|Henry|Terry|Aren,canonical|alias
169413,_local/pbp_transcripts/PbP12 - Meeting in the Vestry.md,pbp_transcripts,_local/pbp_transcripts/PbP12 - Meeting in the Vestry.md,910,914,pers_victor,Victor D Evernight,1,Victor,alias
169414,_local/pbp_transcripts/PbP12 - Meeting in the Vestry.md,pbp_transcripts,_local/pbp_transcripts/PbP12 - Meeting in the Vestry.md,915,923,org_myconids|pers_alivyre|pers_victor,Myconids|Alivyre Dawntracker|Victor D Evernight,3,Myconids|Alivyre|Victor,canonical|alias
169415,_local/pbp_transcripts/PbP12 - Meeting in the Vestry.md,pbp_transcripts,_local/pbp_transcripts/PbP12 - Meeting in the Vestry.md,924,928,pers_faeryne|pers_victor|pers_henry,Faeryne|Victor D Evernight|Henry Sleepsong,3,Faeryne|Victor|Henry,canonical|alias
169416,_local/pbp_transcripts/PbP12 - Meeting in the Vestry.md,pbp_transcripts,_local/pbp_transcripts/PbP12 - Meeting in the Vestry.md,929,933,pers_alivyre|pers_henry,Alivyre Dawntracker|Henry Sleepsong,2,Alivyre|Henry,alias
169417,_local/pbp_transcripts/PbP12 - Meeting in the Vestry.md,pbp_transcripts,_local/pbp_transcripts/PbP12 - Meeting in the Vestry.md,934,938,loc_crafthold|pers_aren|pers_rhys,Crafthold|Aren|Rhys Thuryn,3,Crafthold|Aren|Rhys,canonical|alias
169418,_local/pbp_transcripts/PbP12 - Meeting in the Vestry.md,pbp_transcripts,_local/pbp_transcripts/PbP12 - Meeting in the Vestry.md,939,943,loc_crafthold,Crafthold,1,Crafthold,canonical
169419,_local/pbp_transcripts/PbP12 - Meeting in the Vestry.md,pbp_transcripts,_local/pbp_transcripts/PbP12 - Meeting in the Vestry.md,944,960,pers_henry|factn_tolanites|pers_ricardo|pers_victor|pers_joram|pers_rhys,Henry Sleepsong|Tolanites|Ricardo Alcocer|Victor D Evernight|Joram MacRorie|Rhys Thuryn,6,Shadowboy|Tolanite|Ricardo|Victor|Henry|Joram|Rhys,alias
169420,_local/pbp_transcripts/PbP12 - Meeting in the Vestry.md,pbp_transcripts,_local/pbp_transcripts/PbP12 - Meeting in the Vestry.md,961,969,loc_crafthold,Crafthold,1,Crafthold,canonical
169421,_local/pbp_transcripts/PbP12 - Meeting in the Vestry.md,pbp_transcripts,_local/pbp_transcripts/PbP12 - Meeting in the Vestry.md,970,974,pers_ricardo,Ricardo Alcocer,1,Ricardo,alias
169422,_local/pbp_transcripts/PbP12 - Meeting in the Vestry.md,pbp_transcripts,_local/pbp_transcripts/PbP12 - Meeting in the Vestry.md,975,980,pers_faeryne|pers_victor|pers_henry,Faeryne|Victor D Evernight|Henry Sleepsong,3,Faeryne|Victor|Henry,canonical|alias
169424,_local/pbp_transcripts/PbP12 - Meeting in the Vestry.md,pbp_transcripts,_local/pbp_transcripts/PbP12 - Meeting in the Vestry.md,986,992,factn_tolanites|pers_alivyre|pers_ricardo|loc_dhassa|org_remedy|pers_piers,Tolanites|Alivyre Dawntracker|Ricardo Alcocer|Dhassa|Airmid's Remedy|Piers Ashton,6,Tolanites|Alivyre|Ricardo|Dhassa|Remedy|Piers,canonical|alias
169425,_local/pbp_transcripts/PbP12 - Meeting in the Vestry.md,pbp_transcripts,_local/pbp_transcripts/PbP12 - Meeting in the Vestry.md,993,997,factn_tolanites|org_academy_elysia|pers_makhala|loc_elysia|pers_evaine|pers_victor|pers_piers|pers_gina,Tolanites|Elysian Academy|Makhala|Elysia|Evaine MacRorie Thuryn|Victor D Evernight|Piers Ashton|Gina,8,Tolanites|Tolanite|Academy|Makhala|Elysia|Evaine|Victor|Piers|Gina,canonical|alias
169426,_local/pbp_transcripts/PbP12 - Meeting in the Vestry.md,pbp_transcripts,_local/pbp_transcripts/PbP12 - Meeting in the Vestry.md,998,1003,org_remedy,Airmid's Remedy,1,Remedy,alias
169427,_local/pbp_transcripts/PbP12 - Meeting in the Vestry.md,pbp_transcripts,_local/pbp_transcripts/PbP12 - Meeting in the Vestry.md,1004,1012,factn_spencer|loc_dhassa|pers_henry,The Spencer Heir|Dhassa|Henry Sleepsong,3,The Spencer Heir|Dhassa|Henry,canonical|alias
169428,_local/pbp_transcripts/PbP12 - Meeting in the Vestry.md,pbp_transcripts,_local/pbp_transcripts/PbP12 - Meeting in the Vestry.md,1013,1017,play_kalina,Kalina,1,Kalina Hitana,alias
169429,_local/pbp_transcripts/PbP12 - Meeting in the Vestry.md,pbp_transcripts,_local/pbp_transcripts/PbP12 - Meeting in the Vestry.md,1018,1022,loc_crafthold|pers_faeryne,Crafthold|Faeryne,2,Crafthold|Faeryne,canonical
169430,_local/pbp_transcripts/PbP12 - Meeting in the Vestry.md,pbp_transcripts,_local/pbp_transcripts/PbP12 - Meeting in the Vestry.md,1023,1027,pers_victor|pers_henry,Victor D Evernight|Henry Sleepsong,2,Victor|Henry,alias
169431,_local/pbp_transcripts/PbP12 - Meeting in the Vestry.md,pbp_transcripts,_local/pbp_transcripts/PbP12 - Meeting in the Vestry.md,1028,1033,pers_faeryne|pers_luminia|pers_makhala|pers_ricardo|loc_dhassa|pers_urgulk|pers_victor|pers_henry|pers_piers|pers_terry,Faeryne|Luminia|Makhala|Ricardo Alcocer|Dhassa|Urgulk|Victor D Evernight|Henry Sleepsong|Piers Ashton|Terry,10,Faeryne|Luminia|Makhala|Ricardo|Dhassa|Urgulk|Victor|Henry|Piers|Terry,canonical|alias
169432,_local/pbp_transcripts/PbP12 - Meeting in the Vestry.md,pbp_transcripts,_local/pbp_transcripts/PbP12 - Meeting in the Vestry.md,1034,1039,loc_crafthold|factn_tolanites|pers_ricardo|pers_victor|pers_piers|loc_tolan|pers_aren,Crafthold|Tolanites|Ricardo Alcocer|Victor D Evernight|Piers Ashton|Kingdom of Tolàn|Aren,7,Crafthold|Tolanites|Ricardo|Victor|Piers|Tolan|Aren,canonical|alias
169433,_local/pbp_transcripts/PbP12 - Meeting in the Vestry.md,pbp_transcripts,_local/pbp_transcripts/PbP12 - Meeting in the Vestry.md,1040,1044,org_michaeline|loc_crafthold|org_academy_elysia|loc_elulind|pers_ricardo|org_remedy|org_hands|pers_piers|loc_tolan,Order of St Michael|Crafthold|Elysian Academy|Kingdom of Elulind|Ricardo Alcocer|Airmid's Remedy|Hands of Liamassa|Piers Ashton|Kingdom of Tolàn,9,Michaelines|Crafthold|Academy|Elulind|Ricardo|Remedy|Hands|Piers|Tolan,alias|canonical
169434,_local/pbp_transcripts/PbP12 - Meeting in the Vestry.md,pbp_transcripts,_local/pbp_transcripts/PbP12 - Meeting in the Vestry.md,1045,1049,pers_victor|org_hands,Victor D Evernight|Hands of Liamassa,2,Victor|Hands,alias
169435,_local/pbp_transcripts/PbP12 - Meeting in the Vestry.md,pbp_transcripts,_local/pbp_transcripts/PbP12 - Meeting in the Vestry.md,1050,1054,org_michaeline|pers_victor|org_hands,Order of St Michael|Victor D Evernight|Hands of Liamassa,3,Michaelines|Victor|Hands,alias
169436,_local/pbp_transcripts/PbP12 - Meeting in the Vestry.md,pbp_transcripts,_local/pbp_transcripts/PbP12 - Meeting in the Vestry.md,1055,1059,loc_crafthold|pers_victor|pers_aren|pers_gina,Crafthold|Victor D Evernight|Aren|Gina,4,Crafthold|Victor|Aren|Gina,canonical|alias
169437,_local/pbp_transcripts/PbP12 - Meeting in the Vestry.md,pbp_transcripts,_local/pbp_transcripts/PbP12 - Meeting in the Vestry.md,1060,1064,org_remedy|org_hands,Airmid's Remedy|Hands of Liamassa,2,Remedy|Hands,alias
169438,_local/pbp_transcripts/PbP12 - Meeting in the Vestry.md,pbp_transcripts,_local/pbp_transcripts/PbP12 - Meeting in the Vestry.md,1065,1069,loc_elysia|pers_victor,Elysia|Victor D Evernight,2,Elysia|Victor,canonical|alias
169439,_local/pbp_transcripts/PbP12 - Meeting in the Vestry.md,pbp_transcripts,_local/pbp_transcripts/PbP12 - Meeting in the Vestry.md,1070,1074,factn_tolanites|pers_moon,Tolanites|Moon,2,Tolanites|Moon,canonical
169440,_local/pbp_transcripts/PbP12 - Meeting in the Vestry.md,pbp_transcripts,_local/pbp_transcripts/PbP12 - Meeting in the Vestry.md,1075,1083,factn_tolanites|loc_elysia,Tolanites|Elysia,2,Tolanites|Elysia,canonical
169441,_local/pbp_transcripts/PbP12 - Meeting in the Vestry.md,pbp_transcripts,_local/pbp_transcripts/PbP12 - Meeting in the Vestry.md,1084,1088,factn_tolanites|org_halverin|org_hands,Tolanites|Halverin's Guard|Hands of Liamassa,3,Tolanites|Halverin|Hands,canonical|alias
169442,_local/pbp_transcripts/PbP12 - Meeting in the Vestry.md,pbp_transcripts,_local/pbp_transcripts/PbP12 - Meeting in the Vestry.md,1089,1093,pers_ronric|pers_victor|org_hands|pers_vyssa|pers_gina|pers_todd,Ronric|Victor D Evernight|Hands of Liamassa|Vyssa|Gina|Todd,6,Ronric|Victor|Hands|Vyssa|Gina|Todd,canonical|alias
169443,_local/pbp_transcripts/PbP12 - Meeting in the Vestry.md,pbp_transcripts,_local/pbp_transcripts/PbP12 - Meeting in the Vestry.md,1094,1102,pers_terry,Terry,1,Terry,canonical
169444,_local/pbp_transcripts/PbP12 - Meeting in the Vestry.md,pbp_transcripts,_local/pbp_transcripts/PbP12 - Meeting in the Vestry.md,1103,1107,pers_terry,Terry,1,Terry,canonical
169445,_local/pbp_transcripts/PbP12 - Meeting in the Vestry.md,pbp_transcripts,_local/pbp_transcripts/PbP12 - Meeting in the Vestry.md,1108,1112,pers_victor|pers_terry,Victor D Evernight|Terry,2,Victor|Terry,alias|canonical
169446,_local/pbp_transcripts/PbP12 - Meeting in the Vestry.md,pbp_transcripts,_local/pbp_transcripts/PbP12 - Meeting in the Vestry.md,1113,1118,pers_victor|pers_terry,Victor D Evernight|Terry,2,Victor|Terry,alias|canonical
169447,_local/pbp_transcripts/PbP12 - Meeting in the Vestry.md,pbp_transcripts,_local/pbp_transcripts/PbP12 - Meeting in the Vestry.md,1119,1126,play_kalina|pers_faeryne,Kalina|Faeryne,2,Kalina Hitana|Faeryne,alias|canonical
169450,_local/pbp_transcripts/PbP12 - Meeting in the Vestry.md,pbp_transcripts,_local/pbp_transcripts/PbP12 - Meeting in the Vestry.md,1138,1142,pers_henry,Henry Sleepsong,1,Henry,alias
169471,_local/pbp_transcripts/PbP13 - The Town Square Incident.md,pbp_transcripts,_local/pbp_transcripts/PbP13 - The Town Square Incident.md,3,11,pers_alivyre|pers_ricardo|loc_dhassa|pers_evaine|pers_urgulk|pers_piers,Alivyre Dawntracker|Ricardo Alcocer|Dhassa|Evaine MacRorie Thuryn|Urgulk|Piers Ashton,6,Alivyre|Ricardo|Dhassa|Evaine|Urgulk|Piers,alias|canonical
169472,_local/pbp_transcripts/PbP13 - The Town Square Incident.md,pbp_transcripts,_local/pbp_transcripts/PbP13 - The Town Square Incident.md,12,20,pers_evaine|pers_victor,Evaine MacRorie Thuryn|Victor D Evernight,2,Evaine|Victor,alias
169473,_local/pbp_transcripts/PbP13 - The Town Square Incident.md,pbp_transcripts,_local/pbp_transcripts/PbP13 - The Town Square Incident.md,21,25,pers_faeryne,Faeryne,1,Faeryne,canonical
169474,_local/pbp_transcripts/PbP13 - The Town Square Incident.md,pbp_transcripts,_local/pbp_transcripts/PbP13 - The Town Square Incident.md,26,31,play_bysickle,Bysickle,1,Bysickle,canonical
169475,_local/pbp_transcripts/PbP13 - The Town Square Incident.md,pbp_transcripts,_local/pbp_transcripts/PbP13 - The Town Square Incident.md,32,36,pers_henry,Henry Sleepsong,1,Henry,alias
169476,_local/pbp_transcripts/PbP13 - The Town Square Incident.md,pbp_transcripts,_local/pbp_transcripts/PbP13 - The Town Square Incident.md,37,48,org_hands|org_jackals|pers_caldwell|pers_alivyre|pers_faeryne|pers_evaine|pers_victor|pers_henry|pers_joram|pers_rhys,Hands of Liamassa|Silver Jackals|Selis Caldwell|Alivyre Dawntracker|Faeryne|Evaine MacRorie Thuryn|Victor D Evernight|Henry Sleepsong|Joram MacRorie|Rhys Thuryn,10,Hands of Liamassa|Silver Jackals|Caldwell|Alivyre|Faeryne|Evaine|Victor|Henry|Joram|Rhys,canonical|alias
169477,_local/pbp_transcripts/PbP13 - The Town Square Incident.md,pbp_transcripts,_local/pbp_transcripts/PbP13 - The Town Square Incident.md,49,53,pers_victor,Victor D Evernight,1,Victor,alias
169479,_local/pbp_transcripts/PbP13 - The Town Square Incident.md,pbp_transcripts,_local/pbp_transcripts/PbP13 - The Town Square Incident.md,59,67,loc_crafthold|loc_elysia|pers_victor,Crafthold|Elysia|Victor D Evernight,3,Crafthold|Elysia|Victor,canonical|alias
169480,_local/pbp_transcripts/PbP13 - The Town Square Incident.md,pbp_transcripts,_local/pbp_transcripts/PbP13 - The Town Square Incident.md,68,72,pers_victor,Victor D Evernight,1,Victor,alias
169481,_local/pbp_transcripts/PbP13 - The Town Square Incident.md,pbp_transcripts,_local/pbp_transcripts/PbP13 - The Town Square Incident.md,73,81,pers_victor,Victor D Evernight,1,Victor,alias
169483,_local/pbp_transcripts/PbP13 - The Town Square Incident.md,pbp_transcripts,_local/pbp_transcripts/PbP13 - The Town Square Incident.md,87,95,pers_alivyre|pers_victor|org_hands,Alivyre Dawntracker|Victor D Evernight|Hands of Liamassa,3,Alivyre|Victor|Hands,alias
169485,_local/pbp_transcripts/PbP13 - The Town Square Incident.md,pbp_transcripts,_local/pbp_transcripts/PbP13 - The Town Square Incident.md,101,105,pers_ronric|pers_vyssa,Ronric|Vyssa,2,Ronric|Vyssa,canonical
169487,_local/pbp_transcripts/PbP13 - The Town Square Incident.md,pbp_transcripts,_local/pbp_transcripts/PbP13 - The Town Square Incident.md,111,115,creat_little_bear|pers_faeryne|pers_victor|pers_henry,Little Bear|Faeryne|Victor D Evernight|Henry Sleepsong,4,Little Bear|Faeryne|Victor|Henry,canonical|alias
169488,_local/pbp_transcripts/PbP13 - The Town Square Incident.md,pbp_transcripts,_local/pbp_transcripts/PbP13 - The Town Square Incident.md,116,120,pers_henry,Henry Sleepsong,1,Henry,alias
169489,_local/pbp_transcripts/PbP13 - The Town Square Incident.md,pbp_transcripts,_local/pbp_transcripts/PbP13 - The Town Square Incident.md,121,129,pers_faeryne|pers_henry,Faeryne|Henry Sleepsong,2,Faeryne|Henry,canonical|alias
169491,_local/pbp_transcripts/PbP13 - The Town Square Incident.md,pbp_transcripts,_local/pbp_transcripts/PbP13 - The Town Square Incident.md,135,140,pers_faeryne,Faeryne,1,Faeryne,canonical
169493,_local/pbp_transcripts/PbP13 - The Town Square Incident.md,pbp_transcripts,_local/pbp_transcripts/PbP13 - The Town Square Incident.md,146,150,pers_alivyre|pers_henry|pers_joram,Alivyre Dawntracker|Henry Sleepsong|Joram MacRorie,3,Alivyre|Henry|Joram,alias
169494,_local/pbp_transcripts/PbP13 - The Town Square Incident.md,pbp_transcripts,_local/pbp_transcripts/PbP13 - The Town Square Incident.md,151,155,pers_ronric|pers_victor|pers_vyssa,Ronric|Victor D Evernight|Vyssa,3,Ronric|Victor|Vyssa,canonical|alias
169495,_local/pbp_transcripts/PbP13 - The Town Square Incident.md,pbp_transcripts,_local/pbp_transcripts/PbP13 - The Town Square Incident.md,156,160,pers_ronric|pers_victor|pers_vyssa|pers_gina,Ronric|Victor D Evernight|Vyssa|Gina,4,Ronric|Victor|Vyssa|Gina,canonical|alias
169496,_local/pbp_transcripts/PbP13 - The Town Square Incident.md,pbp_transcripts,_local/pbp_transcripts/PbP13 - The Town Square Incident.md,161,165,pers_ronric|pers_victor|org_hands|pers_joram|pers_vyssa|pers_gina,Ronric|Victor D Evernight|Hands of Liamassa|Joram MacRorie|Vyssa|Gina,6,Ronric|Victor|Hands|Joram|Vyssa|Gina|Hand,canonical|alias
169497,_local/pbp_transcripts/PbP13 - The Town Square Incident.md,pbp_transcripts,_local/pbp_transcripts/PbP13 - The Town Square Incident.md,166,170,play_bysickle|play_kalina,Bysickle|Kalina,2,Bysickle|Kalina,canonical
169498,_local/pbp_transcripts/PbP13 - The Town Square Incident.md,pbp_transcripts,_local/pbp_transcripts/PbP13 - The Town Square Incident.md,171,175,pers_alivyre|pers_faeryne|pers_victor,Alivyre Dawntracker|Faeryne|Victor D Evernight,3,Alivyre|Faeryne|Victor,alias|canonical
169499,_local/pbp_transcripts/PbP13 - The Town Square Incident.md,pbp_transcripts,_local/pbp_transcripts/PbP13 - The Town Square Incident.md,176,181,play_bysickle|pers_faeryne,Bysickle|Faeryne,2,Bysickle|Faeryne,canonical
169501,_local/pbp_transcripts/PbP13 - The Town Square Incident.md,pbp_transcripts,_local/pbp_transcripts/PbP13 - The Town Square Incident.md,189,193,pers_urgulk|pers_henry,Urgulk|Henry Sleepsong,2,Urgulk|Henry,canonical|alias
169502,_local/pbp_transcripts/PbP13 - The Town Square Incident.md,pbp_transcripts,_local/pbp_transcripts/PbP13 - The Town Square Incident.md,194,202,pers_faeryne|pers_henry,Faeryne|Henry Sleepsong,2,Faeryne|Henry,canonical|alias
169505,_local/pbp_transcripts/PbP13 - The Town Square Incident.md,pbp_transcripts,_local/pbp_transcripts/PbP13 - The Town Square Incident.md,215,231,org_hands|pers_alivyre|pers_faeryne|pers_ricardo|pers_ronric|pers_victor|pers_henry|pers_joram|pers_piers|pers_vyssa,Hands of Liamassa|Alivyre Dawntracker|Faeryne|Ricardo Alcocer|Ronric|Victor D Evernight|Henry Sleepsong|Joram MacRorie|Piers Ashton|Vyssa,10,Hands of Liamassa|Alivyre|Faeryne|Ricardo|Ronric|Victor|Henry|Joram|Piers|Vyssa|Hand,canonical|alias
169506,_local/pbp_transcripts/PbP13 - The Town Square Incident.md,pbp_transcripts,_local/pbp_transcripts/PbP13 - The Town Square Incident.md,232,236,pers_victor|pers_henry,Victor D Evernight|Henry Sleepsong,2,Victor|Henry,alias
169507,_local/pbp_transcripts/PbP13 - The Town Square Incident.md,pbp_transcripts,_local/pbp_transcripts/PbP13 - The Town Square Incident.md,237,242,pers_evaine|pers_ronric|pers_victor|org_hands|pers_joram|pers_vyssa|pers_gina|pers_todd,Evaine MacRorie Thuryn|Ronric|Victor D Evernight|Hands of Liamassa|Joram MacRorie|Vyssa|Gina|Todd,8,Evaine|Ronric|Victor|Hands|Joram|Vyssa|Gina|Todd,alias|canonical
169508,_local/pbp_transcripts/PbP13 - The Town Square Incident.md,pbp_transcripts,_local/pbp_transcripts/PbP13 - The Town Square Incident.md,243,247,pers_ronric|pers_henry,Ronric|Henry Sleepsong,2,Ronric|Henry,canonical|alias
169509,_local/pbp_transcripts/PbP13 - The Town Square Incident.md,pbp_transcripts,_local/pbp_transcripts/PbP13 - The Town Square Incident.md,248,252,loc_crafthold|pers_alivyre|pers_faeryne|org_hands|pers_moon,Crafthold|Alivyre Dawntracker|Faeryne|Hands of Liamassa|Moon,5,Crafthold|Alivyre|Faeryne|Hand|Moon,canonical|alias
168647,_local/pbp_transcripts/PbP14 - Recon.md,pbp_transcripts,_local/pbp_transcripts/PbP14 - Recon.md,3,8,play_bysickle|pers_ronric|pers_victor|pers_henry|pers_light|pers_gina,Bysickle|Ronric|Victor D Evernight|Henry Sleepsong|Light of Ironfang|Gina,6,Bysickle|Ronric|Victor|Henry|Light|Gina,canonical|alias
168648,_local/pbp_transcripts/PbP14 - Recon.md,pbp_transcripts,_local/pbp_transcripts/PbP14 - Recon.md,9,16,play_crowe|play_kalina|creat_little_bear|org_academy_elysia|pers_alivyre|pers_faeryne|pers_luminia|pers_ricardo|pers_evaine|pers_victor|pers_joram|pers_piers|pers_terry|pers_rhys,Crowe|Kalina|Little Bear|Elysian Academy|Alivyre Dawntracker|Faeryne|Luminia|Ricardo Alcocer|Evaine MacRorie Thuryn|Victor D Evernight|Joram MacRorie|Piers Ashton|Terry|Rhys Thuryn,14,CroweTheDualityKing|Kalina Hitana|Little Bear|Academy|Alivyre|Faeryne|Luminia|Ricardo|Evaine|Victor|Joram|Piers|Terry|Rhys,alias|canonical
168650,_local/pbp_transcripts/PbP14 - Recon.md,pbp_transcripts,_local/pbp_transcripts/PbP14 - Recon.md,22,26,pers_victor,Victor D Evernight,1,Victor,alias
168651,_local/pbp_transcripts/PbP14 - Recon.md,pbp_transcripts,_local/pbp_transcripts/PbP14 - Recon.md,27,33,factn_tolanites|pers_alivyre|pers_faeryne|pers_victor|pers_terry,Tolanites|Alivyre Dawntracker|Faeryne|Victor D Evernight|Terry,5,Tolanites|Alivyre|Faeryne|Victor|Terry,canonical|alias
168652,_local/pbp_transcripts/PbP14 - Recon.md,pbp_transcripts,_local/pbp_transcripts/PbP14 - Recon.md,34,38,loc_elysia|pers_evaine|pers_victor,Elysia|Evaine MacRorie Thuryn|Victor D Evernight,3,Elysia|Evaine|Victor,canonical|alias
168653,_local/pbp_transcripts/PbP14 - Recon.md,pbp_transcripts,_local/pbp_transcripts/PbP14 - Recon.md,39,45,pers_alivyre|pers_ricardo|pers_evaine|pers_victor|pers_joram|pers_rhys,Alivyre Dawntracker|Ricardo Alcocer|Evaine MacRorie Thuryn|Victor D Evernight|Joram MacRorie|Rhys Thuryn,6,Alivyre|Ricardo|Evaine|Victor|Joram|Rhys,alias
168654,_local/pbp_transcripts/PbP14 - Recon.md,pbp_transcripts,_local/pbp_transcripts/PbP14 - Recon.md,46,54,factn_tolanites|org_academy_elysia|loc_elysia|pers_victor|pers_aren|creat_mine|pers_rhys,Tolanites|Elysian Academy|Elysia|Victor D Evernight|Aren|Mine|Rhys Thuryn,7,Tolanite|Academy|Elysia|Victor|Aren|Mine|Rhys,alias|canonical
168655,_local/pbp_transcripts/PbP14 - Recon.md,pbp_transcripts,_local/pbp_transcripts/PbP14 - Recon.md,55,63,play_bysickle|pers_alivyre|pers_ronric|pers_victor|org_hands|pers_gina,Bysickle|Alivyre Dawntracker|Ronric|Victor D Evernight|Hands of Liamassa|Gina,6,Bysickle|Alivyre|Ronric|Victor|Hands|Gina,canonical|alias
168656,_local/pbp_transcripts/PbP14 - Recon.md,pbp_transcripts,_local/pbp_transcripts/PbP14 - Recon.md,64,74,play_crowe|play_kalina|pers_alivyre|pers_faeryne|pers_luminia|pers_ricardo|pers_evaine|pers_victor|pers_joram|pers_light|pers_piers|pers_terry|org_hands|pers_rhys,Crowe|Kalina|Alivyre Dawntracker|Faeryne|Luminia|Ricardo Alcocer|Evaine MacRorie Thuryn|Victor D Evernight|Joram MacRorie|Light of Ironfang|Piers Ashton|Terry|Hands of Liamassa|Rhys Thuryn,14,CroweTheDualityKing|Kalina Hitana|Alivyre|Faeryne|Luminia|Ricardo|Evaine|Victor|Joram|Light|Piers|Terry|Hand|Rhys,alias|canonical
168657,_local/pbp_transcripts/PbP14 - Recon.md,pbp_transcripts,_local/pbp_transcripts/PbP14 - Recon.md,75,79,org_hands|pers_victor|pers_piers,Hands of Liamassa|Victor D Evernight|Piers Ashton,3,Hands of Liamassa|Victor|Piers,canonical|alias
168658,_local/pbp_transcripts/PbP14 - Recon.md,pbp_transcripts,_local/pbp_transcripts/PbP14 - Recon.md,80,84,pers_emily|pers_piers,Emily Ashton|Piers Ashton,2,Emily|Piers,alias
168659,_local/pbp_transcripts/PbP14 - Recon.md,pbp_transcripts,_local/pbp_transcripts/PbP14 - Recon.md,85,89,pers_piers|pers_gina,Piers Ashton|Gina,2,Piers|Gina,alias|canonical
168660,_local/pbp_transcripts/PbP14 - Recon.md,pbp_transcripts,_local/pbp_transcripts/PbP14 - Recon.md,90,94,pers_victor|pers_piers,Victor D Evernight|Piers Ashton,2,Victor|Piers,alias
168661,_local/pbp_transcripts/PbP14 - Recon.md,pbp_transcripts,_local/pbp_transcripts/PbP14 - Recon.md,95,99,pers_piers,Piers Ashton,1,Piers,alias
168662,_local/pbp_transcripts/PbP14 - Recon.md,pbp_transcripts,_local/pbp_transcripts/PbP14 - Recon.md,100,104,pers_piers,Piers Ashton,1,Piers,alias
168664,_local/pbp_transcripts/PbP14 - Recon.md,pbp_transcripts,_local/pbp_transcripts/PbP14 - Recon.md,110,119,pers_victor|pers_piers|pers_gina,Victor D Evernight|Piers Ashton|Gina,3,Victor|Piers|Gina,alias|canonical
168665,_local/pbp_transcripts/PbP14 - Recon.md,pbp_transcripts,_local/pbp_transcripts/PbP14 - Recon.md,120,128,pers_victor,Victor D Evernight,1,Victor,alias
168667,_local/pbp_transcripts/PbP14 - Recon.md,pbp_transcripts,_local/pbp_transcripts/PbP14 - Recon.md,134,138,org_hands,Hands of Liamassa,1,Hand,alias
168669,_local/pbp_transcripts/PbP14 - Recon.md,pbp_transcripts,_local/pbp_transcripts/PbP14 - Recon.md,144,148,pers_victor,Victor D Evernight,1,Victor,alias
168670,_local/pbp_transcripts/PbP14 - Recon.md,pbp_transcripts,_local/pbp_transcripts/PbP14 - Recon.md,149,153,pers_victor|pers_gina,Victor D Evernight|Gina,2,Victor|Gina,alias|canonical
168671,_local/pbp_transcripts/PbP14 - Recon.md,pbp_transcripts,_local/pbp_transcripts/PbP14 - Recon.md,154,158,loc_crafthold|loc_elysia|pers_aren|pers_gina,Crafthold|Elysia|Aren|Gina,4,Crafthold|Elysia|Aren|Gina,canonical
168672,_local/pbp_transcripts/PbP14 - Recon.md,pbp_transcripts,_local/pbp_transcripts/PbP14 - Recon.md,159,163,pers_gina,Gina,1,Gina,canonical
168673,_local/pbp_transcripts/PbP14 - Recon.md,pbp_transcripts,_local/pbp_transcripts/PbP14 - Recon.md,164,168,factn_tolanites|org_academy_elysia|pers_ronric|pers_vyssa|pers_gina,Tolanites|Elysian Academy|Ronric|Vyssa|Gina,5,Tolanites|Academy|Ronric|Vyssa|Gina,canonical|alias
168674,_local/pbp_transcripts/PbP14 - Recon.md,pbp_transcripts,_local/pbp_transcripts/PbP14 - Recon.md,169,174,loc_elysia|pers_victor|pers_gina,Elysia|Victor D Evernight|Gina,3,Elysia|Victor|Gina,canonical|alias
168676,_local/pbp_transcripts/PbP14 - Recon.md,pbp_transcripts,_local/pbp_transcripts/PbP14 - Recon.md,180,188,loc_elysia|pers_victor|pers_gina,Elysia|Victor D Evernight|Gina,3,Elysia|Victor|Gina,canonical|alias
168677,_local/pbp_transcripts/PbP14 - Recon.md,pbp_transcripts,_local/pbp_transcripts/PbP14 - Recon.md,189,205,loc_crafthold|pers_henry|factn_tolanites|pers_victor,Crafthold|Henry Sleepsong|Tolanites|Victor D Evernight,4,Crafthold|Shadowboy|Tolanites|Victor|Henry,canonical|alias
168678,_local/pbp_transcripts/PbP14 - Recon.md,pbp_transcripts,_local/pbp_transcripts/PbP14 - Recon.md,206,212,pers_victor|pers_gina,Victor D Evernight|Gina,2,Victor|Gina,alias|canonical
168679,_local/pbp_transcripts/PbP14 - Recon.md,pbp_transcripts,_local/pbp_transcripts/PbP14 - Recon.md,213,221,loc_elysia|pers_aren,Elysia|Aren,2,Elysia|Aren,canonical
168680,_local/pbp_transcripts/PbP14 - Recon.md,pbp_transcripts,_local/pbp_transcripts/PbP14 - Recon.md,222,226,loc_elysia|pers_victor|pers_gina,Elysia|Victor D Evernight|Gina,3,Elysia|Victor|Gina,canonical|alias
168681,_local/pbp_transcripts/PbP14 - Recon.md,pbp_transcripts,_local/pbp_transcripts/PbP14 - Recon.md,227,231,factn_tolanites|pers_rhys,Tolanites|Rhys Thuryn,2,Tolanites|Rhys,canonical|alias
168682,_local/pbp_transcripts/PbP14 - Recon.md,pbp_transcripts,_local/pbp_transcripts/PbP14 - Recon.md,232,240,org_halverin|pers_victor|pers_gina|org_hands|pers_moon|pers_rhys,Halverin's Guard|Victor D Evernight|Gina|Hands of Liamassa|Moon|Rhys Thuryn,6,Halverin|Victor|Gina|Hand|Moon|Rhys,alias|canonical
168683,_local/pbp_transcripts/PbP14 - Recon.md,pbp_transcripts,_local/pbp_transcripts/PbP14 - Recon.md,241,245,factn_tolanites|org_remedy|pers_gina|creat_mine,Tolanites|Airmid's Remedy|Gina|Mine,4,Tolanites|Remedy|Gina|Mine,canonical|alias
168684,_local/pbp_transcripts/PbP14 - Recon.md,pbp_transcripts,_local/pbp_transcripts/PbP14 - Recon.md,246,250,pers_gina,Gina,1,Gina,canonical
168685,_local/pbp_transcripts/PbP14 - Recon.md,pbp_transcripts,_local/pbp_transcripts/PbP14 - Recon.md,251,263,pers_evaine|factn_tolanites|pers_victor,Evaine MacRorie Thuryn|Tolanites|Victor D Evernight,3,Evaine MacRorie Thuryn|Tolanite|Victor,canonical|alias
168686,_local/pbp_transcripts/PbP14 - Recon.md,pbp_transcripts,_local/pbp_transcripts/PbP14 - Recon.md,264,272,org_temple_airmid|factn_tolanites|org_academy_elysia|pers_ricardo|org_remedy|pers_victor|pers_gina|creat_mine,Temple of Airmid|Tolanites|Elysian Academy|Ricardo Alcocer|Airmid's Remedy|Victor D Evernight|Gina|Mine,8,Temple of Airmid|Tolanites|Academy|Ricardo|Remedy|Victor|Gina|Mine,canonical|alias
168687,_local/pbp_transcripts/PbP14 - Recon.md,pbp_transcripts,_local/pbp_transcripts/PbP14 - Recon.md,273,277,org_thieves|org_remedy|pers_victor,Thieves Guild|Airmid's Remedy|Victor D Evernight,3,Thieves Guild|Remedy|Victor,canonical|alias
168688,_local/pbp_transcripts/PbP14 - Recon.md,pbp_transcripts,_local/pbp_transcripts/PbP14 - Recon.md,278,282,pers_gina,Gina,1,Gina,canonical
168689,_local/pbp_transcripts/PbP14 - Recon.md,pbp_transcripts,_local/pbp_transcripts/PbP14 - Recon.md,283,291,loc_crafthold|loc_elysia|pers_piers|pers_gina,Crafthold|Elysia|Piers Ashton|Gina,4,Crafthold|Elysia|Piers|Gina,canonical|alias
168690,_local/pbp_transcripts/PbP14 - Recon.md,pbp_transcripts,_local/pbp_transcripts/PbP14 - Recon.md,292,296,pers_victor|pers_piers,Victor D Evernight|Piers Ashton,2,Victor|Piers,alias
168691,_local/pbp_transcripts/PbP14 - Recon.md,pbp_transcripts,_local/pbp_transcripts/PbP14 - Recon.md,297,301,loc_elysia,Elysia,1,Elysia,canonical
168693,_local/pbp_transcripts/PbP14 - Recon.md,pbp_transcripts,_local/pbp_transcripts/PbP14 - Recon.md,307,311,pers_victor|pers_piers,Victor D Evernight|Piers Ashton,2,Victor|Piers,alias
168694,_local/pbp_transcripts/PbP14 - Recon.md,pbp_transcripts,_local/pbp_transcripts/PbP14 - Recon.md,312,316,factn_tolanites|org_academy_elysia|org_remedy|pers_victor|pers_emily|org_hands|pers_piers,Tolanites|Elysian Academy|Airmid's Remedy|Victor D Evernight|Emily Ashton|Hands of Liamassa|Piers Ashton,7,Tolanites|Academy|Remedy|Victor|Emily|Hands|Piers,canonical|alias
168695,_local/pbp_transcripts/PbP14 - Recon.md,pbp_transcripts,_local/pbp_transcripts/PbP14 - Recon.md,317,321,pers_victor|org_hands,Victor D Evernight|Hands of Liamassa,2,Victor|Hand,alias
168696,_local/pbp_transcripts/PbP14 - Recon.md,pbp_transcripts,_local/pbp_transcripts/PbP14 - Recon.md,322,326,loc_elulind|pers_victor|pers_piers|loc_tolan,Kingdom of Elulind|Victor D Evernight|Piers Ashton|Kingdom of Tolàn,4,Elulind|Victor|Piers|Tolan,alias
168697,_local/pbp_transcripts/PbP14 - Recon.md,pbp_transcripts,_local/pbp_transcripts/PbP14 - Recon.md,327,331,loc_crafthold|factn_tolanites|org_academy_elysia,Crafthold|Tolanites|Elysian Academy,3,Crafthold|Tolanites|Academy,canonical|alias
168698,_local/pbp_transcripts/PbP14 - Recon.md,pbp_transcripts,_local/pbp_transcripts/PbP14 - Recon.md,332,336,loc_crafthold|loc_elulind|loc_elysia|pers_victor|pers_piers|loc_tolan,Crafthold|Kingdom of Elulind|Elysia|Victor D Evernight|Piers Ashton|Kingdom of Tolàn,6,Crafthold|Elulind|Elysia|Victor|Piers|Tolan,canonical|alias
168699,_local/pbp_transcripts/PbP14 - Recon.md,pbp_transcripts,_local/pbp_transcripts/PbP14 - Recon.md,337,341,loc_crafthold|factn_tolanites|loc_thurway|loc_elysia|pers_light|pers_piers,Crafthold|Tolanites|Thurway|Elysia|Light of Ironfang|Piers Ashton,6,Crafthold|Tolanites|Thurway|Elysia|Light|Piers,canonical|alias
168700,_local/pbp_transcripts/PbP14 - Recon.md,pbp_transcripts,_local/pbp_transcripts/PbP14 - Recon.md,342,351,pers_victor|pers_emily|pers_piers|creat_mine,Victor D Evernight|Emily Ashton|Piers Ashton|Mine,4,Victor|Emily|Piers|Mine,alias|canonical
168701,_local/pbp_transcripts/PbP14 - Recon.md,pbp_transcripts,_local/pbp_transcripts/PbP14 - Recon.md,352,356,pers_victor,Victor D Evernight,1,Victor,alias
168703,_local/pbp_transcripts/PbP14 - Recon.md,pbp_transcripts,_local/pbp_transcripts/PbP14 - Recon.md,362,366,pers_luminia|pers_victor|pers_terry,Luminia|Victor D Evernight|Terry,3,Luminia|Victor|Terry,canonical|alias
168704,_local/pbp_transcripts/PbP14 - Recon.md,pbp_transcripts,_local/pbp_transcripts/PbP14 - Recon.md,367,372,play_kalina|play_bysickle|pers_alivyre|pers_faeryne|pers_ricardo|loc_dhassa|pers_victor|org_hands|pers_henry|pers_joram|pers_piers|pers_rhys,Kalina|Bysickle|Alivyre Dawntracker|Faeryne|Ricardo Alcocer|Dhassa|Victor D Evernight|Hands of Liamassa|Henry Sleepsong|Joram MacRorie|Piers Ashton|Rhys Thuryn,12,Kalina Hitana|Bysickle|Alivyre|Faeryne|Ricardo|Dhassa|Victor|Hands|Henry|Joram|Piers|Rhys,alias|canonical
168705,_local/pbp_transcripts/PbP14 - Recon.md,pbp_transcripts,_local/pbp_transcripts/PbP14 - Recon.md,373,377,pers_victor|pers_henry,Victor D Evernight|Henry Sleepsong,2,Victor|Henry,alias
168706,_local/pbp_transcripts/PbP14 - Recon.md,pbp_transcripts,_local/pbp_transcripts/PbP14 - Recon.md,378,382,pers_victor|pers_henry,Victor D Evernight|Henry Sleepsong,2,Victor|Henry,alias
168707,_local/pbp_transcripts/PbP14 - Recon.md,pbp_transcripts,_local/pbp_transcripts/PbP14 - Recon.md,383,387,pers_victor,Victor D Evernight,1,Victor,alias
168708,_local/pbp_transcripts/PbP14 - Recon.md,pbp_transcripts,_local/pbp_transcripts/PbP14 - Recon.md,388,393,pers_henry,Henry Sleepsong,1,Henry,alias
168709,_local/pbp_transcripts/PbP14 - Recon.md,pbp_transcripts,_local/pbp_transcripts/PbP14 - Recon.md,394,398,pers_victor|org_hands|pers_henry,Victor D Evernight|Hands of Liamassa|Henry Sleepsong,3,Victor|Hands|Henry,alias
168710,_local/pbp_transcripts/PbP14 - Recon.md,pbp_transcripts,_local/pbp_transcripts/PbP14 - Recon.md,399,403,pers_henry|pers_ronric|pers_victor|org_hands,Henry Sleepsong|Ronric|Victor D Evernight|Hands of Liamassa,4,Shadowboy|Ronric|Victor|Henry|Hand,alias|canonical
168711,_local/pbp_transcripts/PbP14 - Recon.md,pbp_transcripts,_local/pbp_transcripts/PbP14 - Recon.md,404,408,pers_henry|pers_gina,Henry Sleepsong|Gina,2,Henry|Gina,alias|canonical
168712,_local/pbp_transcripts/PbP14 - Recon.md,pbp_transcripts,_local/pbp_transcripts/PbP14 - Recon.md,409,413,pers_ronric|pers_victor|pers_vyssa|pers_gina|pers_todd,Ronric|Victor D Evernight|Vyssa|Gina|Todd,5,Ronric|Victor|Vyssa|Gina|Todd,canonical|alias
168713,_local/pbp_transcripts/PbP14 - Recon.md,pbp_transcripts,_local/pbp_transcripts/PbP14 - Recon.md,414,418,pers_alivyre|pers_ronric|pers_victor,Alivyre Dawntracker|Ronric|Victor D Evernight,3,Alivyre|Ronric|Victor,alias|canonical
168714,_local/pbp_transcripts/PbP14 - Recon.md,pbp_transcripts,_local/pbp_transcripts/PbP14 - Recon.md,419,423,pers_ronric|org_hands|pers_henry,Ronric|Hands of Liamassa|Henry Sleepsong,3,Ronric|Hands|Henry,canonical|alias
168716,_local/pbp_transcripts/PbP14 - Recon.md,pbp_transcripts,_local/pbp_transcripts/PbP14 - Recon.md,429,433,pers_liavarah|loc_elysia|pers_ronric|pers_victor|org_hands|pers_vyssa|pers_aren|pers_gina|pers_todd,Liavarah|Elysia|Ronric|Victor D Evernight|Hands of Liamassa|Vyssa|Aren|Gina|Todd,9,Liavarah|Elysia|Ronric|Victor|Hands|Vyssa|Aren|Gina|Todd,canonical|alias
168717,_local/pbp_transcripts/PbP14 - Recon.md,pbp_transcripts,_local/pbp_transcripts/PbP14 - Recon.md,434,438,pers_henry,Henry Sleepsong,1,Henry,alias
168719,_local/pbp_transcripts/PbP14 - Recon.md,pbp_transcripts,_local/pbp_transcripts/PbP14 - Recon.md,444,448,org_ravencrest|factn_tolanites|pers_shworn|pers_kavar,Ravencrest Merchant Family|Tolanites|Shworn Sleepsong|Kavar Protis,4,Ravencrest|Tolanites|Tolanite|Shworn|Kavar,alias|canonical
168720,_local/pbp_transcripts/PbP14 - Recon.md,pbp_transcripts,_local/pbp_transcripts/PbP14 - Recon.md,449,457,pers_victor|pers_henry|pers_terry,Victor D Evernight|Henry Sleepsong|Terry,3,Victor|Henry|Terry,alias|canonical
168723,_local/pbp_transcripts/PbP14 - Recon.md,pbp_transcripts,_local/pbp_transcripts/PbP14 - Recon.md,468,472,pers_henry,Henry Sleepsong,1,Henry,alias
168724,_local/pbp_transcripts/PbP14 - Recon.md,pbp_transcripts,_local/pbp_transcripts/PbP14 - Recon.md,473,477,pers_faeryne,Faeryne,1,Faeryne,canonical
168725,_local/pbp_transcripts/PbP14 - Recon.md,pbp_transcripts,_local/pbp_transcripts/PbP14 - Recon.md,478,482,pers_faeryne|pers_luminia|pers_victor,Faeryne|Luminia|Victor D Evernight,3,Faeryne|Luminia|Victor,canonical|alias
168726,_local/pbp_transcripts/PbP14 - Recon.md,pbp_transcripts,_local/pbp_transcripts/PbP14 - Recon.md,483,487,pers_terry,Terry,1,Terry,canonical
168727,_local/pbp_transcripts/PbP14 - Recon.md,pbp_transcripts,_local/pbp_transcripts/PbP14 - Recon.md,488,492,pers_luminia|pers_terry,Luminia|Terry,2,Luminia|Terry,canonical
168728,_local/pbp_transcripts/PbP14 - Recon.md,pbp_transcripts,_local/pbp_transcripts/PbP14 - Recon.md,493,504,loc_crafthold|pers_alivyre|pers_faeryne|pers_luminia|pers_ricardo|loc_elysia|pers_victor|org_hands|pers_joram|pers_terry|pers_rhys,Crafthold|Alivyre Dawntracker|Faeryne|Luminia|Ricardo Alcocer|Elysia|Victor D Evernight|Hands of Liamassa|Joram MacRorie|Terry|Rhys Thuryn,11,Crafthold|Alivyre|Faeryne|Luminia|Ricardo|Elysia|Victor|Hands|Joram|Terry|Rhys,canonical|alias
168729,_local/pbp_transcripts/PbP14 - Recon.md,pbp_transcripts,_local/pbp_transcripts/PbP14 - Recon.md,505,510,play_crowe|play_kalina|play_bysickle|pers_alivyre|pers_faeryne|pers_urgulk|pers_victor|pers_henry,Crowe|Kalina|Bysickle|Alivyre Dawntracker|Faeryne|Urgulk|Victor D Evernight|Henry Sleepsong,8,CroweTheDualityKing|Kalina Hitana|Bysickle|Alivyre|Faeryne|Urgulk|Victor|Henry,alias|canonical
168730,_local/pbp_transcripts/PbP14 - Recon.md,pbp_transcripts,_local/pbp_transcripts/PbP14 - Recon.md,511,515,play_kalina,Kalina,1,Kalina,canonical
168731,_local/pbp_transcripts/PbP14 - Recon.md,pbp_transcripts,_local/pbp_transcripts/PbP14 - Recon.md,516,520,pers_alivyre|pers_victor|pers_henry,Alivyre Dawntracker|Victor D Evernight|Henry Sleepsong,3,Alivyre|Victor|Henry,alias
168732,_local/pbp_transcripts/PbP14 - Recon.md,pbp_transcripts,_local/pbp_transcripts/PbP14 - Recon.md,521,525,pers_victor,Victor D Evernight,1,Victor,alias
168733,_local/pbp_transcripts/PbP14 - Recon.md,pbp_transcripts,_local/pbp_transcripts/PbP14 - Recon.md,526,534,pers_aren,Aren,1,Aren,canonical
168734,_local/pbp_transcripts/PbP14 - Recon.md,pbp_transcripts,_local/pbp_transcripts/PbP14 - Recon.md,535,540,pers_alivyre|pers_urgulk|pers_victor|pers_henry,Alivyre Dawntracker|Urgulk|Victor D Evernight|Henry Sleepsong,4,Alivyre|Urgulk|Victor|Henry,alias|canonical
168735,_local/pbp_transcripts/PbP14 - Recon.md,pbp_transcripts,_local/pbp_transcripts/PbP14 - Recon.md,541,545,pers_alivyre|pers_faeryne|pers_henry,Alivyre Dawntracker|Faeryne|Henry Sleepsong,3,Alivyre|Faeryne|Henry,alias|canonical
168736,_local/pbp_transcripts/PbP14 - Recon.md,pbp_transcripts,_local/pbp_transcripts/PbP14 - Recon.md,546,551,pers_alivyre,Alivyre Dawntracker,1,Alivyre,alias
168737,_local/pbp_transcripts/PbP14 - Recon.md,pbp_transcripts,_local/pbp_transcripts/PbP14 - Recon.md,552,556,pers_faeryne|pers_luminia|pers_terry,Faeryne|Luminia|Terry,3,Faeryne|Luminia|Terry,canonical
168738,_local/pbp_transcripts/PbP14 - Recon.md,pbp_transcripts,_local/pbp_transcripts/PbP14 - Recon.md,557,561,play_kalina|loc_crafthold|factn_tolanites|pers_faeryne|pers_luminia|org_remedy|pers_terry,Kalina|Crafthold|Tolanites|Faeryne|Luminia|Airmid's Remedy|Terry,7,Kalina Hitana|Crafthold|Tolanite|Faeryne|Luminia|Remedy|Terry,alias|canonical
168739,_local/pbp_transcripts/PbP14 - Recon.md,pbp_transcripts,_local/pbp_transcripts/PbP14 - Recon.md,562,566,pers_alivyre|pers_luminia|pers_terry,Alivyre Dawntracker|Luminia|Terry,3,Alivyre|Luminia|Terry,alias|canonical
168740,_local/pbp_transcripts/PbP14 - Recon.md,pbp_transcripts,_local/pbp_transcripts/PbP14 - Recon.md,567,572,factn_tolanites|pers_faeryne|pers_henry,Tolanites|Faeryne|Henry Sleepsong,3,Tolanite|Faeryne|Henry,alias|canonical
168741,_local/pbp_transcripts/PbP14 - Recon.md,pbp_transcripts,_local/pbp_transcripts/PbP14 - Recon.md,573,579,pers_terry,Terry,1,Terry,canonical
168742,_local/pbp_transcripts/PbP14 - Recon.md,pbp_transcripts,_local/pbp_transcripts/PbP14 - Recon.md,580,584,play_bysickle|pers_alivyre|loc_dhassa|pers_urgulk|pers_victor|pers_henry,Bysickle|Alivyre Dawntracker|Dhassa|Urgulk|Victor D Evernight|Henry Sleepsong,6,Bysickle|Alivyre|Dhassa|Urgulk|Victor|Henry,canonical|alias
168743,_local/pbp_transcripts/PbP14 - Recon.md,pbp_transcripts,_local/pbp_transcripts/PbP14 - Recon.md,585,590,pers_alivyre|pers_victor|pers_henry|org_hands,Alivyre Dawntracker|Victor D Evernight|Henry Sleepsong|Hands of Liamassa,4,Alivyre|Victor|Henry|Hand,alias
168744,_local/pbp_transcripts/PbP14 - Recon.md,pbp_transcripts,_local/pbp_transcripts/PbP14 - Recon.md,591,595,pers_alivyre|pers_faeryne|loc_dhassa|pers_henry|org_hands,Alivyre Dawntracker|Faeryne|Dhassa|Henry Sleepsong|Hands of Liamassa,5,Alivyre|Faeryne|Dhassa|Henry|Hand,alias|canonical
168745,_local/pbp_transcripts/PbP14 - Recon.md,pbp_transcripts,_local/pbp_transcripts/PbP14 - Recon.md,596,600,pers_henry|pers_faeryne|pers_luminia|pers_victor|pers_terry,Henry Sleepsong|Faeryne|Luminia|Victor D Evernight|Terry,5,Shadowboy|Faeryne|Luminia|Victor|Terry,alias|canonical
168746,_local/pbp_transcripts/PbP14 - Recon.md,pbp_transcripts,_local/pbp_transcripts/PbP14 - Recon.md,601,606,pers_luminia|pers_terry,Luminia|Terry,2,Luminia|Terry,canonical
168747,_local/pbp_transcripts/PbP14 - Recon.md,pbp_transcripts,_local/pbp_transcripts/PbP14 - Recon.md,607,611,pers_faeryne|pers_victor,Faeryne|Victor D Evernight,2,Faeryne|Victor,canonical|alias
168748,_local/pbp_transcripts/PbP14 - Recon.md,pbp_transcripts,_local/pbp_transcripts/PbP14 - Recon.md,612,616,pers_henry,Henry Sleepsong,1,Henry,alias
168749,_local/pbp_transcripts/PbP14 - Recon.md,pbp_transcripts,_local/pbp_transcripts/PbP14 - Recon.md,617,621,pers_victor,Victor D Evernight,1,Victor,alias
168750,_local/pbp_transcripts/PbP14 - Recon.md,pbp_transcripts,_local/pbp_transcripts/PbP14 - Recon.md,622,630,pers_alivyre|pers_jane,Alivyre Dawntracker|Jane,2,Alivyre|Jane,alias|canonical
168751,_local/pbp_transcripts/PbP14 - Recon.md,pbp_transcripts,_local/pbp_transcripts/PbP14 - Recon.md,631,637,play_crowe|pers_victor|pers_terry,Crowe|Victor D Evernight|Terry,3,CroweTheDualityKing|Victor|Terry,alias|canonical
168752,_local/pbp_transcripts/PbP14 - Recon.md,pbp_transcripts,_local/pbp_transcripts/PbP14 - Recon.md,638,645,pers_victor|pers_henry|org_hands,Victor D Evernight|Henry Sleepsong|Hands of Liamassa,3,Victor|Henry|Hand,alias
168754,_local/pbp_transcripts/PbP15 - Debrief and Safety.md,pbp_transcripts,_local/pbp_transcripts/PbP15 - Debrief and Safety.md,3,7,pers_alivyre|pers_ronric,Alivyre Dawntracker|Ronric,2,Alivyre|Ronric,alias|canonical
168755,_local/pbp_transcripts/PbP15 - Debrief and Safety.md,pbp_transcripts,_local/pbp_transcripts/PbP15 - Debrief and Safety.md,8,16,pers_alivyre|pers_luminia|pers_victor,Alivyre Dawntracker|Luminia|Victor D Evernight,3,Alivyre|Luminia|Victor,alias|canonical
168756,_local/pbp_transcripts/PbP15 - Debrief and Safety.md,pbp_transcripts,_local/pbp_transcripts/PbP15 - Debrief and Safety.md,17,21,pers_alivyre|pers_luminia|pers_victor|pers_aren|creat_mine,Alivyre Dawntracker|Luminia|Victor D Evernight|Aren|Mine,5,Alivyre|Luminia|Victor|Aren|Mine,alias|canonical
168757,_local/pbp_transcripts/PbP15 - Debrief and Safety.md,pbp_transcripts,_local/pbp_transcripts/PbP15 - Debrief and Safety.md,22,26,pers_victor,Victor D Evernight,1,Victor,alias
168758,_local/pbp_transcripts/PbP15 - Debrief and Safety.md,pbp_transcripts,_local/pbp_transcripts/PbP15 - Debrief and Safety.md,27,35,pers_faeryne|pers_victor|play_crowe|pers_terry,Faeryne|Victor D Evernight|Crowe|Terry,4,Faeryne|Victor|Crowe|Terry,canonical|alias
168759,_local/pbp_transcripts/PbP15 - Debrief and Safety.md,pbp_transcripts,_local/pbp_transcripts/PbP15 - Debrief and Safety.md,36,44,play_charis,Charis,1,Charis,canonical
168761,_local/pbp_transcripts/PbP15 - Debrief and Safety.md,pbp_transcripts,_local/pbp_transcripts/PbP15 - Debrief and Safety.md,50,54,play_crowe|play_kalina|play_bysickle,Crowe|Kalina|Bysickle,3,CroweTheDualityKing|Kalina Hitana|Bysickle,alias|canonical
168764,_local/pbp_transcripts/PbP15 - Debrief and Safety.md,pbp_transcripts,_local/pbp_transcripts/PbP15 - Debrief and Safety.md,65,73,pers_luminia|loc_elysia|pers_victor,Luminia|Elysia|Victor D Evernight,3,Luminia|Elysia|Victor,canonical|alias
168766,_local/pbp_transcripts/PbP15 - Debrief and Safety.md,pbp_transcripts,_local/pbp_transcripts/PbP15 - Debrief and Safety.md,79,83,pers_alivyre,Alivyre Dawntracker,1,Alivyre,alias
168767,_local/pbp_transcripts/PbP15 - Debrief and Safety.md,pbp_transcripts,_local/pbp_transcripts/PbP15 - Debrief and Safety.md,84,88,org_halverin|org_remedy|org_hands|pers_gina,Halverin's Guard|Airmid's Remedy|Hands of Liamassa|Gina,4,Halverin|Remedy|Hands|Gina,alias|canonical
168768,_local/pbp_transcripts/PbP15 - Debrief and Safety.md,pbp_transcripts,_local/pbp_transcripts/PbP15 - Debrief and Safety.md,89,93,pers_faeryne,Faeryne,1,Faeryne,canonical
168771,_local/pbp_transcripts/PbP15 - Debrief and Safety.md,pbp_transcripts,_local/pbp_transcripts/PbP15 - Debrief and Safety.md,104,110,play_charis,Charis,1,Charis,canonical
168772,_local/pbp_transcripts/PbP15 - Debrief and Safety.md,pbp_transcripts,_local/pbp_transcripts/PbP15 - Debrief and Safety.md,111,119,play_bysickle|play_crowe,Bysickle|Crowe,2,Bysickle|Crowe,canonical
168773,_local/pbp_transcripts/PbP15 - Debrief and Safety.md,pbp_transcripts,_local/pbp_transcripts/PbP15 - Debrief and Safety.md,120,126,play_kalina|pers_faeryne|pers_henry,Kalina|Faeryne|Henry Sleepsong,3,Kalina Hitana|Faeryne|Henry,alias|canonical
168775,_local/pbp_transcripts/PbP15 - Debrief and Safety.md,pbp_transcripts,_local/pbp_transcripts/PbP15 - Debrief and Safety.md,136,140,pers_victor,Victor D Evernight,1,Victor,alias
168776,_local/pbp_transcripts/PbP15 - Debrief and Safety.md,pbp_transcripts,_local/pbp_transcripts/PbP15 - Debrief and Safety.md,141,145,pers_faeryne|pers_victor|pers_terry,Faeryne|Victor D Evernight|Terry,3,Faeryne|Victor|Terry,canonical|alias
168777,_local/pbp_transcripts/PbP15 - Debrief and Safety.md,pbp_transcripts,_local/pbp_transcripts/PbP15 - Debrief and Safety.md,146,150,pers_victor,Victor D Evernight,1,Victor,alias
168778,_local/pbp_transcripts/PbP15 - Debrief and Safety.md,pbp_transcripts,_local/pbp_transcripts/PbP15 - Debrief and Safety.md,151,155,pers_faeryne|pers_luminia,Faeryne|Luminia,2,Faeryne|Luminia,canonical
168779,_local/pbp_transcripts/PbP15 - Debrief and Safety.md,pbp_transcripts,_local/pbp_transcripts/PbP15 - Debrief and Safety.md,156,176,pers_luminia,Luminia,1,Luminia,canonical
168781,_local/pbp_transcripts/PbP15 - Debrief and Safety.md,pbp_transcripts,_local/pbp_transcripts/PbP15 - Debrief and Safety.md,182,186,play_kalina|pers_luminia,Kalina|Luminia,2,Kalina Hitana|Luminia,alias|canonical
168782,_local/pbp_transcripts/PbP15 - Debrief and Safety.md,pbp_transcripts,_local/pbp_transcripts/PbP15 - Debrief and Safety.md,187,191,pers_luminia,Luminia,1,Luminia,canonical
168783,_local/pbp_transcripts/PbP15 - Debrief and Safety.md,pbp_transcripts,_local/pbp_transcripts/PbP15 - Debrief and Safety.md,192,200,pers_luminia|pers_victor,Luminia|Victor D Evernight,2,Luminia|Victor,canonical|alias
168784,_local/pbp_transcripts/PbP15 - Debrief and Safety.md,pbp_transcripts,_local/pbp_transcripts/PbP15 - Debrief and Safety.md,201,205,pers_faeryne|pers_victor|pers_terry,Faeryne|Victor D Evernight|Terry,3,Faeryne|Victor|Terry,canonical|alias
168785,_local/pbp_transcripts/PbP15 - Debrief and Safety.md,pbp_transcripts,_local/pbp_transcripts/PbP15 - Debrief and Safety.md,206,210,pers_victor,Victor D Evernight,1,Victor,alias
168787,_local/pbp_transcripts/PbP15 - Debrief and Safety.md,pbp_transcripts,_local/pbp_transcripts/PbP15 - Debrief and Safety.md,218,224,pers_alivyre,Alivyre Dawntracker,1,Alivyre,alias
168789,_local/pbp_transcripts/PbP15 - Debrief and Safety.md,pbp_transcripts,_local/pbp_transcripts/PbP15 - Debrief and Safety.md,231,235,org_hands|pers_mercy|pers_gina,Hands of Liamassa|Mercy Windriver|Gina,3,Hands|Mercy|Gina,alias|canonical
168790,_local/pbp_transcripts/PbP15 - Debrief and Safety.md,pbp_transcripts,_local/pbp_transcripts/PbP15 - Debrief and Safety.md,236,241,pers_alivyre|pers_faeryne|pers_victor|org_hands|pers_henry,Alivyre Dawntracker|Faeryne|Victor D Evernight|Hands of Liamassa|Henry Sleepsong,5,Alivyre|Faeryne|Victor|Hands|Henry,alias|canonical
168791,_local/pbp_transcripts/PbP15 - Debrief and Safety.md,pbp_transcripts,_local/pbp_transcripts/PbP15 - Debrief and Safety.md,242,246,pers_victor,Victor D Evernight,1,Victor,alias
168792,_local/pbp_transcripts/PbP15 - Debrief and Safety.md,pbp_transcripts,_local/pbp_transcripts/PbP15 - Debrief and Safety.md,247,255,org_hands|pers_luminia|pers_victor|pers_terry,Hands of Liamassa|Luminia|Victor D Evernight|Terry,4,Hands of Liamassa|Luminia|Victor|Hands|Terry|Hand,canonical|alias
168797,_local/pbp_transcripts/PbP15 - Debrief and Safety.md,pbp_transcripts,_local/pbp_transcripts/PbP15 - Debrief and Safety.md,276,284,pers_faeryne|pers_ronric|pers_victor|pers_henry|pers_gina,Faeryne|Ronric|Victor D Evernight|Henry Sleepsong|Gina,5,Faeryne|Ronric|Victor|Henry|Gina,canonical|alias
168798,_local/pbp_transcripts/PbP15 - Debrief and Safety.md,pbp_transcripts,_local/pbp_transcripts/PbP15 - Debrief and Safety.md,285,289,pers_victor|pers_henry,Victor D Evernight|Henry Sleepsong,2,Victor|Henry,alias
168800,_local/pbp_transcripts/PbP15 - Debrief and Safety.md,pbp_transcripts,_local/pbp_transcripts/PbP15 - Debrief and Safety.md,295,303,pers_victor|pers_henry,Victor D Evernight|Henry Sleepsong,2,Victor|Henry,alias
168801,_local/pbp_transcripts/PbP15 - Debrief and Safety.md,pbp_transcripts,_local/pbp_transcripts/PbP15 - Debrief and Safety.md,304,313,pers_victor,Victor D Evernight,1,Victor,alias
168803,_local/pbp_transcripts/PbP15 - Debrief and Safety.md,pbp_transcripts,_local/pbp_transcripts/PbP15 - Debrief and Safety.md,319,323,play_crowe|play_kalina|play_bysickle|pers_faeryne|pers_victor|pers_henry,Crowe|Kalina|Bysickle|Faeryne|Victor D Evernight|Henry Sleepsong,6,CroweTheDualityKing|Kalina Hitana|Bysickle|Faeryne|Victor|Henry,alias|canonical
168808,_local/pbp_transcripts/PbP15 - Debrief and Safety.md,pbp_transcripts,_local/pbp_transcripts/PbP15 - Debrief and Safety.md,344,349,pers_alivyre|pers_ronric|pers_victor|org_hands|pers_henry|pers_gina,Alivyre Dawntracker|Ronric|Victor D Evernight|Hands of Liamassa|Henry Sleepsong|Gina,6,Alivyre|Ronric|Victor|Hands|Henry|Gina,alias|canonical
168809,_local/pbp_transcripts/PbP15 - Debrief and Safety.md,pbp_transcripts,_local/pbp_transcripts/PbP15 - Debrief and Safety.md,350,358,org_thieves|play_bysickle|factn_tolanites|pers_alivyre|pers_ronric|pers_victor|org_hands|pers_henry|pers_gina,Thieves Guild|Bysickle|Tolanites|Alivyre Dawntracker|Ronric|Victor D Evernight|Hands of Liamassa|Henry Sleepsong|Gina,9,Thieves Guild|Bysickle|Tolanite|Alivyre|Ronric|Victor|Hands|Henry|Gina,canonical|alias
168810,_local/pbp_transcripts/PbP15 - Debrief and Safety.md,pbp_transcripts,_local/pbp_transcripts/PbP15 - Debrief and Safety.md,359,363,pers_henry|factn_tolanites|pers_ronric|pers_todd,Henry Sleepsong|Tolanites|Ronric|Todd,4,Shadowboy|Tolanites|Ronric|Todd,alias|canonical
168811,_local/pbp_transcripts/PbP15 - Debrief and Safety.md,pbp_transcripts,_local/pbp_transcripts/PbP15 - Debrief and Safety.md,364,368,factn_tolanites|pers_alivyre,Tolanites|Alivyre Dawntracker,2,Tolanites|Alivyre,canonical|alias
168812,_local/pbp_transcripts/PbP15 - Debrief and Safety.md,pbp_transcripts,_local/pbp_transcripts/PbP15 - Debrief and Safety.md,369,374,pers_alivyre|pers_faeryne|pers_luminia|pers_urgulk|pers_victor|pers_henry|pers_terry,Alivyre Dawntracker|Faeryne|Luminia|Urgulk|Victor D Evernight|Henry Sleepsong|Terry,7,Alivyre|Faeryne|Luminia|Urgulk|Victor|Henry|Terry,alias|canonical
168813,_local/pbp_transcripts/PbP15 - Debrief and Safety.md,pbp_transcripts,_local/pbp_transcripts/PbP15 - Debrief and Safety.md,375,379,factn_tolanites|loc_thurway|pers_aren,Tolanites|Thurway|Aren,3,Tolanites|Tolanite|Thurway|Aren,canonical|alias
168814,_local/pbp_transcripts/PbP15 - Debrief and Safety.md,pbp_transcripts,_local/pbp_transcripts/PbP15 - Debrief and Safety.md,380,384,pers_alivyre,Alivyre Dawntracker,1,Alivyre,alias
168815,_local/pbp_transcripts/PbP15 - Debrief and Safety.md,pbp_transcripts,_local/pbp_transcripts/PbP15 - Debrief and Safety.md,385,389,pers_henry,Henry Sleepsong,1,Henry,alias
168816,_local/pbp_transcripts/PbP15 - Debrief and Safety.md,pbp_transcripts,_local/pbp_transcripts/PbP15 - Debrief and Safety.md,390,397,play_crowe|play_kalina|org_thieves|play_bysickle|pers_faeryne|pers_victor|pers_henry,Crowe|Kalina|Thieves Guild|Bysickle|Faeryne|Victor D Evernight|Henry Sleepsong,7,CroweTheDualityKing|Kalina Hitana|Thieves Guild|Bysickle|Faeryne|Victor|Henry,alias|canonical
168817,_local/pbp_transcripts/PbP15 - Debrief and Safety.md,pbp_transcripts,_local/pbp_transcripts/PbP15 - Debrief and Safety.md,398,406,pers_todd,Todd,1,Todd,canonical
168818,_local/pbp_transcripts/PbP15 - Debrief and Safety.md,pbp_transcripts,_local/pbp_transcripts/PbP15 - Debrief and Safety.md,407,418,org_hands|org_sleepsong|loc_elysia|pers_victor|pers_henry,Hands of Liamassa|Sleepsong Clan|Elysia|Victor D Evernight|Henry Sleepsong,5,Hands of Liamassa|Sleepsong|Elysia|Victor|Hands|Henry,canonical|alias
168819,_local/pbp_transcripts/PbP15 - Debrief and Safety.md,pbp_transcripts,_local/pbp_transcripts/PbP15 - Debrief and Safety.md,419,423,loc_crafthold|pers_alivyre|pers_faeryne|pers_luminia|pers_victor|org_hands|pers_terry,Crafthold|Alivyre Dawntracker|Faeryne|Luminia|Victor D Evernight|Hands of Liamassa|Terry,7,Crafthold|Alivyre|Faeryne|Luminia|Victor|Hands|Terry,canonical|alias
168821,_local/pbp_transcripts/PbP15 - Debrief and Safety.md,pbp_transcripts,_local/pbp_transcripts/PbP15 - Debrief and Safety.md,429,433,org_remedy|pers_terry,Airmid's Remedy|Terry,2,Remedy|Terry,alias|canonical
168822,_local/pbp_transcripts/PbP15 - Debrief and Safety.md,pbp_transcripts,_local/pbp_transcripts/PbP15 - Debrief and Safety.md,434,438,play_crowe|play_kalina|play_bysickle|pers_alivyre|pers_luminia,Crowe|Kalina|Bysickle|Alivyre Dawntracker|Luminia,5,CroweTheDualityKing|Kalina Hitana|Bysickle|Alivyre|Luminia,alias|canonical
168823,_local/pbp_transcripts/PbP15 - Debrief and Safety.md,pbp_transcripts,_local/pbp_transcripts/PbP15 - Debrief and Safety.md,439,447,pers_victor,Victor D Evernight,1,Victor,alias
168824,_local/pbp_transcripts/PbP15 - Debrief and Safety.md,pbp_transcripts,_local/pbp_transcripts/PbP15 - Debrief and Safety.md,448,456,loc_crafthold|pers_faeryne|pers_luminia|pers_victor|pers_terry,Crafthold|Faeryne|Luminia|Victor D Evernight|Terry,5,Crafthold|Faeryne|Luminia|Victor|Terry,canonical|alias
168825,_local/pbp_transcripts/PbP15 - Debrief and Safety.md,pbp_transcripts,_local/pbp_transcripts/PbP15 - Debrief and Safety.md,457,461,pers_faeryne,Faeryne,1,Faeryne,canonical
168826,_local/pbp_transcripts/PbP15 - Debrief and Safety.md,pbp_transcripts,_local/pbp_transcripts/PbP15 - Debrief and Safety.md,462,466,pers_faeryne|pers_terry,Faeryne|Terry,2,Faeryne|Terry,canonical
168827,_local/pbp_transcripts/PbP15 - Debrief and Safety.md,pbp_transcripts,_local/pbp_transcripts/PbP15 - Debrief and Safety.md,467,471,pers_alivyre|pers_victor|org_hands,Alivyre Dawntracker|Victor D Evernight|Hands of Liamassa,3,Alivyre|Victor|Hands,alias
168828,_local/pbp_transcripts/PbP15 - Debrief and Safety.md,pbp_transcripts,_local/pbp_transcripts/PbP15 - Debrief and Safety.md,472,481,pers_victor|pers_light,Victor D Evernight|Light of Ironfang,2,Victor|Light,alias
168829,_local/pbp_transcripts/PbP15 - Debrief and Safety.md,pbp_transcripts,_local/pbp_transcripts/PbP15 - Debrief and Safety.md,482,486,pers_alivyre,Alivyre Dawntracker,1,Alivyre,alias
168830,_local/pbp_transcripts/PbP15 - Debrief and Safety.md,pbp_transcripts,_local/pbp_transcripts/PbP15 - Debrief and Safety.md,487,491,pers_alivyre|pers_makhala|org_remedy|pers_victor,Alivyre Dawntracker|Makhala|Airmid's Remedy|Victor D Evernight,4,Alivyre|Makhala|Remedy|Victor,alias|canonical
168831,_local/pbp_transcripts/PbP15 - Debrief and Safety.md,pbp_transcripts,_local/pbp_transcripts/PbP15 - Debrief and Safety.md,492,498,pers_alivyre|pers_victor,Alivyre Dawntracker|Victor D Evernight,2,Alivyre|Victor,alias
168832,_local/pbp_transcripts/PbP15 - Debrief and Safety.md,pbp_transcripts,_local/pbp_transcripts/PbP15 - Debrief and Safety.md,499,503,pers_victor,Victor D Evernight,1,Victor,alias
168833,_local/pbp_transcripts/PbP15 - Debrief and Safety.md,pbp_transcripts,_local/pbp_transcripts/PbP15 - Debrief and Safety.md,504,508,pers_alivyre,Alivyre Dawntracker,1,Alivyre,alias
168834,_local/pbp_transcripts/PbP15 - Debrief and Safety.md,pbp_transcripts,_local/pbp_transcripts/PbP15 - Debrief and Safety.md,509,515,pers_victor|pers_henry,Victor D Evernight|Henry Sleepsong,2,Victor|Henry,alias
168835,_local/pbp_transcripts/PbP15 - Debrief and Safety.md,pbp_transcripts,_local/pbp_transcripts/PbP15 - Debrief and Safety.md,516,526,play_bysickle|pers_alivyre|pers_faeryne|pers_victor|play_crowe|org_hands,Bysickle|Alivyre Dawntracker|Faeryne|Victor D Evernight|Crowe|Hands of Liamassa,6,Bysickle|Alivyre|Faeryne|Victor|Crowe|Hand,canonical|alias
168836,_local/pbp_transcripts/PbP15 - Debrief and Safety.md,pbp_transcripts,_local/pbp_transcripts/PbP15 - Debrief and Safety.md,527,531,pers_alivyre|pers_victor|pers_henry,Alivyre Dawntracker|Victor D Evernight|Henry Sleepsong,3,Alivyre|Victor|Henry,alias
168837,_local/pbp_transcripts/PbP15 - Debrief and Safety.md,pbp_transcripts,_local/pbp_transcripts/PbP15 - Debrief and Safety.md,532,536,creat_little_bear|pers_alivyre|pers_luminia,Little Bear|Alivyre Dawntracker|Luminia,3,Little Bear|Alivyre|Luminia,canonical|alias
168838,_local/pbp_transcripts/PbP15 - Debrief and Safety.md,pbp_transcripts,_local/pbp_transcripts/PbP15 - Debrief and Safety.md,537,541,pers_henry|pers_ronric|pers_victor|pers_vyssa,Henry Sleepsong|Ronric|Victor D Evernight|Vyssa,4,Shadowboy|Ronric|Victor|Vyssa,alias|canonical
168839,_local/pbp_transcripts/PbP15 - Debrief and Safety.md,pbp_transcripts,_local/pbp_transcripts/PbP15 - Debrief and Safety.md,542,548,play_bysickle|play_kalina|pers_victor,Bysickle|Kalina|Victor D Evernight,3,Bysickle|Kalina|Victor,canonical|alias
168840,_local/pbp_transcripts/PbP15 - Debrief and Safety.md,pbp_transcripts,_local/pbp_transcripts/PbP15 - Debrief and Safety.md,549,554,loc_crafthold|pers_faeryne|pers_victor|pers_aniya|pers_henry,Crafthold|Faeryne|Victor D Evernight|Aniya Laccion|Henry Sleepsong,5,Crafthold|Faeryne|Victor|Aniya|Henry,canonical|alias
168841,_local/pbp_transcripts/PbP15 - Debrief and Safety.md,pbp_transcripts,_local/pbp_transcripts/PbP15 - Debrief and Safety.md,555,559,play_kalina|play_bysickle,Kalina|Bysickle,2,Kalina Hitana|Bysickle,alias|canonical
168842,_local/pbp_transcripts/PbP15 - Debrief and Safety.md,pbp_transcripts,_local/pbp_transcripts/PbP15 - Debrief and Safety.md,560,564,pers_alivyre|pers_victor|pers_henry,Alivyre Dawntracker|Victor D Evernight|Henry Sleepsong,3,Alivyre|Victor|Henry,alias
168843,_local/pbp_transcripts/PbP15 - Debrief and Safety.md,pbp_transcripts,_local/pbp_transcripts/PbP15 - Debrief and Safety.md,565,574,pers_luminia|pers_victor|pers_light|pers_moon,Luminia|Victor D Evernight|Light of Ironfang|Moon,4,Luminia|Victor|Light|Moon,canonical|alias
168844,_local/pbp_transcripts/PbP15 - Debrief and Safety.md,pbp_transcripts,_local/pbp_transcripts/PbP15 - Debrief and Safety.md,575,580,pers_alivyre,Alivyre Dawntracker,1,Alivyre,alias
168845,_local/pbp_transcripts/PbP15 - Debrief and Safety.md,pbp_transcripts,_local/pbp_transcripts/PbP15 - Debrief and Safety.md,581,585,pers_henry|pers_victor,Henry Sleepsong|Victor D Evernight,2,Shadowboy|Victor,alias
168846,_local/pbp_transcripts/PbP15 - Debrief and Safety.md,pbp_transcripts,_local/pbp_transcripts/PbP15 - Debrief and Safety.md,586,591,pers_victor,Victor D Evernight,1,Victor,alias
168847,_local/pbp_transcripts/PbP15 - Debrief and Safety.md,pbp_transcripts,_local/pbp_transcripts/PbP15 - Debrief and Safety.md,592,604,pers_alivyre|pers_victor|pers_henry,Alivyre Dawntracker|Victor D Evernight|Henry Sleepsong,3,Alivyre|Victor|Henry,alias
168848,_local/pbp_transcripts/PbP15 - Debrief and Safety.md,pbp_transcripts,_local/pbp_transcripts/PbP15 - Debrief and Safety.md,605,609,pers_urgulk,Urgulk,1,Urgulk,canonical
168849,_local/pbp_transcripts/PbP15 - Debrief and Safety.md,pbp_transcripts,_local/pbp_transcripts/PbP15 - Debrief and Safety.md,610,618,play_crowe|pers_henry|pers_victor,Crowe|Henry Sleepsong|Victor D Evernight,3,CroweTheDualityKing|Shadowboy|Victor,alias
168850,_local/pbp_transcripts/PbP15 - Debrief and Safety.md,pbp_transcripts,_local/pbp_transcripts/PbP15 - Debrief and Safety.md,619,623,pers_henry,Henry Sleepsong,1,Henry,alias
168852,_local/pbp_transcripts/PbP15 - Debrief and Safety.md,pbp_transcripts,_local/pbp_transcripts/PbP15 - Debrief and Safety.md,629,633,pers_victor|org_hands|pers_henry,Victor D Evernight|Hands of Liamassa|Henry Sleepsong,3,Victor|Hands|Henry,alias
168854,_local/pbp_transcripts/PbP15 - Debrief and Safety.md,pbp_transcripts,_local/pbp_transcripts/PbP15 - Debrief and Safety.md,639,647,pers_victor,Victor D Evernight,1,Victor,alias
168856,_local/pbp_transcripts/PbP15 - Debrief and Safety.md,pbp_transcripts,_local/pbp_transcripts/PbP15 - Debrief and Safety.md,653,659,pers_urgulk|pers_victor|pers_henry|org_hands,Urgulk|Victor D Evernight|Henry Sleepsong|Hands of Liamassa,4,Urgulk|Victor|Henry|Hand,canonical|alias
168858,_local/pbp_transcripts/PbP15 - Debrief and Safety.md,pbp_transcripts,_local/pbp_transcripts/PbP15 - Debrief and Safety.md,665,669,pers_alivyre|pers_victor|pers_henry,Alivyre Dawntracker|Victor D Evernight|Henry Sleepsong,3,Alivyre|Victor|Henry,alias
168859,_local/pbp_transcripts/PbP15 - Debrief and Safety.md,pbp_transcripts,_local/pbp_transcripts/PbP15 - Debrief and Safety.md,670,684,loc_abbey|pers_caldwell|creat_little_bear|loc_crafthold|loc_stonehome|pers_dakgorim|pers_alivyre|pers_faeryne|pers_luminia|pers_victor|pers_henry|pers_terry,Wolfstream Abbey|Selis Caldwell|Little Bear|Crafthold|Stonehome|Dakgorim|Alivyre Dawntracker|Faeryne|Luminia|Victor D Evernight|Henry Sleepsong|Terry,12,Wolfstream Abbey|Selis Caldwell|Little Bear|Crafthold|Stonehome|Caldwell|Dakgorim|Alivyre|Faeryne|Luminia|Victor|Henry|Terry,canonical|alias
168860,_local/pbp_transcripts/PbP15 - Debrief and Safety.md,pbp_transcripts,_local/pbp_transcripts/PbP15 - Debrief and Safety.md,685,689,loc_crafthold|pers_henry|pers_alivyre|loc_elysia|pers_victor,Crafthold|Henry Sleepsong|Alivyre Dawntracker|Elysia|Victor D Evernight,5,Crafthold|Shadowboy|Alivyre|Elysia|Victor,canonical|alias
168861,_local/pbp_transcripts/PbP15 - Debrief and Safety.md,pbp_transcripts,_local/pbp_transcripts/PbP15 - Debrief and Safety.md,690,694,pers_alivyre|pers_victor,Alivyre Dawntracker|Victor D Evernight,2,Alivyre|Victor,alias
168862,_local/pbp_transcripts/PbP15 - Debrief and Safety.md,pbp_transcripts,_local/pbp_transcripts/PbP15 - Debrief and Safety.md,695,699,pers_alivyre|pers_victor,Alivyre Dawntracker|Victor D Evernight,2,Alivyre|Victor,alias
168863,_local/pbp_transcripts/PbP15 - Debrief and Safety.md,pbp_transcripts,_local/pbp_transcripts/PbP15 - Debrief and Safety.md,700,704,pers_alivyre|pers_faeryne|pers_avarna|loc_dhassa|pers_victor|pers_henry,Alivyre Dawntracker|Faeryne|Avarna|Dhassa|Victor D Evernight|Henry Sleepsong,6,Alivyre|Faeryne|Avarna|Dhassa|Victor|Henry,alias|canonical
168864,_local/pbp_transcripts/PbP15 - Debrief and Safety.md,pbp_transcripts,_local/pbp_transcripts/PbP15 - Debrief and Safety.md,705,709,pers_alivyre|pers_henry|pers_vyssa|org_hands|creat_mine,Alivyre Dawntracker|Henry Sleepsong|Vyssa|Hands of Liamassa|Mine,5,Alivyre|Henry|Vyssa|Hand|Mine,alias|canonical
168865,_local/pbp_transcripts/PbP15 - Debrief and Safety.md,pbp_transcripts,_local/pbp_transcripts/PbP15 - Debrief and Safety.md,710,714,pers_alivyre|pers_victor|pers_henry|pers_mercy,Alivyre Dawntracker|Victor D Evernight|Henry Sleepsong|Mercy Windriver,4,Alivyre|Victor|Henry|Mercy,alias
168866,_local/pbp_transcripts/PbP15 - Debrief and Safety.md,pbp_transcripts,_local/pbp_transcripts/PbP15 - Debrief and Safety.md,715,719,pers_alivyre|pers_victor,Alivyre Dawntracker|Victor D Evernight,2,Alivyre|Victor,alias
168867,_local/pbp_transcripts/PbP15 - Debrief and Safety.md,pbp_transcripts,_local/pbp_transcripts/PbP15 - Debrief and Safety.md,720,728,pers_victor|pers_vyssa,Victor D Evernight|Vyssa,2,Victor|Vyssa,alias|canonical
168868,_local/pbp_transcripts/PbP15 - Debrief and Safety.md,pbp_transcripts,_local/pbp_transcripts/PbP15 - Debrief and Safety.md,729,733,pers_alivyre|pers_henry,Alivyre Dawntracker|Henry Sleepsong,2,Alivyre|Henry,alias
168869,_local/pbp_transcripts/PbP15 - Debrief and Safety.md,pbp_transcripts,_local/pbp_transcripts/PbP15 - Debrief and Safety.md,734,738,pers_alivyre|org_hands,Alivyre Dawntracker|Hands of Liamassa,2,Alivyre|Hand,alias
168871,_local/pbp_transcripts/PbP15 - Debrief and Safety.md,pbp_transcripts,_local/pbp_transcripts/PbP15 - Debrief and Safety.md,748,752,pers_alivyre,Alivyre Dawntracker,1,Alivyre,alias
168873,_local/pbp_transcripts/PbP15 - Debrief and Safety.md,pbp_transcripts,_local/pbp_transcripts/PbP15 - Debrief and Safety.md,758,762,pers_luminia|pers_urgulk|pers_terry,Luminia|Urgulk|Terry,3,Luminia|Urgulk|Terry,canonical
168875,_local/pbp_transcripts/PbP15 - Debrief and Safety.md,pbp_transcripts,_local/pbp_transcripts/PbP15 - Debrief and Safety.md,768,772,creat_mine,Mine,1,Mine,canonical
168876,_local/pbp_transcripts/PbP15 - Debrief and Safety.md,pbp_transcripts,_local/pbp_transcripts/PbP15 - Debrief and Safety.md,773,785,creat_little_bear|pers_alivyre|pers_faeryne|pers_luminia|pers_urgulk|pers_victor|pers_henry|pers_terry|pers_aren,Little Bear|Alivyre Dawntracker|Faeryne|Luminia|Urgulk|Victor D Evernight|Henry Sleepsong|Terry|Aren,9,Little Bear|Alivyre|Faeryne|Luminia|Urgulk|Victor|Henry|Terry|Aren,canonical|alias
168878,_local/pbp_transcripts/PbP15 - Debrief and Safety.md,pbp_transcripts,_local/pbp_transcripts/PbP15 - Debrief and Safety.md,791,799,pers_alivyre|pers_faeryne|play_kalina|pers_henry,Alivyre Dawntracker|Faeryne|Kalina|Henry Sleepsong,4,Alivyre|Faeryne|Kalina|Henry,alias|canonical
168879,_local/pbp_transcripts/PbP15 - Debrief and Safety.md,pbp_transcripts,_local/pbp_transcripts/PbP15 - Debrief and Safety.md,800,818,org_thieves|pers_alivyre|play_charis|org_hands|pers_henry,Thieves Guild|Alivyre Dawntracker|Charis|Hands of Liamassa|Henry Sleepsong,5,Thieves Guild|Alivyre|Charis|Hands|Henry,canonical|alias
168880,_local/pbp_transcripts/PbP15 - Debrief and Safety.md,pbp_transcripts,_local/pbp_transcripts/PbP15 - Debrief and Safety.md,819,823,factn_tolanites|org_remedy|pers_ronric|pers_victor|org_hands|pers_henry,Tolanites|Airmid's Remedy|Ronric|Victor D Evernight|Hands of Liamassa|Henry Sleepsong,6,Tolanites|Remedy|Ronric|Victor|Hands|Henry,canonical|alias
168881,_local/pbp_transcripts/PbP15 - Debrief and Safety.md,pbp_transcripts,_local/pbp_transcripts/PbP15 - Debrief and Safety.md,824,832,loc_elulind|pers_urgulk|pers_victor,Kingdom of Elulind|Urgulk|Victor D Evernight,3,Elulind|Urgulk|Victor,alias|canonical
168882,_local/pbp_transcripts/PbP15 - Debrief and Safety.md,pbp_transcripts,_local/pbp_transcripts/PbP15 - Debrief and Safety.md,833,837,pers_alivyre|pers_henry,Alivyre Dawntracker|Henry Sleepsong,2,Alivyre|Henry,alias
168883,_local/pbp_transcripts/PbP15 - Debrief and Safety.md,pbp_transcripts,_local/pbp_transcripts/PbP15 - Debrief and Safety.md,838,844,pers_henry|org_hands|creat_mine,Henry Sleepsong|Hands of Liamassa|Mine,3,Henry|Hand|Mine,alias|canonical
168885,_local/pbp_transcripts/PbP15 - Debrief and Safety.md,pbp_transcripts,_local/pbp_transcripts/PbP15 - Debrief and Safety.md,850,854,pers_alivyre|pers_victor|pers_henry|creat_mine,Alivyre Dawntracker|Victor D Evernight|Henry Sleepsong|Mine,4,Alivyre|Victor|Henry|Mine,alias|canonical
168886,_local/pbp_transcripts/PbP15 - Debrief and Safety.md,pbp_transcripts,_local/pbp_transcripts/PbP15 - Debrief and Safety.md,855,859,pers_victor|pers_terry,Victor D Evernight|Terry,2,Victor|Terry,alias|canonical
168887,_local/pbp_transcripts/PbP15 - Debrief and Safety.md,pbp_transcripts,_local/pbp_transcripts/PbP15 - Debrief and Safety.md,860,865,pers_alivyre|pers_faeryne|pers_luminia|pers_victor|pers_henry|pers_light|pers_terry,Alivyre Dawntracker|Faeryne|Luminia|Victor D Evernight|Henry Sleepsong|Light of Ironfang|Terry,7,Alivyre|Faeryne|Luminia|Victor|Henry|Light|Terry,alias|canonical
168888,_local/pbp_transcripts/PbP15 - Debrief and Safety.md,pbp_transcripts,_local/pbp_transcripts/PbP15 - Debrief and Safety.md,866,870,pers_terry,Terry,1,Terry,canonical
168890,_local/pbp_transcripts/PbP15 - Debrief and Safety.md,pbp_transcripts,_local/pbp_transcripts/PbP15 - Debrief and Safety.md,878,883,pers_alivyre|pers_luminia|pers_victor|pers_terry,Alivyre Dawntracker|Luminia|Victor D Evernight|Terry,4,Alivyre|Luminia|Victor|Terry,alias|canonical
168891,_local/pbp_transcripts/PbP15 - Debrief and Safety.md,pbp_transcripts,_local/pbp_transcripts/PbP15 - Debrief and Safety.md,884,888,pers_faeryne|pers_victor|pers_light,Faeryne|Victor D Evernight|Light of Ironfang,3,Faeryne|Victor|Light,canonical|alias
168892,_local/pbp_transcripts/PbP15 - Debrief and Safety.md,pbp_transcripts,_local/pbp_transcripts/PbP15 - Debrief and Safety.md,889,893,pers_luminia|pers_terry,Luminia|Terry,2,Luminia|Terry,canonical
168894,_local/pbp_transcripts/PbP15 - Debrief and Safety.md,pbp_transcripts,_local/pbp_transcripts/PbP15 - Debrief and Safety.md,901,906,factn_tolanites|pers_alivyre|loc_elysia|pers_victor|pers_joram,Tolanites|Alivyre Dawntracker|Elysia|Victor D Evernight|Joram MacRorie,5,Tolanites|Alivyre|Elysia|Victor|Joram,canonical|alias
168895,_local/pbp_transcripts/PbP15 - Debrief and Safety.md,pbp_transcripts,_local/pbp_transcripts/PbP15 - Debrief and Safety.md,907,911,pers_evaine|org_remedy|pers_victor|pers_rhys,Evaine MacRorie Thuryn|Airmid's Remedy|Victor D Evernight|Rhys Thuryn,4,Evaine|Remedy|Victor|Rhys,alias
168896,_local/pbp_transcripts/PbP15 - Debrief and Safety.md,pbp_transcripts,_local/pbp_transcripts/PbP15 - Debrief and Safety.md,912,920,org_hands|loc_crafthold|factn_tolanites|pers_alivyre|loc_elysia|pers_ronric|pers_henry|pers_vyssa|pers_aren|pers_gina,Hands of Liamassa|Crafthold|Tolanites|Alivyre Dawntracker|Elysia|Ronric|Henry Sleepsong|Vyssa|Aren|Gina,10,Hands of Liamassa|Crafthold|Tolanites|Alivyre|Elysia|Ronric|Hands|Henry|Vyssa|Aren|Gina|Hand,canonical|alias
168897,_local/pbp_transcripts/PbP15 - Debrief and Safety.md,pbp_transcripts,_local/pbp_transcripts/PbP15 - Debrief and Safety.md,921,933,org_thieves|org_halverin|loc_elulind|loc_elysia|pers_ronric|org_hands,Thieves Guild|Halverin's Guard|Kingdom of Elulind|Elysia|Ronric|Hands of Liamassa,6,Thieves Guild|Halverin|Elulind|Elysia|Ronric|Hands|Hand,canonical|alias
168898,_local/pbp_transcripts/PbP15 - Debrief and Safety.md,pbp_transcripts,_local/pbp_transcripts/PbP15 - Debrief and Safety.md,934,946,pers_henry|pers_victor|org_hands,Henry Sleepsong|Victor D Evernight|Hands of Liamassa,3,Shadowboy|Victor|Hands|Henry,alias
168899,_local/pbp_transcripts/PbP15 - Debrief and Safety.md,pbp_transcripts,_local/pbp_transcripts/PbP15 - Debrief and Safety.md,947,952,pers_victor,Victor D Evernight,1,Victor,alias
168900,_local/pbp_transcripts/PbP15 - Debrief and Safety.md,pbp_transcripts,_local/pbp_transcripts/PbP15 - Debrief and Safety.md,953,957,org_remedy,Airmid's Remedy,1,Remedy,alias
168901,_local/pbp_transcripts/PbP15 - Debrief and Safety.md,pbp_transcripts,_local/pbp_transcripts/PbP15 - Debrief and Safety.md,958,964,play_crowe|pers_henry|pers_victor|org_hands,Crowe|Henry Sleepsong|Victor D Evernight|Hands of Liamassa,4,CroweTheDualityKing|Shadowboy|Victor|Hands|Henry,alias
168902,_local/pbp_transcripts/PbP15 - Debrief and Safety.md,pbp_transcripts,_local/pbp_transcripts/PbP15 - Debrief and Safety.md,965,968,org_sleepsong|factn_tolanites|pers_ronric|pers_shworn|pers_victor|org_hands|pers_henry|pers_vyssa|pers_todd,Sleepsong Clan|Tolanites|Ronric|Shworn Sleepsong|Victor D Evernight|Hands of Liamassa|Henry Sleepsong|Vyssa|Todd,9,Sleepsong|Tolanites|Ronric|Shworn|Victor|Hands|Henry|Vyssa|Todd,alias|canonical
168982,_local/pbp_transcripts/PbP16 - Nightfall in Elysia.md,pbp_transcripts,_local/pbp_transcripts/PbP16 - Nightfall in Elysia.md,2,5,pers_victor,Victor D Evernight,1,Victor,alias
168987,_local/pbp_transcripts/PbP16 - Nightfall in Elysia.md,pbp_transcripts,_local/pbp_transcripts/PbP16 - Nightfall in Elysia.md,22,27,pers_victor,Victor D Evernight,1,Victor,alias
168989,_local/pbp_transcripts/PbP16 - Nightfall in Elysia.md,pbp_transcripts,_local/pbp_transcripts/PbP16 - Nightfall in Elysia.md,32,35,pers_victor,Victor D Evernight,1,Victor,alias
168990,_local/pbp_transcripts/PbP16 - Nightfall in Elysia.md,pbp_transcripts,_local/pbp_transcripts/PbP16 - Nightfall in Elysia.md,36,41,pers_victor,Victor D Evernight,1,Victor,alias
168992,_local/pbp_transcripts/PbP16 - Nightfall in Elysia.md,pbp_transcripts,_local/pbp_transcripts/PbP16 - Nightfall in Elysia.md,46,49,play_charis|pers_victor,Charis|Victor D Evernight,2,Charis|Victor,canonical|alias
168993,_local/pbp_transcripts/PbP16 - Nightfall in Elysia.md,pbp_transcripts,_local/pbp_transcripts/PbP16 - Nightfall in Elysia.md,50,55,pers_alivyre|pers_victor,Alivyre Dawntracker|Victor D Evernight,2,Alivyre|Victor,alias
168994,_local/pbp_transcripts/PbP16 - Nightfall in Elysia.md,pbp_transcripts,_local/pbp_transcripts/PbP16 - Nightfall in Elysia.md,56,59,pers_victor|org_hands|pers_rhys,Victor D Evernight|Hands of Liamassa|Rhys Thuryn,3,Victor|Hands|Rhys,alias
168995,_local/pbp_transcripts/PbP16 - Nightfall in Elysia.md,pbp_transcripts,_local/pbp_transcripts/PbP16 - Nightfall in Elysia.md,60,63,pers_rhys,Rhys Thuryn,1,Rhys,alias
168996,_local/pbp_transcripts/PbP16 - Nightfall in Elysia.md,pbp_transcripts,_local/pbp_transcripts/PbP16 - Nightfall in Elysia.md,64,67,pers_alivyre,Alivyre Dawntracker,1,Alivyre,alias
168998,_local/pbp_transcripts/PbP16 - Nightfall in Elysia.md,pbp_transcripts,_local/pbp_transcripts/PbP16 - Nightfall in Elysia.md,72,75,factn_tolanites|pers_ronric|pers_henry,Tolanites|Ronric|Henry Sleepsong,3,Tolanites|Ronric|Henry,canonical|alias
168999,_local/pbp_transcripts/PbP16 - Nightfall in Elysia.md,pbp_transcripts,_local/pbp_transcripts/PbP16 - Nightfall in Elysia.md,76,79,factn_tolanites|org_remedy|pers_ronric|pers_vyssa|pers_aren,Tolanites|Airmid's Remedy|Ronric|Vyssa|Aren,5,Tolanites|Remedy|Ronric|Vyssa|Aren,canonical|alias
169000,_local/pbp_transcripts/PbP16 - Nightfall in Elysia.md,pbp_transcripts,_local/pbp_transcripts/PbP16 - Nightfall in Elysia.md,80,87,pers_alivyre|org_hands,Alivyre Dawntracker|Hands of Liamassa,2,Alivyre|Hands,alias
169001,_local/pbp_transcripts/PbP16 - Nightfall in Elysia.md,pbp_transcripts,_local/pbp_transcripts/PbP16 - Nightfall in Elysia.md,88,91,pers_faeryne|pers_henry,Faeryne|Henry Sleepsong,2,Faeryne|Henry,canonical|alias
169002,_local/pbp_transcripts/PbP16 - Nightfall in Elysia.md,pbp_transcripts,_local/pbp_transcripts/PbP16 - Nightfall in Elysia.md,92,97,pers_victor,Victor D Evernight,1,Victor,alias
169003,_local/pbp_transcripts/PbP16 - Nightfall in Elysia.md,pbp_transcripts,_local/pbp_transcripts/PbP16 - Nightfall in Elysia.md,98,101,org_temple_airmid|org_thieves|factn_tolanites|pers_alivyre|pers_faeryne|pers_luminia|pers_evaine|pers_ronric|pers_urgulk|pers_victor|pers_henry|pers_terry|pers_vyssa,Temple of Airmid|Thieves Guild|Tolanites|Alivyre Dawntracker|Faeryne|Luminia|Evaine MacRorie Thuryn|Ronric|Urgulk|Victor D Evernight|Henry Sleepsong|Terry|Vyssa,13,Temple of Airmid|Thieves Guild|Tolanites|Tolanite|Alivyre|Faeryne|Luminia|Evaine|Ronric|Urgulk|Victor|Henry|Terry|Vyssa,canonical|alias
169004,_local/pbp_transcripts/PbP16 - Nightfall in Elysia.md,pbp_transcripts,_local/pbp_transcripts/PbP16 - Nightfall in Elysia.md,102,105,play_bysickle|pers_victor|pers_henry,Bysickle|Victor D Evernight|Henry Sleepsong,3,Bysickle|Victor|Henry,canonical|alias
169005,_local/pbp_transcripts/PbP16 - Nightfall in Elysia.md,pbp_transcripts,_local/pbp_transcripts/PbP16 - Nightfall in Elysia.md,106,109,factn_tolanites|loc_elysia|pers_victor,Tolanites|Elysia|Victor D Evernight,3,Tolanites|Tolanite|Elysia|Victor,canonical|alias
169007,_local/pbp_transcripts/PbP16 - Nightfall in Elysia.md,pbp_transcripts,_local/pbp_transcripts/PbP16 - Nightfall in Elysia.md,116,119,pers_alivyre|pers_victor|pers_henry|pers_gina,Alivyre Dawntracker|Victor D Evernight|Henry Sleepsong|Gina,4,Alivyre|Victor|Henry|Gina,alias|canonical
169008,_local/pbp_transcripts/PbP16 - Nightfall in Elysia.md,pbp_transcripts,_local/pbp_transcripts/PbP16 - Nightfall in Elysia.md,120,125,loc_crafthold|pers_alivyre|pers_faeryne|pers_victor,Crafthold|Alivyre Dawntracker|Faeryne|Victor D Evernight,4,Crafthold|Alivyre|Faeryne|Victor,canonical|alias
169010,_local/pbp_transcripts/PbP16 - Nightfall in Elysia.md,pbp_transcripts,_local/pbp_transcripts/PbP16 - Nightfall in Elysia.md,130,133,pers_victor,Victor D Evernight,1,Victor,alias
169011,_local/pbp_transcripts/PbP16 - Nightfall in Elysia.md,pbp_transcripts,_local/pbp_transcripts/PbP16 - Nightfall in Elysia.md,134,137,org_hands|pers_faeryne|org_remedy|pers_vyssa,Hands of Liamassa|Faeryne|Airmid's Remedy|Vyssa,4,Hands of Liamassa|Faeryne|Remedy|Vyssa,canonical|alias
169012,_local/pbp_transcripts/PbP16 - Nightfall in Elysia.md,pbp_transcripts,_local/pbp_transcripts/PbP16 - Nightfall in Elysia.md,138,141,play_bysickle|pers_alivyre|pers_ronric|pers_victor|org_hands|pers_henry|pers_todd,Bysickle|Alivyre Dawntracker|Ronric|Victor D Evernight|Hands of Liamassa|Henry Sleepsong|Todd,7,Bysickle|Alivyre|Ronric|Victor|Hands|Henry|Todd,canonical|alias
169013,_local/pbp_transcripts/PbP16 - Nightfall in Elysia.md,pbp_transcripts,_local/pbp_transcripts/PbP16 - Nightfall in Elysia.md,142,145,pers_victor,Victor D Evernight,1,Victor,alias
169014,_local/pbp_transcripts/PbP16 - Nightfall in Elysia.md,pbp_transcripts,_local/pbp_transcripts/PbP16 - Nightfall in Elysia.md,146,149,pers_victor|pers_todd,Victor D Evernight|Todd,2,Victor|Todd,alias|canonical
169015,_local/pbp_transcripts/PbP16 - Nightfall in Elysia.md,pbp_transcripts,_local/pbp_transcripts/PbP16 - Nightfall in Elysia.md,150,153,pers_todd,Todd,1,Todd,canonical
169016,_local/pbp_transcripts/PbP16 - Nightfall in Elysia.md,pbp_transcripts,_local/pbp_transcripts/PbP16 - Nightfall in Elysia.md,154,157,pers_ronric|pers_todd,Ronric|Todd,2,Ronric|Todd,canonical
169017,_local/pbp_transcripts/PbP16 - Nightfall in Elysia.md,pbp_transcripts,_local/pbp_transcripts/PbP16 - Nightfall in Elysia.md,158,163,pers_ronric|pers_vyssa|pers_todd,Ronric|Vyssa|Todd,3,Ronric|Vyssa|Todd,canonical
169018,_local/pbp_transcripts/PbP16 - Nightfall in Elysia.md,pbp_transcripts,_local/pbp_transcripts/PbP16 - Nightfall in Elysia.md,164,167,pers_faeryne|pers_ronric|pers_henry|pers_aren|org_hands,Faeryne|Ronric|Henry Sleepsong|Aren|Hands of Liamassa,5,Faeryne|Ronric|Henry|Aren|Hand,canonical|alias
169019,_local/pbp_transcripts/PbP16 - Nightfall in Elysia.md,pbp_transcripts,_local/pbp_transcripts/PbP16 - Nightfall in Elysia.md,168,173,pers_ronric|pers_henry|org_hands|pers_todd,Ronric|Henry Sleepsong|Hands of Liamassa|Todd,4,Ronric|Henry|Hand|Todd,canonical|alias
169020,_local/pbp_transcripts/PbP16 - Nightfall in Elysia.md,pbp_transcripts,_local/pbp_transcripts/PbP16 - Nightfall in Elysia.md,174,179,pers_ronric|pers_victor|pers_henry,Ronric|Victor D Evernight|Henry Sleepsong,3,Ronric|Victor|Henry,canonical|alias
169021,_local/pbp_transcripts/PbP16 - Nightfall in Elysia.md,pbp_transcripts,_local/pbp_transcripts/PbP16 - Nightfall in Elysia.md,180,185,pers_ronric,Ronric,1,Ronric,canonical
169022,_local/pbp_transcripts/PbP16 - Nightfall in Elysia.md,pbp_transcripts,_local/pbp_transcripts/PbP16 - Nightfall in Elysia.md,186,189,pers_makhala|org_remedy|pers_bear,Makhala|Airmid's Remedy|Bear,3,Makhala|Remedy|Bear,canonical|alias
169023,_local/pbp_transcripts/PbP16 - Nightfall in Elysia.md,pbp_transcripts,_local/pbp_transcripts/PbP16 - Nightfall in Elysia.md,190,193,org_remedy|org_hands,Airmid's Remedy|Hands of Liamassa,2,Remedy|Hands,alias
169024,_local/pbp_transcripts/PbP16 - Nightfall in Elysia.md,pbp_transcripts,_local/pbp_transcripts/PbP16 - Nightfall in Elysia.md,194,197,pers_joram|pers_rhys,Joram MacRorie|Rhys Thuryn,2,Joram|Rhys,alias
169025,_local/pbp_transcripts/PbP16 - Nightfall in Elysia.md,pbp_transcripts,_local/pbp_transcripts/PbP16 - Nightfall in Elysia.md,198,203,factn_tolanites|loc_elysia|pers_ronric|org_hands,Tolanites|Elysia|Ronric|Hands of Liamassa,4,Tolanites|Elysia|Ronric|Hands,canonical|alias
169026,_local/pbp_transcripts/PbP16 - Nightfall in Elysia.md,pbp_transcripts,_local/pbp_transcripts/PbP16 - Nightfall in Elysia.md,204,207,pers_alivyre|pers_ronric|pers_henry|pers_vyssa,Alivyre Dawntracker|Ronric|Henry Sleepsong|Vyssa,4,Alivyre|Ronric|Henry|Vyssa,alias|canonical
169027,_local/pbp_transcripts/PbP16 - Nightfall in Elysia.md,pbp_transcripts,_local/pbp_transcripts/PbP16 - Nightfall in Elysia.md,208,211,play_bysickle|play_crowe|pers_henry,Bysickle|Crowe|Henry Sleepsong,3,Bysickle|Crowe|Henry,canonical|alias
169028,_local/pbp_transcripts/PbP16 - Nightfall in Elysia.md,pbp_transcripts,_local/pbp_transcripts/PbP16 - Nightfall in Elysia.md,212,215,play_kalina|pers_alivyre|pers_luminia|pers_terry,Kalina|Alivyre Dawntracker|Luminia|Terry,4,Kalina Hitana|Alivyre|Luminia|Terry,alias|canonical
169032,_local/pbp_transcripts/PbP16 - Nightfall in Elysia.md,pbp_transcripts,_local/pbp_transcripts/PbP16 - Nightfall in Elysia.md,228,231,pers_todd,Todd,1,Todd,canonical
169033,_local/pbp_transcripts/PbP16 - Nightfall in Elysia.md,pbp_transcripts,_local/pbp_transcripts/PbP16 - Nightfall in Elysia.md,232,235,pers_ronric|pers_victor,Ronric|Victor D Evernight,2,Ronric|Victor,canonical|alias
169034,_local/pbp_transcripts/PbP16 - Nightfall in Elysia.md,pbp_transcripts,_local/pbp_transcripts/PbP16 - Nightfall in Elysia.md,236,239,loc_elysia|pers_ronric|pers_henry,Elysia|Ronric|Henry Sleepsong,3,Elysia|Ronric|Henry,canonical|alias
169035,_local/pbp_transcripts/PbP16 - Nightfall in Elysia.md,pbp_transcripts,_local/pbp_transcripts/PbP16 - Nightfall in Elysia.md,240,243,pers_alivyre,Alivyre Dawntracker,1,Alivyre,alias
169037,_local/pbp_transcripts/PbP16 - Nightfall in Elysia.md,pbp_transcripts,_local/pbp_transcripts/PbP16 - Nightfall in Elysia.md,250,253,pers_henry,Henry Sleepsong,1,Henry,alias
169038,_local/pbp_transcripts/PbP16 - Nightfall in Elysia.md,pbp_transcripts,_local/pbp_transcripts/PbP16 - Nightfall in Elysia.md,254,257,play_crowe|play_bysickle,Crowe|Bysickle,2,CroweTheDualityKing|Bysickle,alias|canonical
169040,_local/pbp_transcripts/PbP16 - Nightfall in Elysia.md,pbp_transcripts,_local/pbp_transcripts/PbP16 - Nightfall in Elysia.md,262,267,creat_little_bear|play_bysickle|pers_alivyre|pers_victor|pers_henry|org_hands,Little Bear|Bysickle|Alivyre Dawntracker|Victor D Evernight|Henry Sleepsong|Hands of Liamassa,6,Little Bear|Bysickle|Alivyre|Victor|Henry|Hand,canonical|alias
169041,_local/pbp_transcripts/PbP16 - Nightfall in Elysia.md,pbp_transcripts,_local/pbp_transcripts/PbP16 - Nightfall in Elysia.md,268,271,pers_victor,Victor D Evernight,1,Victor,alias
169042,_local/pbp_transcripts/PbP16 - Nightfall in Elysia.md,pbp_transcripts,_local/pbp_transcripts/PbP16 - Nightfall in Elysia.md,272,275,play_crowe,Crowe,1,Crowe,canonical
169043,_local/pbp_transcripts/PbP16 - Nightfall in Elysia.md,pbp_transcripts,_local/pbp_transcripts/PbP16 - Nightfall in Elysia.md,276,279,loc_elysia|pers_victor|pers_henry,Elysia|Victor D Evernight|Henry Sleepsong,3,Elysia|Victor|Henry,canonical|alias
169044,_local/pbp_transcripts/PbP16 - Nightfall in Elysia.md,pbp_transcripts,_local/pbp_transcripts/PbP16 - Nightfall in Elysia.md,280,283,pers_victor,Victor D Evernight,1,Victor,alias
169047,_local/pbp_transcripts/PbP16 - Nightfall in Elysia.md,pbp_transcripts,_local/pbp_transcripts/PbP16 - Nightfall in Elysia.md,294,297,loc_elysia,Elysia,1,Elysia,canonical
169048,_local/pbp_transcripts/PbP16 - Nightfall in Elysia.md,pbp_transcripts,_local/pbp_transcripts/PbP16 - Nightfall in Elysia.md,298,303,org_hands,Hands of Liamassa,1,Hand,alias
169051,_local/pbp_transcripts/PbP16 - Nightfall in Elysia.md,pbp_transcripts,_local/pbp_transcripts/PbP16 - Nightfall in Elysia.md,312,317,pers_liacyne,Liacyne Heseth,1,Liacyne,alias
169052,_local/pbp_transcripts/PbP16 - Nightfall in Elysia.md,pbp_transcripts,_local/pbp_transcripts/PbP16 - Nightfall in Elysia.md,318,325,org_academy_elysia|play_charis|loc_elysia|pers_victor|pers_henry,Elysian Academy|Charis|Elysia|Victor D Evernight|Henry Sleepsong,5,Academy|Charis|Elysia|Victor|Henry,alias|canonical
169054,_local/pbp_transcripts/PbP16 - Nightfall in Elysia.md,pbp_transcripts,_local/pbp_transcripts/PbP16 - Nightfall in Elysia.md,330,341,pers_victor|pers_henry|pers_vyssa|pers_aren,Victor D Evernight|Henry Sleepsong|Vyssa|Aren,4,Victor|Henry|Vyssa|Aren,alias|canonical
169055,_local/pbp_transcripts/PbP16 - Nightfall in Elysia.md,pbp_transcripts,_local/pbp_transcripts/PbP16 - Nightfall in Elysia.md,342,345,pers_victor|org_hands|pers_vyssa|pers_aren,Victor D Evernight|Hands of Liamassa|Vyssa|Aren,4,Victor|Hands|Vyssa|Aren|Hand,alias|canonical
169056,_local/pbp_transcripts/PbP16 - Nightfall in Elysia.md,pbp_transcripts,_local/pbp_transcripts/PbP16 - Nightfall in Elysia.md,346,349,pers_victor,Victor D Evernight,1,Victor,alias
169057,_local/pbp_transcripts/PbP16 - Nightfall in Elysia.md,pbp_transcripts,_local/pbp_transcripts/PbP16 - Nightfall in Elysia.md,350,353,pers_vyssa,Vyssa,1,Vyssa,canonical
169058,_local/pbp_transcripts/PbP16 - Nightfall in Elysia.md,pbp_transcripts,_local/pbp_transcripts/PbP16 - Nightfall in Elysia.md,354,373,pers_evaine|creat_little_bear|org_academy_elysia|pers_alivyre|pers_faeryne|loc_killeth|pers_luminia|loc_elysia|pers_victor|pers_henry|pers_light|pers_terry|pers_vyssa|org_hands|creat_ash,Evaine MacRorie Thuryn|Little Bear|Elysian Academy|Alivyre Dawntracker|Faeryne|Killeth|Luminia|Elysia|Victor D Evernight|Henry Sleepsong|Light of Ironfang|Terry|Vyssa|Hands of Liamassa|Ash,15,Evaine MacRorie Thuryn|Little Bear|Academy|Alivyre|Faeryne|Killeth|Luminia|Elysia|Victor|Henry|Light|Terry|Vyssa|Hand|Ash,canonical|alias
169059,_local/pbp_transcripts/PbP16 - Nightfall in Elysia.md,pbp_transcripts,_local/pbp_transcripts/PbP16 - Nightfall in Elysia.md,374,379,pers_braydon|pers_kaedra|play_kalina|pers_victor|org_hands,Braydon|Kaedra|Kalina|Victor D Evernight|Hands of Liamassa,5,Braydon|Kaedra|Kalina|Victor|Hands,canonical|alias
169060,_local/pbp_transcripts/PbP16 - Nightfall in Elysia.md,pbp_transcripts,_local/pbp_transcripts/PbP16 - Nightfall in Elysia.md,380,383,org_thieves|org_hands,Thieves Guild|Hands of Liamassa,2,Thieves Guild|Hand,canonical|alias
169061,_local/pbp_transcripts/PbP16 - Nightfall in Elysia.md,pbp_transcripts,_local/pbp_transcripts/PbP16 - Nightfall in Elysia.md,384,389,pers_kaedra|pers_victor,Kaedra|Victor D Evernight,2,Kaedra|Victor,canonical|alias
169063,_local/pbp_transcripts/PbP16 - Nightfall in Elysia.md,pbp_transcripts,_local/pbp_transcripts/PbP16 - Nightfall in Elysia.md,396,399,org_thieves|org_hands,Thieves Guild|Hands of Liamassa,2,Thieves Guild|Hand,canonical|alias
169066,_local/pbp_transcripts/PbP16 - Nightfall in Elysia.md,pbp_transcripts,_local/pbp_transcripts/PbP16 - Nightfall in Elysia.md,408,413,loc_crafthold|loc_torenth|loc_elysia,Crafthold|Torenth|Elysia,3,Crafthold|Torenth|Elysia,canonical
169067,_local/pbp_transcripts/PbP16 - Nightfall in Elysia.md,pbp_transcripts,_local/pbp_transcripts/PbP16 - Nightfall in Elysia.md,414,417,pers_victor,Victor D Evernight,1,Victor,alias
169069,_local/pbp_transcripts/PbP16 - Nightfall in Elysia.md,pbp_transcripts,_local/pbp_transcripts/PbP16 - Nightfall in Elysia.md,422,427,org_thieves|pers_victor|org_hands,Thieves Guild|Victor D Evernight|Hands of Liamassa,3,Thieves Guild|Victor|Hand,canonical|alias
169071,_local/pbp_transcripts/PbP16 - Nightfall in Elysia.md,pbp_transcripts,_local/pbp_transcripts/PbP16 - Nightfall in Elysia.md,432,437,factn_tolanites|loc_elysia,Tolanites|Elysia,2,Tolanites|Elysia,canonical
169074,_local/pbp_transcripts/PbP16 - Nightfall in Elysia.md,pbp_transcripts,_local/pbp_transcripts/PbP16 - Nightfall in Elysia.md,446,449,play_kalina|pers_faeryne|loc_dhassa,Kalina|Faeryne|Dhassa,3,Kalina Hitana|Faeryne|Dhassa,alias|canonical
169075,_local/pbp_transcripts/PbP16 - Nightfall in Elysia.md,pbp_transcripts,_local/pbp_transcripts/PbP16 - Nightfall in Elysia.md,450,453,play_bysickle|loc_dhassa|pers_henry,Bysickle|Dhassa|Henry Sleepsong,3,Bysickle|Dhassa|Henry,canonical|alias
169077,_local/pbp_transcripts/PbP16 - Nightfall in Elysia.md,pbp_transcripts,_local/pbp_transcripts/PbP16 - Nightfall in Elysia.md,458,463,play_crowe|creat_little_bear|pers_victor|pers_henry|org_hands|creat_ash,Crowe|Little Bear|Victor D Evernight|Henry Sleepsong|Hands of Liamassa|Ash,6,CroweTheDualityKing|Little Bear|Victor|Henry|Hand|Ash,alias|canonical
169079,_local/pbp_transcripts/PbP16 - Nightfall in Elysia.md,pbp_transcripts,_local/pbp_transcripts/PbP16 - Nightfall in Elysia.md,470,473,pers_victor|pers_gina,Victor D Evernight|Gina,2,Victor|Gina,alias|canonical
169081,_local/pbp_transcripts/PbP16 - Nightfall in Elysia.md,pbp_transcripts,_local/pbp_transcripts/PbP16 - Nightfall in Elysia.md,478,481,creat_little_bear|org_hands|pers_henry|creat_ash,Little Bear|Hands of Liamassa|Henry Sleepsong|Ash,4,Little Bear|Hands|Henry|Ash,canonical|alias
169082,_local/pbp_transcripts/PbP16 - Nightfall in Elysia.md,pbp_transcripts,_local/pbp_transcripts/PbP16 - Nightfall in Elysia.md,482,493,pers_alivyre|pers_faeryne|pers_luminia|loc_elysia|pers_victor|org_hands|pers_light|pers_terry,Alivyre Dawntracker|Faeryne|Luminia|Elysia|Victor D Evernight|Hands of Liamassa|Light of Ironfang|Terry,8,Alivyre|Faeryne|Luminia|Elysia|Victor|Hands|Light|Terry,alias|canonical
169083,_local/pbp_transcripts/PbP16 - Nightfall in Elysia.md,pbp_transcripts,_local/pbp_transcripts/PbP16 - Nightfall in Elysia.md,494,499,creat_little_bear|play_bysickle|pers_henry|pers_light,Little Bear|Bysickle|Henry Sleepsong|Light of Ironfang,4,Little Bear|Bysickle|Henry|Light,canonical|alias
169084,_local/pbp_transcripts/PbP16 - Nightfall in Elysia.md,pbp_transcripts,_local/pbp_transcripts/PbP16 - Nightfall in Elysia.md,500,509,play_crowe|pers_victor|org_hands|pers_vyssa,Crowe|Victor D Evernight|Hands of Liamassa|Vyssa,4,CroweTheDualityKing|Victor|Hands|Vyssa,alias|canonical
169085,_local/pbp_transcripts/PbP16 - Nightfall in Elysia.md,pbp_transcripts,_local/pbp_transcripts/PbP16 - Nightfall in Elysia.md,510,513,pers_victor,Victor D Evernight,1,Victor,alias
169086,_local/pbp_transcripts/PbP16 - Nightfall in Elysia.md,pbp_transcripts,_local/pbp_transcripts/PbP16 - Nightfall in Elysia.md,514,517,pers_vyssa,Vyssa,1,Vyssa,canonical
169087,_local/pbp_transcripts/PbP16 - Nightfall in Elysia.md,pbp_transcripts,_local/pbp_transcripts/PbP16 - Nightfall in Elysia.md,518,521,pers_victor,Victor D Evernight,1,Victor,alias
169088,_local/pbp_transcripts/PbP16 - Nightfall in Elysia.md,pbp_transcripts,_local/pbp_transcripts/PbP16 - Nightfall in Elysia.md,522,525,pers_victor|pers_vyssa,Victor D Evernight|Vyssa,2,Victor|Vyssa,alias|canonical
169089,_local/pbp_transcripts/PbP16 - Nightfall in Elysia.md,pbp_transcripts,_local/pbp_transcripts/PbP16 - Nightfall in Elysia.md,526,529,pers_henry|pers_vyssa,Henry Sleepsong|Vyssa,2,Henry|Vyssa,alias|canonical
169090,_local/pbp_transcripts/PbP16 - Nightfall in Elysia.md,pbp_transcripts,_local/pbp_transcripts/PbP16 - Nightfall in Elysia.md,530,533,pers_victor|pers_henry,Victor D Evernight|Henry Sleepsong,2,Victor|Henry,alias
169091,_local/pbp_transcripts/PbP16 - Nightfall in Elysia.md,pbp_transcripts,_local/pbp_transcripts/PbP16 - Nightfall in Elysia.md,534,537,creat_little_bear|pers_victor,Little Bear|Victor D Evernight,2,Little Bear|Victor,canonical|alias
169092,_local/pbp_transcripts/PbP16 - Nightfall in Elysia.md,pbp_transcripts,_local/pbp_transcripts/PbP16 - Nightfall in Elysia.md,538,543,play_crowe|play_bysickle|org_academy_elysia|pers_victor|pers_henry|pers_vyssa|org_hands,Crowe|Bysickle|Elysian Academy|Victor D Evernight|Henry Sleepsong|Vyssa|Hands of Liamassa,7,CroweTheDualityKing|Bysickle|Academy|Victor|Henry|Vyssa|Hand,alias|canonical
169093,_local/pbp_transcripts/PbP16 - Nightfall in Elysia.md,pbp_transcripts,_local/pbp_transcripts/PbP16 - Nightfall in Elysia.md,544,547,pers_victor,Victor D Evernight,1,Victor,alias
169094,_local/pbp_transcripts/PbP16 - Nightfall in Elysia.md,pbp_transcripts,_local/pbp_transcripts/PbP16 - Nightfall in Elysia.md,548,553,org_academy_elysia|pers_victor|pers_henry|org_hands,Elysian Academy|Victor D Evernight|Henry Sleepsong|Hands of Liamassa,4,Academy|Victor|Henry|Hand,alias
169095,_local/pbp_transcripts/PbP16 - Nightfall in Elysia.md,pbp_transcripts,_local/pbp_transcripts/PbP16 - Nightfall in Elysia.md,554,557,org_academy_elysia|loc_elysia|art_folly|org_hands|pers_henry,Elysian Academy|Elysia|The Folly|Hands of Liamassa|Henry Sleepsong,5,Academy|Elysia|Folly|Hands|Henry|Hand,alias|canonical
169096,_local/pbp_transcripts/PbP16 - Nightfall in Elysia.md,pbp_transcripts,_local/pbp_transcripts/PbP16 - Nightfall in Elysia.md,558,561,play_bysickle|pers_henry,Bysickle|Henry Sleepsong,2,Bysickle|Henry,canonical|alias
169097,_local/pbp_transcripts/PbP16 - Nightfall in Elysia.md,pbp_transcripts,_local/pbp_transcripts/PbP16 - Nightfall in Elysia.md,562,565,pers_henry|pers_vyssa,Henry Sleepsong|Vyssa,2,Henry|Vyssa,alias|canonical
169099,_local/pbp_transcripts/PbP16 - Nightfall in Elysia.md,pbp_transcripts,_local/pbp_transcripts/PbP16 - Nightfall in Elysia.md,570,573,loc_crafthold|factn_tolanites|org_academy_elysia|loc_elysia|pers_henry,Crafthold|Tolanites|Elysian Academy|Elysia|Henry Sleepsong,5,Crafthold|Tolanites|Academy|Elysia|Henry,canonical|alias
169100,_local/pbp_transcripts/PbP16 - Nightfall in Elysia.md,pbp_transcripts,_local/pbp_transcripts/PbP16 - Nightfall in Elysia.md,574,577,play_bysickle|pers_henry,Bysickle|Henry Sleepsong,2,Bysickle|Henry,canonical|alias
169101,_local/pbp_transcripts/PbP16 - Nightfall in Elysia.md,pbp_transcripts,_local/pbp_transcripts/PbP16 - Nightfall in Elysia.md,578,581,factn_tolanites|pers_victor,Tolanites|Victor D Evernight,2,Tolanites|Victor,canonical|alias
169102,_local/pbp_transcripts/PbP16 - Nightfall in Elysia.md,pbp_transcripts,_local/pbp_transcripts/PbP16 - Nightfall in Elysia.md,582,585,pers_henry,Henry Sleepsong,1,Henry,alias
169103,_local/pbp_transcripts/PbP16 - Nightfall in Elysia.md,pbp_transcripts,_local/pbp_transcripts/PbP16 - Nightfall in Elysia.md,586,589,loc_crafthold|factn_tolanites|pers_henry,Crafthold|Tolanites|Henry Sleepsong,3,Crafthold|Tolanites|Tolanite|Henry,canonical|alias
169105,_local/pbp_transcripts/PbP16 - Nightfall in Elysia.md,pbp_transcripts,_local/pbp_transcripts/PbP16 - Nightfall in Elysia.md,594,597,play_bysickle|pers_henry,Bysickle|Henry Sleepsong,2,Bysickle|Henry,canonical|alias
169106,_local/pbp_transcripts/PbP16 - Nightfall in Elysia.md,pbp_transcripts,_local/pbp_transcripts/PbP16 - Nightfall in Elysia.md,598,601,pers_victor,Victor D Evernight,1,Victor,alias
169107,_local/pbp_transcripts/PbP16 - Nightfall in Elysia.md,pbp_transcripts,_local/pbp_transcripts/PbP16 - Nightfall in Elysia.md,602,605,pers_henry|factn_tolanites|org_academy_elysia|loc_elysia|pers_ronric|pers_victor,Henry Sleepsong|Tolanites|Elysian Academy|Elysia|Ronric|Victor D Evernight,6,Shadowboy|Tolanites|Academy|Elysia|Ronric|Victor|Henry,alias|canonical
169109,_local/pbp_transcripts/PbP16 - Nightfall in Elysia.md,pbp_transcripts,_local/pbp_transcripts/PbP16 - Nightfall in Elysia.md,610,613,pers_victor,Victor D Evernight,1,Victor,alias
169110,_local/pbp_transcripts/PbP16 - Nightfall in Elysia.md,pbp_transcripts,_local/pbp_transcripts/PbP16 - Nightfall in Elysia.md,614,619,pers_makhala|org_remedy,Makhala|Airmid's Remedy,2,Makhala|Remedy,canonical|alias
169112,_local/pbp_transcripts/PbP16 - Nightfall in Elysia.md,pbp_transcripts,_local/pbp_transcripts/PbP16 - Nightfall in Elysia.md,624,627,play_bysickle|pers_victor|pers_henry,Bysickle|Victor D Evernight|Henry Sleepsong,3,Bysickle|Victor|Henry,canonical|alias
169113,_local/pbp_transcripts/PbP16 - Nightfall in Elysia.md,pbp_transcripts,_local/pbp_transcripts/PbP16 - Nightfall in Elysia.md,628,631,org_academy_elysia|loc_elysia|pers_victor,Elysian Academy|Elysia|Victor D Evernight,3,Academy|Elysia|Victor,alias|canonical
169114,_local/pbp_transcripts/PbP16 - Nightfall in Elysia.md,pbp_transcripts,_local/pbp_transcripts/PbP16 - Nightfall in Elysia.md,632,637,pers_victor,Victor D Evernight,1,Victor,alias
169115,_local/pbp_transcripts/PbP16 - Nightfall in Elysia.md,pbp_transcripts,_local/pbp_transcripts/PbP16 - Nightfall in Elysia.md,638,641,org_academy_elysia|pers_victor|pers_henry,Elysian Academy|Victor D Evernight|Henry Sleepsong,3,Academy|Victor|Henry,alias
169117,_local/pbp_transcripts/PbP16 - Nightfall in Elysia.md,pbp_transcripts,_local/pbp_transcripts/PbP16 - Nightfall in Elysia.md,646,652,creat_little_bear|play_bysickle|pers_alivyre|pers_victor|pers_henry,Little Bear|Bysickle|Alivyre Dawntracker|Victor D Evernight|Henry Sleepsong,5,Little Bear|Bysickle|Alivyre|Victor|Henry,canonical|alias
168903,_local/pbp_transcripts/PbP17 - Night Meetings.md,pbp_transcripts,_local/pbp_transcripts/PbP17 - Night Meetings.md,1,6,pers_alivyre|pers_faeryne|pers_luminia|loc_elysia|pers_victor|pers_terry,Alivyre Dawntracker|Faeryne|Luminia|Elysia|Victor D Evernight|Terry,6,Alivyre|Faeryne|Luminia|Elysia|Victor|Terry,alias|canonical
168904,_local/pbp_transcripts/PbP17 - Night Meetings.md,pbp_transcripts,_local/pbp_transcripts/PbP17 - Night Meetings.md,7,10,pers_alivyre|pers_victor,Alivyre Dawntracker|Victor D Evernight,2,Alivyre|Victor,alias
168905,_local/pbp_transcripts/PbP17 - Night Meetings.md,pbp_transcripts,_local/pbp_transcripts/PbP17 - Night Meetings.md,11,18,pers_evaine|pers_alivyre|pers_victor,Evaine MacRorie Thuryn|Alivyre Dawntracker|Victor D Evernight,3,Evaine MacRorie Thuryn|Alivyre|Victor,canonical|alias
168911,_local/pbp_transcripts/PbP17 - Night Meetings.md,pbp_transcripts,_local/pbp_transcripts/PbP17 - Night Meetings.md,39,42,pers_alivyre|pers_faeryne,Alivyre Dawntracker|Faeryne,2,Alivyre|Faeryne,alias|canonical
168913,_local/pbp_transcripts/PbP17 - Night Meetings.md,pbp_transcripts,_local/pbp_transcripts/PbP17 - Night Meetings.md,47,52,pers_kaedra|pers_victor,Kaedra|Victor D Evernight,2,Kaedra|Victor,canonical|alias
168914,_local/pbp_transcripts/PbP17 - Night Meetings.md,pbp_transcripts,_local/pbp_transcripts/PbP17 - Night Meetings.md,53,56,pers_victor,Victor D Evernight,1,Victor,alias
168915,_local/pbp_transcripts/PbP17 - Night Meetings.md,pbp_transcripts,_local/pbp_transcripts/PbP17 - Night Meetings.md,57,62,pers_alivyre|pers_luminia|pers_victor,Alivyre Dawntracker|Luminia|Victor D Evernight,3,Alivyre|Luminia|Victor,alias|canonical
168916,_local/pbp_transcripts/PbP17 - Night Meetings.md,pbp_transcripts,_local/pbp_transcripts/PbP17 - Night Meetings.md,63,66,org_thieves|pers_alivyre|pers_makhala,Thieves Guild|Alivyre Dawntracker|Makhala,3,Thieves Guild|Alivyre|Makhala,canonical|alias
168917,_local/pbp_transcripts/PbP17 - Night Meetings.md,pbp_transcripts,_local/pbp_transcripts/PbP17 - Night Meetings.md,67,70,pers_kaedra|pers_victor,Kaedra|Victor D Evernight,2,Kaedra|Victor,canonical|alias
168918,_local/pbp_transcripts/PbP17 - Night Meetings.md,pbp_transcripts,_local/pbp_transcripts/PbP17 - Night Meetings.md,71,78,pers_kaedra,Kaedra,1,Kaedra,canonical
168919,_local/pbp_transcripts/PbP17 - Night Meetings.md,pbp_transcripts,_local/pbp_transcripts/PbP17 - Night Meetings.md,79,82,pers_kaedra,Kaedra,1,Kaedra,canonical
168920,_local/pbp_transcripts/PbP17 - Night Meetings.md,pbp_transcripts,_local/pbp_transcripts/PbP17 - Night Meetings.md,83,88,pers_alivyre|pers_faeryne|pers_kaedra|pers_victor|org_hands,Alivyre Dawntracker|Faeryne|Kaedra|Victor D Evernight|Hands of Liamassa,5,Alivyre|Faeryne|Kaedra|Victor|Hands|Hand,alias|canonical
168921,_local/pbp_transcripts/PbP17 - Night Meetings.md,pbp_transcripts,_local/pbp_transcripts/PbP17 - Night Meetings.md,89,92,play_bysickle|loc_dhassa|pers_henry,Bysickle|Dhassa|Henry Sleepsong,3,Bysickle|Dhassa|Henry,canonical|alias
168923,_local/pbp_transcripts/PbP17 - Night Meetings.md,pbp_transcripts,_local/pbp_transcripts/PbP17 - Night Meetings.md,97,100,pers_henry,Henry Sleepsong,1,Henry,alias
168924,_local/pbp_transcripts/PbP17 - Night Meetings.md,pbp_transcripts,_local/pbp_transcripts/PbP17 - Night Meetings.md,101,104,pers_alivyre,Alivyre Dawntracker,1,Alivyre,alias
168925,_local/pbp_transcripts/PbP17 - Night Meetings.md,pbp_transcripts,_local/pbp_transcripts/PbP17 - Night Meetings.md,105,108,play_bysickle|pers_victor,Bysickle|Victor D Evernight,2,Bysickle|Victor,canonical|alias
168926,_local/pbp_transcripts/PbP17 - Night Meetings.md,pbp_transcripts,_local/pbp_transcripts/PbP17 - Night Meetings.md,109,112,pers_kaedra|pers_victor|org_hands,Kaedra|Victor D Evernight|Hands of Liamassa,3,Kaedra|Victor|Hands,canonical|alias
168929,_local/pbp_transcripts/PbP17 - Night Meetings.md,pbp_transcripts,_local/pbp_transcripts/PbP17 - Night Meetings.md,121,126,org_hands,Hands of Liamassa,1,Hand,alias
168930,_local/pbp_transcripts/PbP17 - Night Meetings.md,pbp_transcripts,_local/pbp_transcripts/PbP17 - Night Meetings.md,127,132,pers_kaedra|pers_victor,Kaedra|Victor D Evernight,2,Kaedra|Victor,canonical|alias
168931,_local/pbp_transcripts/PbP17 - Night Meetings.md,pbp_transcripts,_local/pbp_transcripts/PbP17 - Night Meetings.md,133,136,pers_henry,Henry Sleepsong,1,Henry,alias
168932,_local/pbp_transcripts/PbP17 - Night Meetings.md,pbp_transcripts,_local/pbp_transcripts/PbP17 - Night Meetings.md,137,142,pers_gina,Gina,1,Gina,canonical
168933,_local/pbp_transcripts/PbP17 - Night Meetings.md,pbp_transcripts,_local/pbp_transcripts/PbP17 - Night Meetings.md,143,160,pers_faeryne|pers_kaedra|pers_victor|org_hands|pers_terry|pers_gina,Faeryne|Kaedra|Victor D Evernight|Hands of Liamassa|Terry|Gina,6,Faeryne|Kaedra|Victor|Hands|Terry|Gina,canonical|alias
168934,_local/pbp_transcripts/PbP17 - Night Meetings.md,pbp_transcripts,_local/pbp_transcripts/PbP17 - Night Meetings.md,161,164,pers_makhala|loc_elysia|org_hands,Makhala|Elysia|Hands of Liamassa,3,Makhala|Elysia|Hands,canonical|alias
168937,_local/pbp_transcripts/PbP17 - Night Meetings.md,pbp_transcripts,_local/pbp_transcripts/PbP17 - Night Meetings.md,177,184,pers_alivyre|pers_faeryne|pers_victor|pers_henry,Alivyre Dawntracker|Faeryne|Victor D Evernight|Henry Sleepsong,4,Alivyre|Faeryne|Victor|Henry,alias|canonical
168939,_local/pbp_transcripts/PbP17 - Night Meetings.md,pbp_transcripts,_local/pbp_transcripts/PbP17 - Night Meetings.md,189,194,pers_victor|play_crowe,Victor D Evernight|Crowe,2,Victor|Crowe,alias|canonical
168940,_local/pbp_transcripts/PbP17 - Night Meetings.md,pbp_transcripts,_local/pbp_transcripts/PbP17 - Night Meetings.md,195,198,pers_victor,Victor D Evernight,1,Victor,alias
168943,_local/pbp_transcripts/PbP17 - Night Meetings.md,pbp_transcripts,_local/pbp_transcripts/PbP17 - Night Meetings.md,207,210,pers_victor,Victor D Evernight,1,Victor,alias
168946,_local/pbp_transcripts/PbP17 - Night Meetings.md,pbp_transcripts,_local/pbp_transcripts/PbP17 - Night Meetings.md,221,228,pers_victor|org_hands,Victor D Evernight|Hands of Liamassa,2,Victor|Hands,alias
168947,_local/pbp_transcripts/PbP17 - Night Meetings.md,pbp_transcripts,_local/pbp_transcripts/PbP17 - Night Meetings.md,229,232,pers_victor|org_hands,Victor D Evernight|Hands of Liamassa,2,Victor|Hand,alias
168948,_local/pbp_transcripts/PbP17 - Night Meetings.md,pbp_transcripts,_local/pbp_transcripts/PbP17 - Night Meetings.md,233,246,pers_victor,Victor D Evernight,1,Victor,alias
168949,_local/pbp_transcripts/PbP17 - Night Meetings.md,pbp_transcripts,_local/pbp_transcripts/PbP17 - Night Meetings.md,247,250,org_hands|loc_elysia|org_remedy,Hands of Liamassa|Elysia|Airmid's Remedy,3,Hands of Liamassa|Elysia|Remedy|Hand,canonical|alias
168950,_local/pbp_transcripts/PbP17 - Night Meetings.md,pbp_transcripts,_local/pbp_transcripts/PbP17 - Night Meetings.md,251,254,pers_victor,Victor D Evernight,1,Victor,alias
168952,_local/pbp_transcripts/PbP17 - Night Meetings.md,pbp_transcripts,_local/pbp_transcripts/PbP17 - Night Meetings.md,259,278,pers_victor|org_hands,Victor D Evernight|Hands of Liamassa,2,Victor|Hand,alias
168953,_local/pbp_transcripts/PbP17 - Night Meetings.md,pbp_transcripts,_local/pbp_transcripts/PbP17 - Night Meetings.md,279,282,pers_liavarah|pers_victor,Liavarah|Victor D Evernight,2,Liavarah|Victor,canonical|alias
168954,_local/pbp_transcripts/PbP17 - Night Meetings.md,pbp_transcripts,_local/pbp_transcripts/PbP17 - Night Meetings.md,283,294,org_remedy|pers_victor|org_hands,Airmid's Remedy|Victor D Evernight|Hands of Liamassa,3,Remedy|Victor|Hands,alias
168955,_local/pbp_transcripts/PbP17 - Night Meetings.md,pbp_transcripts,_local/pbp_transcripts/PbP17 - Night Meetings.md,295,298,pers_victor|pers_piers,Victor D Evernight|Piers Ashton,2,Victor|Piers,alias
168956,_local/pbp_transcripts/PbP17 - Night Meetings.md,pbp_transcripts,_local/pbp_transcripts/PbP17 - Night Meetings.md,299,304,pers_victor|pers_piers|org_hands,Victor D Evernight|Piers Ashton|Hands of Liamassa,3,Victor|Piers|Hand,alias
168957,_local/pbp_transcripts/PbP17 - Night Meetings.md,pbp_transcripts,_local/pbp_transcripts/PbP17 - Night Meetings.md,305,308,pers_victor,Victor D Evernight,1,Victor,alias
168959,_local/pbp_transcripts/PbP17 - Night Meetings.md,pbp_transcripts,_local/pbp_transcripts/PbP17 - Night Meetings.md,313,317,pers_alivyre|pers_victor|pers_todd,Alivyre Dawntracker|Victor D Evernight|Todd,3,Alivyre|Victor|Todd,alias|canonical
168960,_local/pbp_transcripts/PbP17 - Night Meetings.md,pbp_transcripts,_local/pbp_transcripts/PbP17 - Night Meetings.md,318,325,org_academy_elysia|pers_alivyre|pers_faeryne|pers_luminia|pers_victor|pers_terry,Elysian Academy|Alivyre Dawntracker|Faeryne|Luminia|Victor D Evernight|Terry,6,Academy|Alivyre|Faeryne|Luminia|Victor|Terry,alias|canonical
168961,_local/pbp_transcripts/PbP17 - Night Meetings.md,pbp_transcripts,_local/pbp_transcripts/PbP17 - Night Meetings.md,326,329,pers_alivyre|pers_victor|org_hands|pers_henry|pers_vyssa|pers_todd,Alivyre Dawntracker|Victor D Evernight|Hands of Liamassa|Henry Sleepsong|Vyssa|Todd,6,Alivyre|Victor|Hands|Henry|Vyssa|Todd,alias|canonical
168963,_local/pbp_transcripts/PbP17 - Night Meetings.md,pbp_transcripts,_local/pbp_transcripts/PbP17 - Night Meetings.md,334,337,pers_victor|pers_piers,Victor D Evernight|Piers Ashton,2,Victor|Piers,alias
168964,_local/pbp_transcripts/PbP17 - Night Meetings.md,pbp_transcripts,_local/pbp_transcripts/PbP17 - Night Meetings.md,338,341,pers_henry,Henry Sleepsong,1,Henry,alias
168966,_local/pbp_transcripts/PbP17 - Night Meetings.md,pbp_transcripts,_local/pbp_transcripts/PbP17 - Night Meetings.md,346,352,pers_makhala|pers_victor|pers_piers,Makhala|Victor D Evernight|Piers Ashton,3,Makhala|Victor|Piers,canonical|alias
168969,_local/pbp_transcripts/PbP17 - Night Meetings.md,pbp_transcripts,_local/pbp_transcripts/PbP17 - Night Meetings.md,361,366,pers_victor|pers_emily|pers_piers,Victor D Evernight|Emily Ashton|Piers Ashton,3,Victor|Emily|Piers,alias
168970,_local/pbp_transcripts/PbP17 - Night Meetings.md,pbp_transcripts,_local/pbp_transcripts/PbP17 - Night Meetings.md,367,370,pers_emily,Emily Ashton,1,Emily,alias
168971,_local/pbp_transcripts/PbP17 - Night Meetings.md,pbp_transcripts,_local/pbp_transcripts/PbP17 - Night Meetings.md,371,374,pers_victor,Victor D Evernight,1,Victor,alias
168972,_local/pbp_transcripts/PbP17 - Night Meetings.md,pbp_transcripts,_local/pbp_transcripts/PbP17 - Night Meetings.md,375,380,pers_makhala|pers_victor|pers_emily|pers_piers,Makhala|Victor D Evernight|Emily Ashton|Piers Ashton,4,Makhala|Victor|Emily|Piers,canonical|alias
168973,_local/pbp_transcripts/PbP17 - Night Meetings.md,pbp_transcripts,_local/pbp_transcripts/PbP17 - Night Meetings.md,381,384,factn_tolanites|loc_elysia|org_remedy|pers_victor|org_hands,Tolanites|Elysia|Airmid's Remedy|Victor D Evernight|Hands of Liamassa,5,Tolanites|Tolanite|Elysia|Remedy|Victor|Hands,canonical|alias
168974,_local/pbp_transcripts/PbP17 - Night Meetings.md,pbp_transcripts,_local/pbp_transcripts/PbP17 - Night Meetings.md,385,390,pers_makhala|pers_victor,Makhala|Victor D Evernight,2,Makhala|Victor,canonical|alias
168975,_local/pbp_transcripts/PbP17 - Night Meetings.md,pbp_transcripts,_local/pbp_transcripts/PbP17 - Night Meetings.md,391,394,loc_elysia|creat_mine,Elysia|Mine,2,Elysia|Mine,canonical
168976,_local/pbp_transcripts/PbP17 - Night Meetings.md,pbp_transcripts,_local/pbp_transcripts/PbP17 - Night Meetings.md,395,404,pers_makhala|pers_victor|pers_emily|org_hands|pers_piers,Makhala|Victor D Evernight|Emily Ashton|Hands of Liamassa|Piers Ashton,5,Makhala|Victor|Emily|Hands|Piers,canonical|alias
168978,_local/pbp_transcripts/PbP17 - Night Meetings.md,pbp_transcripts,_local/pbp_transcripts/PbP17 - Night Meetings.md,409,412,pers_piers,Piers Ashton,1,Piers,alias
169451,_local/pbp_transcripts/PbP18 - TBD.md,pbp_transcripts,_local/pbp_transcripts/PbP18 - TBD.md,1,4,pers_alivyre|pers_victor,Alivyre Dawntracker|Victor D Evernight,2,Alivyre|Victor,alias
169452,_local/pbp_transcripts/PbP18 - TBD.md,pbp_transcripts,_local/pbp_transcripts/PbP18 - TBD.md,5,23,pers_alivyre|pers_faeryne|pers_henry|org_hands,Alivyre Dawntracker|Faeryne|Henry Sleepsong|Hands of Liamassa,4,Alivyre|Faeryne|Henry|Hand,alias|canonical
169453,_local/pbp_transcripts/PbP18 - TBD.md,pbp_transcripts,_local/pbp_transcripts/PbP18 - TBD.md,24,39,factn_tolanites|pers_victor,Tolanites|Victor D Evernight,2,Tolanite|Victor,alias
169454,_local/pbp_transcripts/PbP18 - TBD.md,pbp_transcripts,_local/pbp_transcripts/PbP18 - TBD.md,40,43,pers_light,Light of Ironfang,1,Light,alias
169455,_local/pbp_transcripts/PbP18 - TBD.md,pbp_transcripts,_local/pbp_transcripts/PbP18 - TBD.md,44,47,play_bysickle|pers_victor|pers_henry,Bysickle|Victor D Evernight|Henry Sleepsong,3,Bysickle|Victor|Henry,canonical|alias
169457,_local/pbp_transcripts/PbP18 - TBD.md,pbp_transcripts,_local/pbp_transcripts/PbP18 - TBD.md,52,63,creat_little_bear|play_bysickle|pers_faeryne|pers_evaine|pers_victor|pers_henry,Little Bear|Bysickle|Faeryne|Evaine MacRorie Thuryn|Victor D Evernight|Henry Sleepsong,6,Little Bear|Bysickle|Faeryne|Evaine|Victor|Henry,canonical|alias
169458,_local/pbp_transcripts/PbP18 - TBD.md,pbp_transcripts,_local/pbp_transcripts/PbP18 - TBD.md,64,71,pers_alivyre|pers_luminia|pers_victor|pers_henry|pers_terry,Alivyre Dawntracker|Luminia|Victor D Evernight|Henry Sleepsong|Terry,5,Alivyre|Luminia|Victor|Henry|Terry,alias|canonical
169460,_local/pbp_transcripts/PbP18 - TBD.md,pbp_transcripts,_local/pbp_transcripts/PbP18 - TBD.md,76,79,pers_alivyre,Alivyre Dawntracker,1,Alivyre,alias
169461,_local/pbp_transcripts/PbP18 - TBD.md,pbp_transcripts,_local/pbp_transcripts/PbP18 - TBD.md,80,83,pers_alivyre|pers_faeryne|pers_henry,Alivyre Dawntracker|Faeryne|Henry Sleepsong,3,Alivyre|Faeryne|Henry,alias|canonical
169462,_local/pbp_transcripts/PbP18 - TBD.md,pbp_transcripts,_local/pbp_transcripts/PbP18 - TBD.md,84,92,play_bysickle|pers_alivyre|pers_faeryne|loc_dhassa|pers_victor|pers_henry,Bysickle|Alivyre Dawntracker|Faeryne|Dhassa|Victor D Evernight|Henry Sleepsong,6,Bysickle|Alivyre|Faeryne|Dhassa|Victor|Henry,canonical|alias
169464,_local/pbp_transcripts/PbP18 - TBD.md,pbp_transcripts,_local/pbp_transcripts/PbP18 - TBD.md,97,100,pers_ronric|pers_todd,Ronric|Todd,2,Ronric|Todd,canonical
169465,_local/pbp_transcripts/PbP18 - TBD.md,pbp_transcripts,_local/pbp_transcripts/PbP18 - TBD.md,101,108,pers_faeryne|pers_henry,Faeryne|Henry Sleepsong,2,Faeryne|Henry,canonical|alias
169466,_local/pbp_transcripts/PbP18 - TBD.md,pbp_transcripts,_local/pbp_transcripts/PbP18 - TBD.md,109,112,pers_faeryne|pers_todd,Faeryne|Todd,2,Faeryne|Todd,canonical
169469,_local/pbp_transcripts/PbP18 - TBD.md,pbp_transcripts,_local/pbp_transcripts/PbP18 - TBD.md,121,125,pers_alivyre|pers_faeryne|pers_victor|org_hands|pers_henry|pers_todd,Alivyre Dawntracker|Faeryne|Victor D Evernight|Hands of Liamassa|Henry Sleepsong|Todd,6,Alivyre|Faeryne|Victor|Hands|Henry|Todd,alias|canonical
170111,_local/planning_notes/Allip Encounter Notes.md,planning_notes,_local/planning_notes/Allip Encounter Notes.md,3,29,pers_liavarah|pers_faeryne|pers_urgulk|pers_hadar|pers_henry,Liavarah|Faeryne|Urgulk|Hadar|Henry Sleepsong,5,Liavarah|Faeryne|Urgulk|Hadar|Henry,canonical|alias
170112,_local/planning_notes/Allip Encounter Notes.md,planning_notes,_local/planning_notes/Allip Encounter Notes.md,30,51,pers_aren,Aren,1,Aren,canonical
170131,_local/planning_notes/Elulind map descriptions.md,planning_notes,_local/planning_notes/Elulind map descriptions.md,1,41,loc_elulind|loc_wolfstream|loc_tolan|loc_abbey|loc_druwen|loc_jotunheim|loc_northbend|loc_cameth|loc_monadh_mor|loc_trollhills|loc_blackburn|loc_blackwood|loc_crafthold|loc_eth_aldur|loc_stonehome|loc_brechin|loc_dereham|loc_guldrur|loc_killeth|loc_thurway|loc_torenth|loc_dhassa|loc_elysia|loc_rarmal|pers_eghad|creat_mine,Kingdom of Elulind|Wolfstream Village|Kingdom of Tolàn|Wolfstream Abbey|Duchy of Druwen|Jotunheim Peaks|North Bend FOB|Cameth Brin|Monadh Mor|Trollhills|Blackburn|Blackwood|Crafthold|Eth Aldur|Stonehome|Brechin|Dereham|Guldrur|Killeth|Thurway|Torenth|Dhassa|Elysia|Rarmal|Eghad|Mine,26,Kingdom of Elulind|Wolfstream Village|Kingdom of Tolàn|Wolfstream Abbey|Duchy of Druwen|Jotunheim Peaks|North Bend FOB|Cameth Brin|Monadh Mor|Trollhills|Wolfstream|Blackburn|Blackwood|Crafthold|Eth Aldur|Stonehome|Brechin|Dereham|Elulind|Guldrur|Killeth|Thurway|Torenth|Dhassa|Elysia|Rarmal|Eghad|Mine,canonical|alias
169939,_local/planning_notes/The Premature Pods Mystery.md,planning_notes,_local/planning_notes/The Premature Pods Mystery.md,1,10,pers_tanzo,Tanzo,1,Tanzo,canonical
169941,_local/planning_notes/The Premature Pods Mystery.md,planning_notes,_local/planning_notes/The Premature Pods Mystery.md,13,24,pers_light,Light of Ironfang,1,Light,alias
169942,_local/planning_notes/The Premature Pods Mystery.md,planning_notes,_local/planning_notes/The Premature Pods Mystery.md,25,52,pers_elaris|pers_holly|pers_tanzo|pers_aren|pers_katy,Elaris Thorne|Holly|Tanzo|Aren|Katy,5,Elaris|Holly|Tanzo|Aren|Katy,alias|canonical
169943,_local/planning_notes/The Premature Pods Mystery.md,planning_notes,_local/planning_notes/The Premature Pods Mystery.md,53,64,org_myconids|pers_tanzo,Myconids|Tanzo,2,Myconids|Tanzo,canonical
169944,_local/planning_notes/The Premature Pods Mystery.md,planning_notes,_local/planning_notes/The Premature Pods Mystery.md,65,94,loc_crafthold|pers_elaris|pers_holly|pers_katy,Crafthold|Elaris Thorne|Holly|Katy,4,Crafthold|Elaris|Holly|Katy,canonical|alias
169945,_local/planning_notes/The Premature Pods Mystery.md,planning_notes,_local/planning_notes/The Premature Pods Mystery.md,95,104,pers_elaris|pers_holly|pers_katy,Elaris Thorne|Holly|Katy,3,Elaris|Holly|Katy,alias|canonical
169949,_local/planning_notes/The Premature Pods Mystery.md,planning_notes,_local/planning_notes/The Premature Pods Mystery.md,119,122,loc_crafthold,Crafthold,1,Crafthold,canonical
169950,_local/planning_notes/The Premature Pods Mystery.md,planning_notes,_local/planning_notes/The Premature Pods Mystery.md,123,134,org_myconids|pers_light|pers_jane,Myconids|Light of Ironfang|Jane,3,Myconids|Light|Jane,canonical|alias
169951,_local/planning_notes/The Premature Pods Mystery.md,planning_notes,_local/planning_notes/The Premature Pods Mystery.md,135,172,pers_elaris|pers_holly|pers_katy,Elaris Thorne|Holly|Katy,3,Elaris|Holly|Katy,alias|canonical
169954,_local/planning_notes/The Premature Pods Mystery.md,planning_notes,_local/planning_notes/The Premature Pods Mystery.md,197,204,pers_holly|pers_light,Holly|Light of Ironfang,2,Holly|Light,canonical|alias
169959,_local/planning_notes/The Premature Pods Mystery.md,planning_notes,_local/planning_notes/The Premature Pods Mystery.md,233,244,pers_elaris,Elaris Thorne,1,Elaris,alias
169960,_local/planning_notes/The Premature Pods Mystery.md,planning_notes,_local/planning_notes/The Premature Pods Mystery.md,245,258,pers_elaris|pers_holly|pers_katy,Elaris Thorne|Holly|Katy,3,Elaris|Holly|Katy,alias|canonical
169963,_local/planning_notes/The Premature Pods Mystery.md,planning_notes,_local/planning_notes/The Premature Pods Mystery.md,283,286,creat_mine,Mine,1,Mine,canonical
169967,_local/planning_notes/The Premature Pods Mystery.md,planning_notes,_local/planning_notes/The Premature Pods Mystery.md,346,353,pers_elaris|pers_holly|pers_katy,Elaris Thorne|Holly|Katy,3,Elaris|Holly|Katy,alias|canonical
170113,_local/planning_notes/The Spencer Heir.md,planning_notes,_local/planning_notes/The Spencer Heir.md,1,15,factn_spencer,The Spencer Heir,1,The Spencer Heir,canonical
170114,_local/planning_notes/The Spencer Heir.md,planning_notes,_local/planning_notes/The Spencer Heir.md,16,28,factn_spencer,The Spencer Heir,1,Spencer,alias
170115,_local/planning_notes/The Spencer Heir.md,planning_notes,_local/planning_notes/The Spencer Heir.md,29,38,factn_tolanites|pers_makhala|pers_victor|pers_rhys,Tolanites|Makhala|Victor D Evernight|Rhys Thuryn,4,Tolanite|Makhala|Victor|Rhys,alias|canonical
170117,_local/planning_notes/The Spencer Heir.md,planning_notes,_local/planning_notes/The Spencer Heir.md,41,52,pers_makhala,Makhala,1,Makhala,canonical
170118,_local/planning_notes/The Spencer Heir.md,planning_notes,_local/planning_notes/The Spencer Heir.md,53,58,pers_ricardo|org_remedy|pers_piers,Ricardo Alcocer|Airmid's Remedy|Piers Ashton,3,Ricardo|Remedy|Piers,alias
170119,_local/planning_notes/The Spencer Heir.md,planning_notes,_local/planning_notes/The Spencer Heir.md,59,68,factn_spencer|org_remedy,The Spencer Heir|Airmid's Remedy,2,Spencer|Remedy,alias
170120,_local/planning_notes/The Spencer Heir.md,planning_notes,_local/planning_notes/The Spencer Heir.md,69,73,factn_spencer|off_lead_elulind|factn_tolanites|org_remedy,The Spencer Heir|King of Elulind|Tolanites|Airmid's Remedy,4,The Spencer Heir|King of Elulind|Tolanites|Tolanite|Remedy,canonical|alias
170121,_local/planning_notes/The Spencer Heir.md,planning_notes,_local/planning_notes/The Spencer Heir.md,74,81,factn_spencer|factn_tolanites|loc_tolan,The Spencer Heir|Tolanites|Kingdom of Tolàn,3,The Spencer Heir|Tolanite|Tolan,canonical|alias
170122,_local/planning_notes/The Spencer Heir.md,planning_notes,_local/planning_notes/The Spencer Heir.md,82,95,factn_tolanites|loc_elulind,Tolanites|Kingdom of Elulind,2,Tolanites|Elulind,canonical|alias
170123,_local/planning_notes/The Spencer Heir.md,planning_notes,_local/planning_notes/The Spencer Heir.md,96,102,factn_tolanites|org_remedy,Tolanites|Airmid's Remedy,2,Tolanites|Remedy,canonical|alias
170124,_local/planning_notes/The Wolfstream Situation.md,planning_notes,_local/planning_notes/The Wolfstream Situation.md,1,22,pers_brigitte_ware|loc_abbey|pers_cullen,Mother Brigitte Ware|Wolfstream Abbey|Alister Cullen,3,Mother Brigitte Ware|Wolfstream Abbey|Alister Cullen|Cullen|Abbey,canonical|alias
170125,_local/planning_notes/The Wolfstream Situation.md,planning_notes,_local/planning_notes/The Wolfstream Situation.md,23,44,pers_brigitte_ware|loc_abbey|pers_newberry|loc_wolfstream|factn_spencer,Mother Brigitte Ware|Wolfstream Abbey|Evan Newberry|Wolfstream Village|The Spencer Heir,5,Mother Brigitte Ware|Wolfstream Abbey|Evan Newberry|Wolfstream|Spencer|Abbey,canonical|alias
170126,_local/planning_notes/The Wolfstream Situation.md,planning_notes,_local/planning_notes/The Wolfstream Situation.md,45,70,loc_abbey|pers_newberry|org_ravens|factn_spencer,Wolfstream Abbey|Evan Newberry|Death Ravens|The Spencer Heir,4,Wolfstream Abbey|Evan Newberry|Death Ravens|Spencer|Abbey,canonical|alias
170127,_local/planning_notes/The Wolfstream Situation.md,planning_notes,_local/planning_notes/The Wolfstream Situation.md,71,100,loc_abbey|pers_newberry|org_ravens|factn_spencer,Wolfstream Abbey|Evan Newberry|Death Ravens|The Spencer Heir,4,Wolfstream Abbey|Evan Newberry|Death Ravens|Spencer|Abbey,canonical|alias
170128,_local/planning_notes/The Wolfstream Situation.md,planning_notes,_local/planning_notes/The Wolfstream Situation.md,101,122,loc_abbey|org_jackals|pers_newberry|org_ravens|loc_wolfstream|pers_caldwell|factn_spencer,Wolfstream Abbey|Silver Jackals|Evan Newberry|Death Ravens|Wolfstream Village|Selis Caldwell|The Spencer Heir,7,Wolfstream Abbey|Silver Jackals|Evan Newberry|Death Ravens|Wolfstream|Caldwell|Spencer|Abbey,canonical|alias
170130,_local/planning_notes/The Wolfstream Situation.md,planning_notes,_local/planning_notes/The Wolfstream Situation.md,125,159,pers_brigitte_ware|loc_abbey|pers_cullen|loc_northbend|org_orcs|loc_wolfstream|loc_crafthold|pers_caldwell|pers_newberry|loc_elulind|pers_soren|pers_unala|creat_mine|pers_bre,Mother Brigitte Ware|Wolfstream Abbey|Alister Cullen|North Bend FOB|Orc Nation|Wolfstream Village|Crafthold|Selis Caldwell|Evan Newberry|Kingdom of Elulind|Soren|Unala Vortoise|Mine|Breanna Arch,14,Mother Brigitte Ware|Wolfstream Abbey|Alister Cullen|North Bend FOB|Orc Nation|Wolfstream|Crafthold|Caldwell|Newberry|Elulind|Cullen|Abbey|Soren|Unala|Mine|Bre,canonical|alias
170020,_local/planning_notes/Victor’s Causal Chain.md,planning_notes,_local/planning_notes/Victor’s Causal Chain.md,1,62,pers_alivyre|pers_victor|pers_henry,Alivyre Dawntracker|Victor D Evernight|Henry Sleepsong,3,Alivyre|Victor|Henry,alias
169932,_local/planning_notes/Who Knows What.md,planning_notes,_local/planning_notes/Who Knows What.md,2,32,org_diamond|loc_dhassa|loc_elysia|org_remedy|pers_henry|pers_kavar,Black Diamond|Dhassa|Elysia|Airmid's Remedy|Henry Sleepsong|Kavar Protis,6,Black Diamond|Dhassa|Elysia|Remedy|Henry|Kavar,canonical|alias
169933,_local/planning_notes/Who Knows What.md,planning_notes,_local/planning_notes/Who Knows What.md,33,67,pers_alivyre|pers_henry|pers_mercy,Alivyre Dawntracker|Henry Sleepsong|Mercy Windriver,3,Alivyre|Henry|Mercy,alias
169934,_local/planning_notes/Who Knows What.md,planning_notes,_local/planning_notes/Who Knows What.md,68,90,pers_shworn|pers_eira|pers_henry,Shworn Sleepsong|Eira Sleepsong|Henry Sleepsong,3,Shworn Sleepsong|Eira Sleepsong|Shworn|Henry|Eira,canonical|alias
169935,_local/planning_notes/Who Knows What.md,planning_notes,_local/planning_notes/Who Knows What.md,91,119,pers_edda|loc_dhassa|loc_elysia|org_remedy|pers_henry|pers_kavar,Edda MacInnis|Dhassa|Elysia|Airmid's Remedy|Henry Sleepsong|Kavar Protis,6,Edda MacInnis|Dhassa|Elysia|Remedy|Henry|Kavar|Edda,canonical|alias
169936,_local/planning_notes/Who Knows What.md,planning_notes,_local/planning_notes/Who Knows What.md,120,156,pers_kir|org_sleepsong|loc_elysia|pers_shworn|pers_henry,Kir Selaz|Sleepsong Clan|Elysia|Shworn Sleepsong|Henry Sleepsong,5,Kir Selaz|Sleepsong|Elysia|Shworn|Henry,canonical|alias
169937,_local/planning_notes/Who Knows What.md,planning_notes,_local/planning_notes/Who Knows What.md,157,183,org_ravencrest|factn_wolf_clan|loc_killeth|loc_thurway|loc_dhassa|org_remedy|pers_henry,Ravencrest Merchant Family|Wolf Clan|Killeth|Thurway|Dhassa|Airmid's Remedy|Henry Sleepsong,7,Ravencrest|Wolf Clan|Killeth|Thurway|Dhassa|Remedy|Henry,alias|canonical
169938,_local/planning_notes/Who Knows What.md,planning_notes,_local/planning_notes/Who Knows What.md,184,203,pers_cullen|factn_tolanites|loc_elulind|loc_elysia|org_remedy,Alister Cullen|Tolanites|Kingdom of Elulind|Elysia|Airmid's Remedy,5,Alister Cullen|Tolanites|Tolanite|Elulind|Elysia|Remedy,canonical|alias
170044,_local/planning_notes/current_Dhassa staged narration.md,planning_notes,_local/planning_notes/current_Dhassa staged narration.md,1,32,pers_ricardo|pers_alivyre|pers_faeryne|pers_luminia|pers_makhala|pers_evaine|pers_ronric|pers_shworn|pers_urgulk|pers_victor|pers_emily|pers_henry|pers_joram|pers_kavar|pers_piers|pers_terry|pers_vyssa|pers_gina|pers_rhys,Ricardo Alcocer|Alivyre Dawntracker|Faeryne|Luminia|Makhala|Evaine MacRorie Thuryn|Ronric|Shworn Sleepsong|Urgulk|Victor D Evernight|Emily Ashton|Henry Sleepsong|Joram MacRorie|Kavar Protis|Piers Ashton|Terry|Vyssa|Gina|Rhys Thuryn,19,Ricardo Alcocer|Alivyre|Faeryne|Luminia|Makhala|Evaine|Ronric|Shworn|Urgulk|Victor|Emily|Henry|Joram|Kavar|Piers|Terry|Vyssa|Gina|Rhys,canonical|alias
170045,_local/planning_notes/current_Dhassa staged narration.md,planning_notes,_local/planning_notes/current_Dhassa staged narration.md,33,61,pers_alivyre|pers_faeryne|pers_victor|pers_henry|pers_light|pers_terry|pers_claw|org_hands|pers_rhys|creat_ash,Alivyre Dawntracker|Faeryne|Victor D Evernight|Henry Sleepsong|Light of Ironfang|Terry|Claw of Ironfang|Hands of Liamassa|Rhys Thuryn|Ash,10,Alivyre|Faeryne|Victor|Henry|Light|Terry|Claw|Hand|Rhys|Ash,alias|canonical
170047,_local/planning_notes/current_Dhassa staged narration.md,planning_notes,_local/planning_notes/current_Dhassa staged narration.md,64,81,factn_tolanites|pers_evaine,Tolanites|Evaine MacRorie Thuryn,2,Tolanite|Evaine,alias
170049,_local/planning_notes/current_Dhassa staged narration.md,planning_notes,_local/planning_notes/current_Dhassa staged narration.md,96,115,pers_evaine,Evaine MacRorie Thuryn,1,Evaine,alias
170050,_local/planning_notes/current_Dhassa staged narration.md,planning_notes,_local/planning_notes/current_Dhassa staged narration.md,116,129,org_remedy,Airmid's Remedy,1,Remedy,alias
170052,_local/planning_notes/current_Dhassa staged narration.md,planning_notes,_local/planning_notes/current_Dhassa staged narration.md,140,153,org_remedy,Airmid's Remedy,1,Remedy,alias
170053,_local/planning_notes/current_Dhassa staged narration.md,planning_notes,_local/planning_notes/current_Dhassa staged narration.md,154,167,org_academy_elysia,Elysian Academy,1,Academy,alias
170054,_local/planning_notes/current_Dhassa staged narration.md,planning_notes,_local/planning_notes/current_Dhassa staged narration.md,168,179,org_remedy,Airmid's Remedy,1,Remedy,alias
170055,_local/planning_notes/current_Dhassa staged narration.md,planning_notes,_local/planning_notes/current_Dhassa staged narration.md,180,191,factn_tolanites|org_remedy,Tolanites|Airmid's Remedy,2,Tolanite|Remedy,alias
170057,_local/planning_notes/current_Dhassa staged narration.md,planning_notes,_local/planning_notes/current_Dhassa staged narration.md,194,195,pers_victor,Victor D Evernight,1,Victor,alias
170058,_local/planning_notes/current_Dhassa staged narration.md,planning_notes,_local/planning_notes/current_Dhassa staged narration.md,196,229,factn_tolanites|pers_makhala|pers_ricardo|pers_evaine|org_remedy|pers_victor|pers_henry|pers_joram|pers_rhys,Tolanites|Makhala|Ricardo Alcocer|Evaine MacRorie Thuryn|Airmid's Remedy|Victor D Evernight|Henry Sleepsong|Joram MacRorie|Rhys Thuryn,9,Tolanites|Makhala|Ricardo|Evaine|Remedy|Victor|Henry|Joram|Rhys,canonical|alias
170059,_local/planning_notes/current_Dhassa staged narration.md,planning_notes,_local/planning_notes/current_Dhassa staged narration.md,230,237,pers_victor,Victor D Evernight,1,Victor,alias
170060,_local/planning_notes/current_Dhassa staged narration.md,planning_notes,_local/planning_notes/current_Dhassa staged narration.md,238,253,pers_makhala|pers_ricardo|pers_evaine|org_remedy|pers_rhys,Makhala|Ricardo Alcocer|Evaine MacRorie Thuryn|Airmid's Remedy|Rhys Thuryn,5,Makhala|Ricardo|Evaine|Remedy|Rhys,canonical|alias
170061,_local/planning_notes/current_Dhassa staged narration.md,planning_notes,_local/planning_notes/current_Dhassa staged narration.md,254,261,org_ravencrest|factn_tolanites|factn_wolf_clan|org_academy_elysia|loc_elulind|loc_dhassa|loc_elysia|org_remedy|pers_victor|pers_henry|pers_vyssa|pers_rhys,Ravencrest Merchant Family|Tolanites|Wolf Clan|Elysian Academy|Kingdom of Elulind|Dhassa|Elysia|Airmid's Remedy|Victor D Evernight|Henry Sleepsong|Vyssa|Rhys Thuryn,12,Ravencrest Merchant Family|Tolanites|Wolf Clan|Tolanite|Academy|Elulind|Dhassa|Elysia|Remedy|Victor|Henry|Vyssa|Rhys,canonical|alias
170062,_local/planning_notes/current_Dhassa staged narration.md,planning_notes,_local/planning_notes/current_Dhassa staged narration.md,262,309,pers_evaine|pers_victor|pers_rhys,Evaine MacRorie Thuryn|Victor D Evernight|Rhys Thuryn,3,Evaine|Victor|Rhys,alias
170063,_local/planning_notes/current_Dhassa staged narration.md,planning_notes,_local/planning_notes/current_Dhassa staged narration.md,310,311,pers_ronric,Ronric,1,Ronric,canonical
170064,_local/planning_notes/current_Dhassa staged narration.md,planning_notes,_local/planning_notes/current_Dhassa staged narration.md,312,313,pers_ronric,Ronric,1,Ronric,canonical
170065,_local/planning_notes/current_Dhassa staged narration.md,planning_notes,_local/planning_notes/current_Dhassa staged narration.md,314,325,loc_blackwood|loc_elysia|pers_ronric|org_hands,Blackwood|Elysia|Ronric|Hands of Liamassa,4,Blackwood|Elysia|Ronric|Hands,canonical|alias
170066,_local/planning_notes/current_Dhassa staged narration.md,planning_notes,_local/planning_notes/current_Dhassa staged narration.md,326,342,pers_ronric|org_hands,Ronric|Hands of Liamassa,2,Ronric|Hands,canonical|alias
170067,_local/planning_notes/current_Dhassa staged narration.md,planning_notes,_local/planning_notes/current_Dhassa staged narration.md,343,344,pers_ronric,Ronric,1,Ronric,canonical
170068,_local/planning_notes/current_Dhassa staged narration.md,planning_notes,_local/planning_notes/current_Dhassa staged narration.md,345,368,pers_ronric,Ronric,1,Ronric,canonical
170069,_local/planning_notes/current_Dhassa staged narration.md,planning_notes,_local/planning_notes/current_Dhassa staged narration.md,369,394,loc_blackwood|pers_ronric|org_hands,Blackwood|Ronric|Hands of Liamassa,3,Blackwood|Ronric|Hands,canonical|alias
170070,_local/planning_notes/current_Dhassa staged narration.md,planning_notes,_local/planning_notes/current_Dhassa staged narration.md,395,418,pers_ronric,Ronric,1,Ronric,canonical
170071,_local/planning_notes/current_Dhassa staged narration.md,planning_notes,_local/planning_notes/current_Dhassa staged narration.md,419,442,pers_ronric|org_hands,Ronric|Hands of Liamassa,2,Ronric|Hands,canonical|alias
170072,_local/planning_notes/current_Dhassa staged narration.md,planning_notes,_local/planning_notes/current_Dhassa staged narration.md,443,458,pers_ronric|org_hands,Ronric|Hands of Liamassa,2,Ronric|Hands,canonical|alias
170073,_local/planning_notes/current_Dhassa staged narration.md,planning_notes,_local/planning_notes/current_Dhassa staged narration.md,459,473,pers_ronric,Ronric,1,Ronric,canonical
170075,_local/planning_notes/current_Dhassa staged narration.md,planning_notes,_local/planning_notes/current_Dhassa staged narration.md,476,535,pers_alivyre|pers_faeryne|pers_luminia|pers_makhala|pers_kaedra|pers_victor|pers_henry|pers_piers|pers_terry,Alivyre Dawntracker|Faeryne|Luminia|Makhala|Kaedra|Victor D Evernight|Henry Sleepsong|Piers Ashton|Terry,9,Alivyre|Faeryne|Luminia|Makhala|Kaedra|Victor|Henry|Piers|Terry,alias|canonical
170076,_local/planning_notes/current_Dhassa staged narration.md,planning_notes,_local/planning_notes/current_Dhassa staged narration.md,536,541,pers_victor|pers_henry,Victor D Evernight|Henry Sleepsong,2,Victor|Henry,alias
170077,_local/planning_notes/current_Dhassa staged narration.md,planning_notes,_local/planning_notes/current_Dhassa staged narration.md,542,589,pers_alivyre|org_remedy|pers_henry|org_hands,Alivyre Dawntracker|Airmid's Remedy|Henry Sleepsong|Hands of Liamassa,4,Alivyre|Remedy|Henry|Hand,alias
169970,_local/planning_notes/current_IWTC names.md,planning_notes,_local/planning_notes/current_IWTC names.md,7,82,loc_elulind|loc_wolfstream|loc_tolan|loc_abbey|loc_druwen|loc_jotunheim|loc_northbend|loc_cameth|loc_monadh_mor|loc_trollhills|loc_blackburn|loc_blackwood|loc_crafthold|loc_eth_aldur|loc_stonehome|loc_brechin|loc_dereham|loc_guldrur|loc_killeth|loc_thurway|loc_torenth|loc_dhassa|loc_elysia|loc_rarmal|pers_eghad|pers_henry|creat_mine,Kingdom of Elulind|Wolfstream Village|Kingdom of Tolàn|Wolfstream Abbey|Duchy of Druwen|Jotunheim Peaks|North Bend FOB|Cameth Brin|Monadh Mor|Trollhills|Blackburn|Blackwood|Crafthold|Eth Aldur|Stonehome|Brechin|Dereham|Guldrur|Killeth|Thurway|Torenth|Dhassa|Elysia|Rarmal|Eghad|Henry Sleepsong|Mine,27,Kingdom of Elulind|Wolfstream Village|Kingdom of Tolàn|Wolfstream Abbey|Duchy of Druwen|Jotunheim Peaks|North Bend FOB|Cameth Brin|Monadh Mor|Trollhills|Wolfstream|Blackburn|Blackwood|Crafthold|Eth Aldur|Stonehome|Brechin|Dereham|Elulind|Guldrur|Killeth|Thurway|Torenth|Dhassa|Druwen|Elysia|Rarmal|Eghad|Henry|Mine,canonical|alias
169971,_local/planning_notes/current_IWTC names.md,planning_notes,_local/planning_notes/current_IWTC names.md,83,87,loc_guldrur|loc_rarmal,Guldrur|Rarmal,2,Guldrur|Rarmal,canonical
169972,_local/planning_notes/current_IWTC names.md,planning_notes,_local/planning_notes/current_IWTC names.md,88,91,loc_stonehome,Stonehome,1,Stonehome,canonical
169973,_local/planning_notes/current_IWTC names.md,planning_notes,_local/planning_notes/current_IWTC names.md,92,100,ref_kwalish,Kwalish,1,Kwalish,canonical
169974,_local/planning_notes/current_IWTC names.md,planning_notes,_local/planning_notes/current_IWTC names.md,101,108,loc_elulind|pers_torchholder|pers_anthony|pers_eira|loc_dhassa_castle|pers_warin|pers_loris|pers_shworn|pers_henry,Kingdom of Elulind|Kama Torchholder|Anthony Haldane|Eira Sleepsong|Dhassa Castle|Warin de Grey|Edmund Loris|Shworn Sleepsong|Henry Sleepsong,9,Kingdom of Elulind|Kama Torchholder|Anthony Haldane|Eira Sleepsong|Dhassa Castle|Warin de Grey|Edmund Loris|Shworn|Henry,canonical|alias
169975,_local/planning_notes/current_IWTC names.md,planning_notes,_local/planning_notes/current_IWTC names.md,109,117,org_halverin|loc_elysia|org_remedy|pers_victor|pers_gina|org_hands,Halverin's Guard|Elysia|Airmid's Remedy|Victor D Evernight|Gina|Hands of Liamassa,6,Halverin|Elysia|Remedy|Victor|Gina|Hand,alias|canonical
169976,_local/planning_notes/current_IWTC names.md,planning_notes,_local/planning_notes/current_IWTC names.md,118,119,loc_druwen,Duchy of Druwen,1,Duchy of Druwen,canonical
169977,_local/planning_notes/current_IWTC names.md,planning_notes,_local/planning_notes/current_IWTC names.md,120,124,pers_javan|pers_edda|loc_brechin,Javan MacInnis|Edda MacInnis|Brechin,3,Javan MacInnis|Edda MacInnis|Brechin,canonical
169978,_local/planning_notes/current_IWTC names.md,planning_notes,_local/planning_notes/current_IWTC names.md,125,139,pers_brigitte_ware|pers_harold|pers_norris|pers_karsen|pers_frita|loc_crafthold|pers_george|pers_margot|loc_abbey|pers_bella|pers_chase|pers_goren|pers_miran,Mother Brigitte Ware|Brother Harold|Brother Norris|Sister Karsen|Sister Frita|Crafthold|George|Margot|Wolfstream Abbey|Bella|Chase|Goren|Miran,13,Mother Brigitte Ware|Brother Harold|Brother Norris|Sister Karsen|Sister Frita|Crafthold|George|Margot|Abbey|Bella|Chase|Goren|Miran,canonical|alias
169979,_local/planning_notes/current_IWTC names.md,planning_notes,_local/planning_notes/current_IWTC names.md,140,143,loc_wolfstream|pers_kir|loc_thurway,Wolfstream Village|Kir Selaz|Thurway,3,Wolfstream Village|Kir Selaz|Thurway,canonical
169980,_local/planning_notes/current_IWTC names.md,planning_notes,_local/planning_notes/current_IWTC names.md,144,145,loc_crafthold,Crafthold,1,Crafthold,canonical
169982,_local/planning_notes/current_IWTC names.md,planning_notes,_local/planning_notes/current_IWTC names.md,148,149,pers_eardwulf|pers_alina|pers_melba,Eardwulf Harland|Alina|Melba Harland,3,Eardwulf|Alina|Melba,alias|canonical
169983,_local/planning_notes/current_IWTC names.md,planning_notes,_local/planning_notes/current_IWTC names.md,150,151,pers_jonas_fenwick|pers_alina,Jonas Fenwick|Alina,2,Jonas Fenwick|Alina,canonical
169984,_local/planning_notes/current_IWTC names.md,planning_notes,_local/planning_notes/current_IWTC names.md,152,153,pers_edric_tanner,Edric Tanner,1,Edric Tanner,canonical
169985,_local/planning_notes/current_IWTC names.md,planning_notes,_local/planning_notes/current_IWTC names.md,154,155,pers_maribel_holt,Maribel Holt,1,Maribel Holt,canonical
169988,_local/planning_notes/current_IWTC names.md,planning_notes,_local/planning_notes/current_IWTC names.md,160,161,pers_catrin_woodwell,Catrin Woodwell,1,Catrin Woodwell,canonical
169989,_local/planning_notes/current_IWTC names.md,planning_notes,_local/planning_notes/current_IWTC names.md,162,163,pers_gorvak_krachul,Gorvak of Krach-ul,1,Gorvak of Krach-ul,canonical
169991,_local/planning_notes/current_IWTC names.md,planning_notes,_local/planning_notes/current_IWTC names.md,166,167,pers_thraga,Thraga,1,Thraga,canonical
169992,_local/planning_notes/current_IWTC names.md,planning_notes,_local/planning_notes/current_IWTC names.md,168,169,pers_mornak,Mornak,1,Mornak,canonical
169993,_local/planning_notes/current_IWTC names.md,planning_notes,_local/planning_notes/current_IWTC names.md,170,171,pers_urla,Urla,1,Urla,canonical
169994,_local/planning_notes/current_IWTC names.md,planning_notes,_local/planning_notes/current_IWTC names.md,172,173,pers_druven,Druven,1,Druven,canonical
169995,_local/planning_notes/current_IWTC names.md,planning_notes,_local/planning_notes/current_IWTC names.md,174,175,pers_kelrag,Kelrag,1,Kelrag,canonical
169997,_local/planning_notes/current_IWTC names.md,planning_notes,_local/planning_notes/current_IWTC names.md,178,179,pers_hugh_calder,Hugh Calder,1,Hugh Calder,canonical
169998,_local/planning_notes/current_IWTC names.md,planning_notes,_local/planning_notes/current_IWTC names.md,180,181,pers_nella_dyer,Nella Dyer,1,Nella Dyer,canonical
169999,_local/planning_notes/current_IWTC names.md,planning_notes,_local/planning_notes/current_IWTC names.md,182,183,factn_krach-ul,Krach-ul Clan,1,Krach-ul,alias
170000,_local/planning_notes/current_IWTC names.md,planning_notes,_local/planning_notes/current_IWTC names.md,184,185,pers_dorgath_stoneeye,Dorgath Stone-Eye,1,Dorgath Stone-Eye,canonical
170001,_local/planning_notes/current_IWTC names.md,planning_notes,_local/planning_notes/current_IWTC names.md,186,187,pers_varkha_redtusks,Varkha Red-Tusks,1,Varkha Red-Tusks,canonical
170002,_local/planning_notes/current_IWTC names.md,planning_notes,_local/planning_notes/current_IWTC names.md,188,189,factn_krach-ul,Krach-ul Clan,1,Krach-ul,alias
170003,_local/planning_notes/current_IWTC names.md,planning_notes,_local/planning_notes/current_IWTC names.md,190,191,pers_sarga_bonebraid,Sarga Bonebraid,1,Sarga Bonebraid,canonical
170004,_local/planning_notes/current_IWTC names.md,planning_notes,_local/planning_notes/current_IWTC names.md,192,193,pers_grummol_hearthhand,Grummol Hearthhand,1,Grummol Hearthhand,canonical
170005,_local/planning_notes/current_IWTC names.md,planning_notes,_local/planning_notes/current_IWTC names.md,194,195,pers_velka_ironstitch,Velka Ironstitch,1,Velka Ironstitch,canonical
170009,_local/planning_notes/current_IWTC names.md,planning_notes,_local/planning_notes/current_IWTC names.md,210,297,pers_mercy|pers_poppy|pers_cara|pers_darren|pers_david_herder|loc_brightfield|pers_david_bowie|creat_little_bear|loc_crafthold|org_sleepsong|org_ironfang|pers_liavarah|pers_sala|pers_alivyre|pers_faeryne|pers_fulbert|pers_garrick|pers_kaitlyn|pers_liacyne|pers_saphira|pers_bixley|pers_cergad|pers_connor|pers_elaris|pers_hammer|pers_idolus|pers_mowser|pers_urgulk|pers_victor|pers_aniya|pers_azaar|creat_berry|pers_clara|pers_cunai|pers_eghad|pers_fritz|pers_henry|pers_holly|pers_jemmy|pers_light|pers_sarai|pers_soren|pers_spike|pers_tanzo|pers_unala|pers_addy|pers_bear|pers_claw|pers_drib|org_iwtc|pers_jane|pers_katy|creat_mine|creat_ash|pers_bre|creat_pet,Mercy Windriver|Poppy Everhold|Cara Windsoul|Darren Moore|David Herder|Brightfields Village|David Bowie|Little Bear|Crafthold|Sleepsong Clan|Ironfang|Liavarah|Salaisha|Alivyre Dawntracker|Faeryne|Fulbert Highwell|Garrick|Kaitlyn|Liacyne Heseth|Saphira Celestia|Bixley|Cergad|Connor|Elaris Thorne|Hammer of Ironfang|Idolus|Mowser|Urgulk|Victor D Evernight|Aniya Laccion|Azaar|Berry|Clara|Cunai la Diara|Eghad|Fritz|Henry Sleepsong|Holly|Jemmy|Light of Ironfang|Sarai|Soren|Spike of Ironfang|Tanzo|Unala Vortoise|Addy|Bear|Claw of Ironfang|Drib Gnoss|Iron Wolf Trading Company|Jane|Katy|Mine|Ash|Breanna Arch|Pet,56,Mercy Windriver|Poppy Everhold|Cara Windsoul|Darren Moore|David Herder|Brightfield|David Bowie|Little Bear|Crafthold|Sleepsong|Ironfang|Liavarah|Salaisha|Alivyre|Faeryne|Fulbert|Garrick|Kaitlyn|Liacyne|Saphira|Bixley|Cergad|Connor|Elaris|Hammer|Idolus|Mowser|Urgulk|Victor|Aniya|Azaar|Berry|Clara|Cunai|Eghad|Fritz|Henry|Holly|Jemmy|Light|Sarai|Soren|Spike|Tanzo|Unala|Addy|Bear|Claw|Drib|IWTC|Jane|Katy|Mine|Ash|Bre|Pet,canonical|alias
170010,_local/planning_notes/current_IWTC names.md,planning_notes,_local/planning_notes/current_IWTC names.md,298,301,pers_eardwulf|loc_abbey|pers_melba,Eardwulf Harland|Wolfstream Abbey|Melba Harland,3,Eardwulf|Abbey|Melba,alias
170011,_local/planning_notes/current_IWTC names.md,planning_notes,_local/planning_notes/current_IWTC names.md,302,309,loc_blackburn,Blackburn,1,Blackburn,canonical
170012,_local/planning_notes/current_IWTC names.md,planning_notes,_local/planning_notes/current_IWTC names.md,310,323,loc_cameth|loc_trollhills|pers_cergad,Cameth Brin|Trollhills|Cergad,3,Cameth Brin|Trollhills|Cergad,canonical
170014,_local/planning_notes/current_IWTC names.md,planning_notes,_local/planning_notes/current_IWTC names.md,326,376,org_folly|pers_grace|pers_charlie|loc_dereham|pers_kierton|pers_andrei|pers_horrom|pers_jamfyr|pers_josiah|pers_robbie|pers_sekani|pers_taylor|pers_urmrig|pers_draug|pers_ebele|pers_hrafn|pers_katia|pers_malou|pers_quave|pers_quinn|pers_rhona|pers_tawyn|pers_venfi|pers_aren|pers_kate|pers_nala|pers_obby|pers_rami|pers_sens,Albrun's Folly|Grace Kinneon|Charlie|Dereham|Kierton|Andrei|Horrom|Jamfyr|Josiah|Robbie|Sekani|Taylor|Urmrig|Draug|Ebele|Hrafn|Katia|Malou|Quave|Quinn|Rhona|Tawyn|Venfi|Aren|Kate|Nala|Obby|Rami|Sens,29,Albrun's Folly|Grace Kinneon|Charlie|Dereham|Kierton|Andrei|Horrom|Jamfyr|Josiah|Robbie|Sekani|Taylor|Urmrig|Draug|Ebele|Hrafn|Katia|Malou|Quave|Quinn|Rhona|Tawyn|Venfi|Aren|Kate|Nala|Obby|Rami|Sens,canonical
170015,_local/planning_notes/current_IWTC names.md,planning_notes,_local/planning_notes/current_IWTC names.md,377,382,pers_loris,Edmund Loris,1,Loris,alias
170016,_local/planning_notes/current_IWTC names.md,planning_notes,_local/planning_notes/current_IWTC names.md,383,396,loc_abbey|pers_jareth_heartarm|pers_cullen|loc_northbend|pers_caldwell|org_jackals|pers_newberry|org_ravens|pers_jessie_hobbs|pers_taylor_ochoa|pers_olivia_rios|pers_alivyre,Wolfstream Abbey|Jareth Heartarm|Alister Cullen|North Bend FOB|Selis Caldwell|Silver Jackals|Evan Newberry|Death Ravens|Jessie Hobbs|Taylor Ochoa|Olivia Rios|Alivyre Dawntracker,12,Wolfstream Abbey|Jareth Heartarm|Alister Cullen|North Bend FOB|Selis Caldwell|Silver Jackals|Evan Newberry|Death Ravens|Jessie Hobbs|Taylor Ochoa|Olivia Rios|Alivyre|Abbey,canonical|alias
170017,_local/planning_notes/current_IWTC names.md,planning_notes,_local/planning_notes/current_IWTC names.md,397,406,off_lead_glimmerwell|pers_getkleblish|off_lead_cliffborough|off_lead_stonehome|pers_zanlen|pers_emlin|pers_ylola|pers_beni|pers_lannji|pers_kendel|loc_cliffborough,Leader of Glimmerwell Shrine|Getkleblish Shorttwist|Leader of Cliffborough|Leader of Stonehome|Zanlen Broadstitch|Emlin Fuzzyneedle|Ylola Toggleblock|Beni Tinkerlaugh|Lannji Wildstone|Kendel Shamaris|Cliffborough,11,Leader of Glimmerwell Shrine|Getkleblish Shorttwist|Leader of Cliffborough|Leader of Stonehome|Zanlen Broadstitch|Emlin Fuzzyneedle|Ylola Toggleblock|Beni Tinkerlaugh|Lannji Wildstone|Kendel Shamaris|Cliffborough,canonical
170018,_local/planning_notes/current_IWTC names.md,planning_notes,_local/planning_notes/current_IWTC names.md,407,421,pers_khagra_warhammer|pers_mazorn_blindscar|pers_ungagh_bloodaxe|pers_aurdac_cefthed|pers_orgoth_one_eye|loc_crafthold|pers_dakgorim|pers_wogharod|loc_guldrur|pers_shulhug|pers_tandagh|loc_rarmal|pers_tozhug,Khagra Warhammer|Mazorn Blindscar|Ungagh Bloodaxe|Aurdac Cefthed|Orgoth One-Eye|Crafthold|Dakgorim|Wogharod|Guldrur|Shulhug|Tandagh|Rarmal|Tozhug,13,Khagra Warhammer|Mazorn Blindscar|Ungagh Bloodaxe|Aurdac Cefthed|Orgoth One-Eye|Crafthold|Warhammer|Dakgorim|Wogharod|Guldrur|Shulhug|Tandagh|Rarmal|Tozhug,canonical|alias
170019,_local/planning_notes/current_IWTC names.md,planning_notes,_local/planning_notes/current_IWTC names.md,422,428,org_myconids,Myconids,1,Myconids,canonical
170082,_local/planning_notes/current_IWTC planning notes.md,planning_notes,_local/planning_notes/current_IWTC planning notes.md,68,72,pers_henry|pers_cara,Henry Sleepsong|Cara Windsoul,2,Henry|Cara,alias
170084,_local/planning_notes/current_IWTC planning notes.md,planning_notes,_local/planning_notes/current_IWTC planning notes.md,75,89,pers_aren,Aren,1,Aren,canonical
170085,_local/planning_notes/current_IWTC planning notes.md,planning_notes,_local/planning_notes/current_IWTC planning notes.md,90,110,loc_stonehome|org_myconids|ref_kwalish|pers_cergad|pers_chuck|pers_jane,Stonehome|Myconids|Kwalish|Cergad|Chuck|Jane,6,Stonehome|Myconids|Kwalish|Cergad|Chuck|Jane,canonical
170087,_local/planning_notes/current_IWTC planning notes.md,planning_notes,_local/planning_notes/current_IWTC planning notes.md,117,126,loc_crafthold,Crafthold,1,Crafthold,canonical
170088,_local/planning_notes/current_IWTC planning notes.md,planning_notes,_local/planning_notes/current_IWTC planning notes.md,127,130,pers_unala|pers_moon,Unala Vortoise|Moon,2,Unala|Moon,alias|canonical
170089,_local/planning_notes/current_IWTC planning notes.md,planning_notes,_local/planning_notes/current_IWTC planning notes.md,131,135,pers_moon,Moon,1,Moon,canonical
170090,_local/planning_notes/current_IWTC planning notes.md,planning_notes,_local/planning_notes/current_IWTC planning notes.md,136,143,pers_claw|pers_moon,Claw of Ironfang|Moon,2,Claw|Moon,alias|canonical
170091,_local/planning_notes/current_IWTC planning notes.md,planning_notes,_local/planning_notes/current_IWTC planning notes.md,144,154,pers_claw|pers_moon,Claw of Ironfang|Moon,2,Claw|Moon,alias|canonical
170092,_local/planning_notes/current_IWTC planning notes.md,planning_notes,_local/planning_notes/current_IWTC planning notes.md,155,162,pers_moon,Moon,1,Moon,canonical
170093,_local/planning_notes/current_IWTC planning notes.md,planning_notes,_local/planning_notes/current_IWTC planning notes.md,163,173,pers_moon,Moon,1,Moon,canonical
170095,_local/planning_notes/current_IWTC planning notes.md,planning_notes,_local/planning_notes/current_IWTC planning notes.md,176,177,ref_kwalish,Kwalish,1,Kwalish,canonical
170097,_local/planning_notes/current_IWTC planning notes.md,planning_notes,_local/planning_notes/current_IWTC planning notes.md,182,185,ref_kwalish,Kwalish,1,Kwalish,canonical
170102,_local/planning_notes/current_IWTC planning notes.md,planning_notes,_local/planning_notes/current_IWTC planning notes.md,215,226,org_academy_elysia,Elysian Academy,1,Academy,alias
170104,_local/planning_notes/current_IWTC planning notes.md,planning_notes,_local/planning_notes/current_IWTC planning notes.md,231,257,pers_baltael|pers_faeryne,Baltael|Faeryne,2,Baltael|Faeryne,canonical
170106,_local/planning_notes/current_IWTC planning notes.md,planning_notes,_local/planning_notes/current_IWTC planning notes.md,265,313,play_spartan|pers_moon|pers_bre,Spartan|Moon|Breanna Arch,3,Spartan|Moon|Bre,canonical|alias
170107,_local/planning_notes/current_IWTC planning notes.md,planning_notes,_local/planning_notes/current_IWTC planning notes.md,314,363,pers_shargaas|pers_alivyre|pers_faeryne|pers_aniya|pers_henry|pers_tanzo|pers_jane|pers_moon|pers_bre,Shargaas|Alivyre Dawntracker|Faeryne|Aniya Laccion|Henry Sleepsong|Tanzo|Jane|Moon|Breanna Arch,9,Shargaas|Alivyre|Faeryne|Aniya|Henry|Tanzo|Jane|Moon|Bre,canonical|alias
170109,_local/planning_notes/current_IWTC planning notes.md,planning_notes,_local/planning_notes/current_IWTC planning notes.md,369,404,pers_bill_harrington|loc_dhassa_castle|pers_loris|org_ravencrest|loc_crafthold|factn_wolf_clan|pers_alivyre|pers_braydon|pers_faeryne|loc_killeth|factn_modrons|loc_torenth|pers_avarna|pers_credus|pers_cullen|loc_dhassa|loc_elysia|pers_fenrir|pers_gerard|pers_roland|pers_shworn|pers_victor|pers_abram|pers_henry|pers_nolan|pers_terry|pers_towne|pers_lou,Bill Harrington|Dhassa Castle|Edmund Loris|Ravencrest Merchant Family|Crafthold|Wolf Clan|Alivyre Dawntracker|Braydon|Faeryne|Killeth|Modrons|Torenth|Avarna|Credus|Alister Cullen|Dhassa|Elysia|Fenrir|Gerard|Roland|Shworn Sleepsong|Victor D Evernight|Abram|Henry Sleepsong|Nolan|Terry|Towne|Lou,28,Bill Harrington|Dhassa Castle|Edmund Loris|Ravencrest|Crafthold|Wolf Clan|Alivyre|Braydon|Faeryne|Killeth|Modrons|Torenth|Avarna|Credus|Cullen|Dhassa|Elysia|Fenrir|Gerard|Roland|Shworn|Victor|Abram|Henry|Nolan|Terry|Towne|Lou,canonical|alias
170022,_local/planning_notes/current_Kwalish.md,planning_notes,_local/planning_notes/current_Kwalish.md,3,26,pers_faeryne|pers_arthur|pers_elaris|pers_holly|pers_kluta|pers_zedna|pers_katy,Faeryne|Arthur Coldstone|Elaris Thorne|Holly|Kluta|Zedna Hresvelg|Katy,7,Faeryne|Arthur|Elaris|Holly|Kluta|Zedna|Katy,canonical|alias
170023,_local/planning_notes/current_Kwalish.md,planning_notes,_local/planning_notes/current_Kwalish.md,27,30,pers_light,Light of Ironfang,1,Light,alias
170029,_local/planning_notes/current_Kwalish.md,planning_notes,_local/planning_notes/current_Kwalish.md,90,111,pers_arthur|pers_elaris|pers_holly|pers_light|pers_katy,Arthur Coldstone|Elaris Thorne|Holly|Light of Ironfang|Katy,5,Arthur|Elaris|Holly|Light|Katy,alias|canonical
170033,_local/planning_notes/current_Kwalish.md,planning_notes,_local/planning_notes/current_Kwalish.md,118,132,pers_light,Light of Ironfang,1,Light,alias
170034,_local/planning_notes/current_Kwalish.md,planning_notes,_local/planning_notes/current_Kwalish.md,133,147,pers_liacyne|pers_light|pers_zedna,Liacyne Heseth|Light of Ironfang|Zedna Hresvelg,3,Liacyne|Light|Zedna,alias
170035,_local/planning_notes/current_Kwalish.md,planning_notes,_local/planning_notes/current_Kwalish.md,148,161,pers_alivyre|pers_holly|pers_light,Alivyre Dawntracker|Holly|Light of Ironfang,3,Alivyre|Holly|Light,alias|canonical
170036,_local/planning_notes/current_Kwalish.md,planning_notes,_local/planning_notes/current_Kwalish.md,162,175,pers_arthur,Arthur Coldstone,1,Arthur,alias
170037,_local/planning_notes/current_Kwalish.md,planning_notes,_local/planning_notes/current_Kwalish.md,176,189,pers_light,Light of Ironfang,1,Light,alias
170038,_local/planning_notes/current_Kwalish.md,planning_notes,_local/planning_notes/current_Kwalish.md,190,204,pers_light,Light of Ironfang,1,Light,alias
170039,_local/planning_notes/current_Kwalish.md,planning_notes,_local/planning_notes/current_Kwalish.md,205,213,pers_light,Light of Ironfang,1,Light,alias
170040,_local/planning_notes/current_Kwalish.md,planning_notes,_local/planning_notes/current_Kwalish.md,214,220,pers_light,Light of Ironfang,1,Light,alias
169510,_local/session_notes/IWTC session notes 1-50.md,session_notes,_local/session_notes/IWTC session notes 1-50.md,1,6,play_charis|loc_abbey,Charis|Wolfstream Abbey,2,Charis|Abbey,canonical|alias
169512,_local/session_notes/IWTC session notes 1-50.md,session_notes,_local/session_notes/IWTC session notes 1-50.md,9,24,loc_abbey|pers_henry|pers_tanzo,Wolfstream Abbey|Henry Sleepsong|Tanzo,3,Wolfstream Abbey|Abbey|Henry|Tanzo,canonical|alias
169513,_local/session_notes/IWTC session notes 1-50.md,session_notes,_local/session_notes/IWTC session notes 1-50.md,25,34,pers_harold|pers_norris|loc_crafthold|pers_alivyre|loc_abbey,Brother Harold|Brother Norris|Crafthold|Alivyre Dawntracker|Wolfstream Abbey,5,Brother Harold|Brother Norris|Crafthold|Alivyre|Abbey,canonical|alias
169514,_local/session_notes/IWTC session notes 1-50.md,session_notes,_local/session_notes/IWTC session notes 1-50.md,35,66,pers_norris|loc_crafthold|loc_abbey|pers_henry|pers_jemmy|pers_tanzo|pers_aren|pers_bear,Brother Norris|Crafthold|Wolfstream Abbey|Henry Sleepsong|Jemmy|Tanzo|Aren|Bear,8,Brother Norris|Crafthold|Abbey|Henry|Jemmy|Tanzo|Aren|Bear,canonical|alias
169515,_local/session_notes/IWTC session notes 1-50.md,session_notes,_local/session_notes/IWTC session notes 1-50.md,67,99,loc_crafthold|pers_faeryne|pers_margot|loc_abbey|pers_chase|org_hands|pers_henry|pers_jemmy|pers_light|pers_tanzo|pers_jane,Crafthold|Faeryne|Margot|Wolfstream Abbey|Chase|Hands of Liamassa|Henry Sleepsong|Jemmy|Light of Ironfang|Tanzo|Jane,11,Crafthold|Faeryne|Margot|Abbey|Chase|Hands|Henry|Jemmy|Light|Tanzo|Hand|Jane,canonical|alias
169516,_local/session_notes/IWTC session notes 1-50.md,session_notes,_local/session_notes/IWTC session notes 1-50.md,100,110,loc_crafthold|pers_faeryne|pers_fritz|pers_henry|pers_jemmy|pers_miran|pers_tanzo|pers_jane,Crafthold|Faeryne|Fritz|Henry Sleepsong|Jemmy|Miran|Tanzo|Jane,8,Crafthold|Faeryne|Fritz|Henry|Jemmy|Miran|Tanzo|Jane,canonical|alias
169517,_local/session_notes/IWTC session notes 1-50.md,session_notes,_local/session_notes/IWTC session notes 1-50.md,111,129,loc_crafthold|pers_faeryne|pers_kaitlyn|loc_abbey|pers_henry|pers_jemmy|pers_mercy|pers_tanzo,Crafthold|Faeryne|Kaitlyn|Wolfstream Abbey|Henry Sleepsong|Jemmy|Mercy Windriver|Tanzo,8,Crafthold|Faeryne|Kaitlyn|Abbey|Henry|Jemmy|Mercy|Tanzo,canonical|alias
169518,_local/session_notes/IWTC session notes 1-50.md,session_notes,_local/session_notes/IWTC session notes 1-50.md,130,157,pers_alivyre|pers_faeryne|pers_luminia|pers_henry|pers_jemmy|pers_tanzo,Alivyre Dawntracker|Faeryne|Luminia|Henry Sleepsong|Jemmy|Tanzo,6,Alivyre|Faeryne|Luminia|Henry|Jemmy|Tanzo,alias|canonical
169519,_local/session_notes/IWTC session notes 1-50.md,session_notes,_local/session_notes/IWTC session notes 1-50.md,158,180,org_red_fang|pers_shargaas|pers_alivyre|pers_faeryne|pers_henry|pers_jemmy|pers_tanzo,Red Fang|Shargaas|Alivyre Dawntracker|Faeryne|Henry Sleepsong|Jemmy|Tanzo,7,Red Fang|Shargaas|Alivyre|Faeryne|Henry|Jemmy|Tanzo,canonical|alias
169520,_local/session_notes/IWTC session notes 1-50.md,session_notes,_local/session_notes/IWTC session notes 1-50.md,181,203,creat_little_bear|pers_alivyre|pers_henry|pers_bear,Little Bear|Alivyre Dawntracker|Henry Sleepsong|Bear,4,Little Bear|Alivyre|Henry|Bear,canonical|alias
169521,_local/session_notes/IWTC session notes 1-50.md,session_notes,_local/session_notes/IWTC session notes 1-50.md,204,235,pers_khagra_warhammer|loc_crafthold|pers_alivyre|pers_faeryne|pers_henry|pers_spike|pers_tanzo|pers_jane,Khagra Warhammer|Crafthold|Alivyre Dawntracker|Faeryne|Henry Sleepsong|Spike of Ironfang|Tanzo|Jane,8,Khagra Warhammer|Crafthold|Alivyre|Faeryne|Henry|Spike|Tanzo|Jane,canonical|alias
169522,_local/session_notes/IWTC session notes 1-50.md,session_notes,_local/session_notes/IWTC session notes 1-50.md,236,289,pers_khagra_warhammer|pers_orgoth_one_eye|loc_wolfstream|loc_crafthold|org_red_fang|pers_alivyre|pers_faeryne|pers_luminia|loc_abbey|pers_fritz|pers_henry|pers_jemmy|pers_mercy|pers_tanzo|pers_jane,Khagra Warhammer|Orgoth One-Eye|Wolfstream Village|Crafthold|Red Fang|Alivyre Dawntracker|Faeryne|Luminia|Wolfstream Abbey|Fritz|Henry Sleepsong|Jemmy|Mercy Windriver|Tanzo|Jane,15,Khagra Warhammer|Orgoth One-Eye|Wolfstream|Crafthold|Red Fang|Alivyre|Faeryne|Luminia|Abbey|Fritz|Henry|Jemmy|Mercy|Tanzo|Jane,canonical|alias
169523,_local/session_notes/IWTC session notes 1-50.md,session_notes,_local/session_notes/IWTC session notes 1-50.md,290,320,creat_little_bear|loc_wolfstream|org_red_fang|pers_shargaas|pers_alivyre|pers_faeryne|pers_luminia|loc_abbey|pers_henry|pers_jemmy|pers_tanzo|pers_jane,Little Bear|Wolfstream Village|Red Fang|Shargaas|Alivyre Dawntracker|Faeryne|Luminia|Wolfstream Abbey|Henry Sleepsong|Jemmy|Tanzo|Jane,12,Little Bear|Wolfstream|Red Fang|Shargaas|Alivyre|Faeryne|Luminia|Abbey|Henry|Jemmy|Tanzo|Jane,canonical|alias
169524,_local/session_notes/IWTC session notes 1-50.md,session_notes,_local/session_notes/IWTC session notes 1-50.md,321,367,pers_ungagh_bloodaxe|creat_little_bear|org_red_fang|pers_shargaas|pers_alivyre|pers_faeryne|pers_luminia|pers_hammer|loc_abbey|pers_henry|pers_light|pers_spike|pers_tanzo|pers_claw|pers_jane|creat_mine,Ungagh Bloodaxe|Little Bear|Red Fang|Shargaas|Alivyre Dawntracker|Faeryne|Luminia|Hammer of Ironfang|Wolfstream Abbey|Henry Sleepsong|Light of Ironfang|Spike of Ironfang|Tanzo|Claw of Ironfang|Jane|Mine,16,Ungagh Bloodaxe|Little Bear|Red Fang|Shargaas|Alivyre|Faeryne|Luminia|Hammer|Abbey|Henry|Light|Spike|Tanzo|Claw|Jane|Mine,canonical|alias
169525,_local/session_notes/IWTC session notes 1-50.md,session_notes,_local/session_notes/IWTC session notes 1-50.md,368,429,pers_getkleblish|pers_emlin|pers_beni|loc_cliffborough|creat_little_bear|loc_stonehome|org_red_fang|pers_shargaas|pers_alivyre|pers_faeryne|pers_luminia|pers_henry|pers_jemmy|pers_tanzo|pers_jane,Getkleblish Shorttwist|Emlin Fuzzyneedle|Beni Tinkerlaugh|Cliffborough|Little Bear|Stonehome|Red Fang|Shargaas|Alivyre Dawntracker|Faeryne|Luminia|Henry Sleepsong|Jemmy|Tanzo|Jane,15,Getkleblish Shorttwist|Emlin Fuzzyneedle|Beni Tinkerlaugh|Cliffborough|Little Bear|Stonehome|Red Fang|Shargaas|Alivyre|Faeryne|Luminia|Henry|Jemmy|Tanzo|Beni|Jane,canonical|alias
169526,_local/session_notes/IWTC session notes 1-50.md,session_notes,_local/session_notes/IWTC session notes 1-50.md,430,447,pers_mazorn_blindscar|pers_alivyre|pers_faeryne|pers_luminia|pers_henry|pers_tanzo|pers_beni|pers_jane|creat_mine,Mazorn Blindscar|Alivyre Dawntracker|Faeryne|Luminia|Henry Sleepsong|Tanzo|Beni Tinkerlaugh|Jane|Mine,9,Mazorn Blindscar|Alivyre|Faeryne|Luminia|Henry|Tanzo|Beni|Jane|Mine,canonical|alias
169527,_local/session_notes/IWTC session notes 1-50.md,session_notes,_local/session_notes/IWTC session notes 1-50.md,448,488,creat_little_bear|pers_shargaas|pers_alivyre|pers_faeryne|pers_henry|pers_jemmy|pers_spike|pers_tanzo|pers_beni|org_iwtc|pers_jane|creat_mine,Little Bear|Shargaas|Alivyre Dawntracker|Faeryne|Henry Sleepsong|Jemmy|Spike of Ironfang|Tanzo|Beni Tinkerlaugh|Iron Wolf Trading Company|Jane|Mine,12,Little Bear|Shargaas|Alivyre|Faeryne|Henry|Jemmy|Spike|Tanzo|Beni|IWTC|Jane|Mine,canonical|alias
169528,_local/session_notes/IWTC session notes 1-50.md,session_notes,_local/session_notes/IWTC session notes 1-50.md,489,519,loc_crafthold|pers_alivyre|pers_faeryne|pers_henry|pers_jemmy|pers_tanzo|pers_beni|pers_jane,Crafthold|Alivyre Dawntracker|Faeryne|Henry Sleepsong|Jemmy|Tanzo|Beni Tinkerlaugh|Jane,8,Crafthold|Alivyre|Faeryne|Henry|Jemmy|Tanzo|Beni|Jane,canonical|alias
169529,_local/session_notes/IWTC session notes 1-50.md,session_notes,_local/session_notes/IWTC session notes 1-50.md,520,555,loc_crafthold|pers_alivyre|pers_faeryne|pers_luminia|pers_henry|factn_ilguz|pers_jemmy|pers_spike|pers_tanzo|pers_jane,Crafthold|Alivyre Dawntracker|Faeryne|Luminia|Henry Sleepsong|Ilguz Clan|Jemmy|Spike of Ironfang|Tanzo|Jane,10,Crafthold|Alivyre|Faeryne|Luminia|Henry|Ilguz|Jemmy|Spike|Tanzo|Jane,canonical|alias
169530,_local/session_notes/IWTC session notes 1-50.md,session_notes,_local/session_notes/IWTC session notes 1-50.md,556,570,loc_crafthold|org_red_fang|pers_tanzo|pers_jane,Crafthold|Red Fang|Tanzo|Jane,4,Crafthold|Red Fang|Tanzo|Jane,canonical
169531,_local/session_notes/IWTC session notes 1-50.md,session_notes,_local/session_notes/IWTC session notes 1-50.md,571,615,org_myconids|creat_little_bear|loc_crafthold|loc_stonehome|pers_alivyre|pers_faeryne|pers_luminia|pers_hammer|pers_henry|pers_light|pers_mercy|pers_tanzo|pers_beni|pers_jane,Myconids|Little Bear|Crafthold|Stonehome|Alivyre Dawntracker|Faeryne|Luminia|Hammer of Ironfang|Henry Sleepsong|Light of Ironfang|Mercy Windriver|Tanzo|Beni Tinkerlaugh|Jane,14,Myconid Colony|Little Bear|Crafthold|Stonehome|Myconids|Alivyre|Faeryne|Luminia|Hammer|Henry|Light|Mercy|Tanzo|Beni|Jane,alias|canonical
169532,_local/session_notes/IWTC session notes 1-50.md,session_notes,_local/session_notes/IWTC session notes 1-50.md,616,639,loc_crafthold|pers_faeryne|pers_luminia|loc_abbey|pers_henry|pers_jemmy|pers_light|pers_tanzo,Crafthold|Faeryne|Luminia|Wolfstream Abbey|Henry Sleepsong|Jemmy|Light of Ironfang|Tanzo,8,Crafthold|Faeryne|Luminia|Abbey|Henry|Jemmy|Light|Tanzo,canonical|alias
169534,_local/session_notes/IWTC session notes 1-50.md,session_notes,_local/session_notes/IWTC session notes 1-50.md,642,649,pers_david_bowie|loc_blackburn|loc_abbey|pers_aren,David Bowie|Blackburn|Wolfstream Abbey|Aren,4,David Bowie|Blackburn|Abbey|Aren,canonical|alias
169535,_local/session_notes/IWTC session notes 1-50.md,session_notes,_local/session_notes/IWTC session notes 1-50.md,650,653,loc_blackburn,Blackburn,1,Blackburn,canonical
169536,_local/session_notes/IWTC session notes 1-50.md,session_notes,_local/session_notes/IWTC session notes 1-50.md,654,659,pers_cergad|pers_bella,Cergad|Bella,2,Cergad|Bella,canonical
169537,_local/session_notes/IWTC session notes 1-50.md,session_notes,_local/session_notes/IWTC session notes 1-50.md,660,668,pers_faeryne|pers_cergad,Faeryne|Cergad,2,Faeryne|Cergad,canonical
169538,_local/session_notes/IWTC session notes 1-50.md,session_notes,_local/session_notes/IWTC session notes 1-50.md,669,703,loc_blackburn|pers_alivyre|pers_faeryne|loc_abbey|pers_henry|pers_bre,Blackburn|Alivyre Dawntracker|Faeryne|Wolfstream Abbey|Henry Sleepsong|Breanna Arch,6,Blackburn|Alivyre|Faeryne|Abbey|Henry|Bre,canonical|alias
169539,_local/session_notes/IWTC session notes 1-50.md,session_notes,_local/session_notes/IWTC session notes 1-50.md,704,728,loc_blackburn|pers_alivyre|pers_faeryne|pers_luminia|loc_abbey|pers_jane|pers_bre,Blackburn|Alivyre Dawntracker|Faeryne|Luminia|Wolfstream Abbey|Jane|Breanna Arch,7,Blackburn|Alivyre|Faeryne|Luminia|Abbey|Jane|Bre,canonical|alias
169541,_local/session_notes/IWTC session notes 1-50.md,session_notes,_local/session_notes/IWTC session notes 1-50.md,731,745,pers_alivyre|loc_abbey|pers_bre,Alivyre Dawntracker|Wolfstream Abbey|Breanna Arch,3,Alivyre|Abbey|Bre,alias
169542,_local/session_notes/IWTC session notes 1-50.md,session_notes,_local/session_notes/IWTC session notes 1-50.md,746,759,creat_little_bear|pers_alivyre|pers_faeryne|pers_luminia|pers_light|pers_jane|creat_mine,Little Bear|Alivyre Dawntracker|Faeryne|Luminia|Light of Ironfang|Jane|Mine,7,Little Bear|Alivyre|Faeryne|Luminia|Light|Jane|Mine,canonical|alias
169543,_local/session_notes/IWTC session notes 1-50.md,session_notes,_local/session_notes/IWTC session notes 1-50.md,760,763,pers_tanzo,Tanzo,1,Tanzo,canonical
169544,_local/session_notes/IWTC session notes 1-50.md,session_notes,_local/session_notes/IWTC session notes 1-50.md,764,779,loc_elulind|loc_druwen|pers_faeryne|loc_abbey|pers_henry|pers_bre,Kingdom of Elulind|Duchy of Druwen|Faeryne|Wolfstream Abbey|Henry Sleepsong|Breanna Arch,6,Kingdom of Elulind|Duchy of Druwen|Faeryne|Abbey|Henry|Bre,canonical|alias
169545,_local/session_notes/IWTC session notes 1-50.md,session_notes,_local/session_notes/IWTC session notes 1-50.md,780,829,factn_krach-ul|pers_alivyre|pers_faeryne|pers_luminia|loc_abbey|pers_bella|pers_henry|pers_jemmy|pers_spike|pers_tanzo|pers_beni|pers_jane|pers_bre,Krach-ul Clan|Alivyre Dawntracker|Faeryne|Luminia|Wolfstream Abbey|Bella|Henry Sleepsong|Jemmy|Spike of Ironfang|Tanzo|Beni Tinkerlaugh|Jane|Breanna Arch,13,Krach-ul|Alivyre|Faeryne|Luminia|Abbey|Bella|Henry|Jemmy|Spike|Tanzo|Beni|Jane|Bre,alias|canonical
169546,_local/session_notes/IWTC session notes 1-50.md,session_notes,_local/session_notes/IWTC session notes 1-50.md,830,854,pers_alivyre|pers_faeryne|pers_luminia|play_charis|play_kalina|pers_henry|pers_jemmy|pers_jane|pers_bre,Alivyre Dawntracker|Faeryne|Luminia|Charis|Kalina|Henry Sleepsong|Jemmy|Jane|Breanna Arch,9,Alivyre|Faeryne|Luminia|Charis|Kalina|Henry|Jemmy|Jane|Bre,alias|canonical
169548,_local/session_notes/IWTC session notes 1-50.md,session_notes,_local/session_notes/IWTC session notes 1-50.md,863,913,play_bysickle|pers_alivyre|pers_faeryne|pers_luminia|play_charis|play_kalina|loc_abbey|pers_henry|pers_jemmy|pers_spike|pers_jane|play_kaci|pers_bre,Bysickle|Alivyre Dawntracker|Faeryne|Luminia|Charis|Kalina|Wolfstream Abbey|Henry Sleepsong|Jemmy|Spike of Ironfang|Jane|Kaci|Breanna Arch,13,Bysickle|Alivyre|Faeryne|Luminia|Charis|Kalina|Abbey|Henry|Jemmy|Spike|Jane|Kaci|Bre,canonical|alias
169550,_local/session_notes/IWTC session notes 1-50.md,session_notes,_local/session_notes/IWTC session notes 1-50.md,916,940,loc_northbend|loc_crafthold|pers_alivyre|pers_faeryne|pers_luminia|loc_abbey|pers_henry|pers_jemmy|pers_light|pers_mercy|pers_spike|pers_tanzo|pers_jane|pers_bre,North Bend FOB|Crafthold|Alivyre Dawntracker|Faeryne|Luminia|Wolfstream Abbey|Henry Sleepsong|Jemmy|Light of Ironfang|Mercy Windriver|Spike of Ironfang|Tanzo|Jane|Breanna Arch,14,North Bend FOB|Crafthold|Alivyre|Faeryne|Luminia|Abbey|Henry|Jemmy|Light|Mercy|Spike|Tanzo|Jane|Bre,canonical|alias
169552,_local/session_notes/IWTC session notes 1-50.md,session_notes,_local/session_notes/IWTC session notes 1-50.md,943,966,pers_alivyre|pers_faeryne|pers_luminia|pers_cergad|pers_bella|pers_henry|pers_tanzo|pers_jane|pers_bre,Alivyre Dawntracker|Faeryne|Luminia|Cergad|Bella|Henry Sleepsong|Tanzo|Jane|Breanna Arch,9,Alivyre|Faeryne|Luminia|Cergad|Bella|Henry|Tanzo|Jane|Bre,alias|canonical
169553,_local/session_notes/IWTC session notes 1-50.md,session_notes,_local/session_notes/IWTC session notes 1-50.md,967,968,pers_henry,Henry Sleepsong,1,Henry,alias
169554,_local/session_notes/IWTC session notes 1-50.md,session_notes,_local/session_notes/IWTC session notes 1-50.md,969,999,loc_crafthold|pers_alivyre|pers_faeryne|pers_luminia|pers_cergad|pers_bella|org_hands|pers_henry|pers_tanzo|pers_jane|creat_mine|pers_bre,Crafthold|Alivyre Dawntracker|Faeryne|Luminia|Cergad|Bella|Hands of Liamassa|Henry Sleepsong|Tanzo|Jane|Mine|Breanna Arch,12,Crafthold|Alivyre|Faeryne|Luminia|Cergad|Bella|Hands|Henry|Tanzo|Jane|Mine|Bre,canonical|alias
169556,_local/session_notes/IWTC session notes 1-50.md,session_notes,_local/session_notes/IWTC session notes 1-50.md,1002,1024,pers_alivyre|pers_faeryne|pers_luminia|pers_cergad|pers_henry|pers_tanzo|pers_jane|pers_bre,Alivyre Dawntracker|Faeryne|Luminia|Cergad|Henry Sleepsong|Tanzo|Jane|Breanna Arch,8,Alivyre|Faeryne|Luminia|Cergad|Henry|Tanzo|Jane|Bre,alias|canonical
169557,_local/session_notes/IWTC session notes 1-50.md,session_notes,_local/session_notes/IWTC session notes 1-50.md,1025,1083,loc_crafthold|pers_alivyre|pers_faeryne|pers_cergad|pers_henry|pers_tanzo|pers_aren|org_hands|pers_jane|creat_mine|pers_bre,Crafthold|Alivyre Dawntracker|Faeryne|Cergad|Henry Sleepsong|Tanzo|Aren|Hands of Liamassa|Jane|Mine|Breanna Arch,11,Crafthold|Alivyre|Faeryne|Cergad|Henry|Tanzo|Aren|Hand|Jane|Mine|Bre,canonical|alias
169558,_local/session_notes/IWTC session notes 1-50.md,session_notes,_local/session_notes/IWTC session notes 1-50.md,1084,1109,loc_crafthold|pers_alivyre|pers_faeryne|pers_hammer|pers_henry|pers_mercy|pers_tanzo|pers_claw|pers_jane|pers_bre,Crafthold|Alivyre Dawntracker|Faeryne|Hammer of Ironfang|Henry Sleepsong|Mercy Windriver|Tanzo|Claw of Ironfang|Jane|Breanna Arch,10,Crafthold|Alivyre|Faeryne|Hammer|Henry|Mercy|Tanzo|Claw|Jane|Bre,canonical|alias
169559,_local/session_notes/IWTC session notes 1-50.md,session_notes,_local/session_notes/IWTC session notes 1-50.md,1110,1122,loc_crafthold|creat_berry|pers_drib,Crafthold|Berry|Drib Gnoss,3,Crafthold|Berry|Drib,canonical|alias
169560,_local/session_notes/IWTC session notes 1-50.md,session_notes,_local/session_notes/IWTC session notes 1-50.md,1123,1137,pers_alivyre|pers_faeryne|pers_henry|pers_light|pers_spike|pers_unala|pers_drib|pers_bre,Alivyre Dawntracker|Faeryne|Henry Sleepsong|Light of Ironfang|Spike of Ironfang|Unala Vortoise|Drib Gnoss|Breanna Arch,8,Alivyre|Faeryne|Henry|Light|Spike|Unala|Drib|Bre,alias|canonical
169561,_local/session_notes/IWTC session notes 1-50.md,session_notes,_local/session_notes/IWTC session notes 1-50.md,1138,1164,loc_crafthold|factn_wolf_clan|pers_alivyre|pers_faeryne|pers_cergad|loc_abbey|pers_henry|pers_soren|pers_tanzo|pers_unala|pers_drib|pers_bre,Crafthold|Wolf Clan|Alivyre Dawntracker|Faeryne|Cergad|Wolfstream Abbey|Henry Sleepsong|Soren|Tanzo|Unala Vortoise|Drib Gnoss|Breanna Arch,12,Crafthold|Wolf Clan|Alivyre|Faeryne|Cergad|Abbey|Henry|Soren|Tanzo|Unala|Drib|Bre,canonical|alias
169562,_local/session_notes/IWTC session notes 1-50.md,session_notes,_local/session_notes/IWTC session notes 1-50.md,1165,1210,pers_khagra_warhammer|pers_aurdac_cefthed|org_cavekeepers|loc_crafthold|pers_alivyre|pers_faeryne|pers_hammer|loc_abbey|pers_henry|pers_unala|pers_bear|pers_drib|pers_bre,Khagra Warhammer|Aurdac Cefthed|Cave Keepers|Crafthold|Alivyre Dawntracker|Faeryne|Hammer of Ironfang|Wolfstream Abbey|Henry Sleepsong|Unala Vortoise|Bear|Drib Gnoss|Breanna Arch,13,Khagra Warhammer|Aurdac Cefthed|Cave Keepers|Crafthold|Warhammer|Alivyre|Faeryne|Hammer|Abbey|Henry|Unala|Bear|Drib|Bre,canonical|alias
169563,_local/session_notes/IWTC session notes 1-50.md,session_notes,_local/session_notes/IWTC session notes 1-50.md,1211,1236,pers_shargaas|pers_alivyre|pers_faeryne|pers_henry|pers_unala|pers_drib|pers_bre,Shargaas|Alivyre Dawntracker|Faeryne|Henry Sleepsong|Unala Vortoise|Drib Gnoss|Breanna Arch,7,Shargaas|Alivyre|Faeryne|Henry|Unala|Drib|Bre,canonical|alias
169564,_local/session_notes/IWTC session notes 1-50.md,session_notes,_local/session_notes/IWTC session notes 1-50.md,1237,1238,pers_henry,Henry Sleepsong,1,Henry,alias
169565,_local/session_notes/IWTC session notes 1-50.md,session_notes,_local/session_notes/IWTC session notes 1-50.md,1239,1264,pers_alivyre|pers_faeryne|pers_gremze|pers_henry|pers_unala|pers_drib|pers_bre,Alivyre Dawntracker|Faeryne|Gremze|Henry Sleepsong|Unala Vortoise|Drib Gnoss|Breanna Arch,7,Alivyre|Faeryne|Gremze|Henry|Unala|Drib|Bre,alias|canonical
169566,_local/session_notes/IWTC session notes 1-50.md,session_notes,_local/session_notes/IWTC session notes 1-50.md,1265,1268,loc_crafthold|pers_alivyre|pers_credus|pers_henry,Crafthold|Alivyre Dawntracker|Credus|Henry Sleepsong,4,Crafthold|Alivyre|Credus|Henry,canonical|alias
169567,_local/session_notes/IWTC session notes 1-50.md,session_notes,_local/session_notes/IWTC session notes 1-50.md,1269,1285,loc_crafthold|factn_modrons|pers_credus,Crafthold|Modrons|Credus,3,Crafthold|Modrons|Credus,canonical
169568,_local/session_notes/IWTC session notes 1-50.md,session_notes,_local/session_notes/IWTC session notes 1-50.md,1286,1327,pers_eardwulf|pers_alivyre|pers_faeryne|pers_henry|pers_light|pers_melba|pers_unala|pers_aren|pers_drib|pers_bre,Eardwulf Harland|Alivyre Dawntracker|Faeryne|Henry Sleepsong|Light of Ironfang|Melba Harland|Unala Vortoise|Aren|Drib Gnoss|Breanna Arch,10,Eardwulf|Alivyre|Faeryne|Henry|Light|Melba|Unala|Aren|Drib|Bre,alias|canonical
169569,_local/session_notes/IWTC session notes 1-50.md,session_notes,_local/session_notes/IWTC session notes 1-50.md,1328,1352,creat_little_bear|pers_alivyre|pers_faeryne|pers_eghad|pers_henry|pers_unala|pers_drib|pers_bre,Little Bear|Alivyre Dawntracker|Faeryne|Eghad|Henry Sleepsong|Unala Vortoise|Drib Gnoss|Breanna Arch,8,Little Bear|Alivyre|Faeryne|Eghad|Henry|Unala|Drib|Bre,canonical|alias
169570,_local/session_notes/IWTC session notes 1-50.md,session_notes,_local/session_notes/IWTC session notes 1-50.md,1353,1383,creat_little_bear|pers_alivyre|pers_faeryne|pers_eghad|pers_henry|pers_unala|pers_drib|pers_bre,Little Bear|Alivyre Dawntracker|Faeryne|Eghad|Henry Sleepsong|Unala Vortoise|Drib Gnoss|Breanna Arch,8,Little Bear|Alivyre|Faeryne|Eghad|Henry|Unala|Drib|Bre,canonical|alias
169571,_local/session_notes/IWTC session notes 1-50.md,session_notes,_local/session_notes/IWTC session notes 1-50.md,1384,1404,pers_alivyre|pers_faeryne|pers_henry|pers_unala|pers_drib|org_hands|pers_bre,Alivyre Dawntracker|Faeryne|Henry Sleepsong|Unala Vortoise|Drib Gnoss|Hands of Liamassa|Breanna Arch,7,Alivyre|Faeryne|Henry|Unala|Drib|Hand|Bre,alias|canonical
169572,_local/session_notes/IWTC session notes 1-50.md,session_notes,_local/session_notes/IWTC session notes 1-50.md,1405,1420,org_ironfang|play_charis|pers_hammer|play_kalina|play_crowe|factn_ilguz|pers_light|pers_spike|pers_tanzo|pers_claw|play_ana,Ironfang|Charis|Hammer of Ironfang|Kalina|Crowe|Ilguz Clan|Light of Ironfang|Spike of Ironfang|Tanzo|Claw of Ironfang|Ana,11,Ironfang|Charis|Hammer|Kalina|Crowe|Ilguz|Light|Spike|Tanzo|Claw|Ana,canonical|alias
169573,_local/session_notes/IWTC session notes 1-50.md,session_notes,_local/session_notes/IWTC session notes 1-50.md,1421,1463,loc_crafthold|pers_alivyre|pers_faeryne|pers_luminia|pers_eghad|pers_henry|pers_light|pers_unala|pers_aren|pers_drib|pers_bre,Crafthold|Alivyre Dawntracker|Faeryne|Luminia|Eghad|Henry Sleepsong|Light of Ironfang|Unala Vortoise|Aren|Drib Gnoss|Breanna Arch,11,Crafthold|Alivyre|Faeryne|Luminia|Eghad|Henry|Light|Unala|Aren|Drib|Bre,canonical|alias
169574,_local/session_notes/IWTC session notes 1-50.md,session_notes,_local/session_notes/IWTC session notes 1-50.md,1464,1523,loc_crafthold|pers_alivyre|pers_faeryne|pers_luminia|pers_eghad|pers_henry|pers_unala|pers_bear|pers_drib|pers_bre,Crafthold|Alivyre Dawntracker|Faeryne|Luminia|Eghad|Henry Sleepsong|Unala Vortoise|Bear|Drib Gnoss|Breanna Arch,10,Crafthold|Alivyre|Faeryne|Luminia|Eghad|Henry|Unala|Bear|Drib|Bre,canonical|alias
169575,_local/session_notes/IWTC session notes 1-50.md,session_notes,_local/session_notes/IWTC session notes 1-50.md,1524,1562,loc_crafthold|pers_alivyre|pers_faeryne|pers_cergad|pers_eghad|pers_henry|pers_mercy|pers_tanzo|pers_unala|pers_drib|pers_bre,Crafthold|Alivyre Dawntracker|Faeryne|Cergad|Eghad|Henry Sleepsong|Mercy Windriver|Tanzo|Unala Vortoise|Drib Gnoss|Breanna Arch,11,Crafthold|Alivyre|Faeryne|Cergad|Eghad|Henry|Mercy|Tanzo|Unala|Drib|Bre,canonical|alias
169576,_local/session_notes/IWTC session notes 1-50.md,session_notes,_local/session_notes/IWTC session notes 1-50.md,1563,1577,loc_crafthold|pers_fulbert|pers_credus|loc_abbey|pers_aniya|pers_eghad|pers_henry|pers_mercy|art_iris,Crafthold|Fulbert Highwell|Credus|Wolfstream Abbey|Aniya Laccion|Eghad|Henry Sleepsong|Mercy Windriver|IRIS,9,Crafthold|Fulbert|Credus|Abbey|Aniya|Eghad|Henry|Mercy|IRIS,canonical|alias
169577,_local/session_notes/IWTC session notes 1-50.md,session_notes,_local/session_notes/IWTC session notes 1-50.md,1578,1595,pers_faeryne|pers_fulbert|factn_modrons|pers_credus|pers_henry|pers_unala|pers_drib|pers_bre,Faeryne|Fulbert Highwell|Modrons|Credus|Henry Sleepsong|Unala Vortoise|Drib Gnoss|Breanna Arch,8,Faeryne|Fulbert|Modrons|Credus|Henry|Unala|Drib|Bre,canonical|alias
169578,_local/session_notes/IWTC session notes 1-50.md,session_notes,_local/session_notes/IWTC session notes 1-50.md,1596,1640,pers_david_bowie|loc_crafthold|pers_alivyre|pers_gremze|pers_henry|pers_unala|art_iris,David Bowie|Crafthold|Alivyre Dawntracker|Gremze|Henry Sleepsong|Unala Vortoise|IRIS,7,David Bowie|Crafthold|Alivyre|Gremze|Henry|Unala|IRIS,canonical|alias
169579,_local/session_notes/IWTC session notes 1-50.md,session_notes,_local/session_notes/IWTC session notes 1-50.md,1641,1659,pers_alivyre|pers_faeryne|pers_liacyne|pers_henry|pers_unala|pers_drib|pers_bre,Alivyre Dawntracker|Faeryne|Liacyne Heseth|Henry Sleepsong|Unala Vortoise|Drib Gnoss|Breanna Arch,7,Alivyre|Faeryne|Liacyne|Henry|Unala|Drib|Bre,alias|canonical
169580,_local/session_notes/IWTC session notes 1-50.md,session_notes,_local/session_notes/IWTC session notes 1-50.md,1660,1743,loc_brightfield|loc_crafthold|pers_alivyre|pers_faeryne|pers_liacyne|pers_luminia|play_spartan|pers_connor|pers_credus|play_kalina|pers_victor|loc_abbey|pers_aniya|play_crowe|pers_jemmy|pers_mercy|pers_soren|pers_aren|pers_bear|play_ana|creat_pet,Brightfields Village|Crafthold|Alivyre Dawntracker|Faeryne|Liacyne Heseth|Luminia|Spartan|Connor|Credus|Kalina|Victor D Evernight|Wolfstream Abbey|Aniya Laccion|Crowe|Jemmy|Mercy Windriver|Soren|Aren|Bear|Ana|Pet,21,Brightfield|Crafthold|Alivyre|Faeryne|Liacyne|Luminia|Spartan|Connor|Credus|Kalina|Victor|Abbey|Aniya|Crowe|Jemmy|Mercy|Soren|Aren|Bear|Ana|Pet,alias|canonical
169598,_local/session_notes/IWTC session notes 101-150.md,session_notes,_local/session_notes/IWTC session notes 101-150.md,3,71,pers_edda|loc_crafthold|art_folly|pers_liavarah|pers_baltael|pers_faeryne|pers_garrick|loc_guldrur|pers_liacyne|pers_luminia|pers_saphira|pers_credus|pers_darren|pers_victor|pers_clara|pers_hadar|pers_henry|creat_huana|pers_mercy|pers_poppy|pers_tanzo|pers_unala|pers_sala|pers_bre,Edda MacInnis|Crafthold|The Folly|Liavarah|Baltael|Faeryne|Garrick|Guldrur|Liacyne Heseth|Luminia|Saphira Celestia|Credus|Darren Moore|Victor D Evernight|Clara|Hadar|Henry Sleepsong|Huana|Mercy Windriver|Poppy Everhold|Tanzo|Unala Vortoise|Salaisha|Breanna Arch,24,Edda MacInnis|Crafthold|The Folly|Liavarah|Baltael|Faeryne|Garrick|Guldrur|Liacyne|Luminia|Saphira|Credus|Darren|Victor|Clara|Hadar|Henry|Huana|Mercy|Poppy|Tanzo|Unala|Sala|Bre,canonical|alias
169599,_local/session_notes/IWTC session notes 101-150.md,session_notes,_local/session_notes/IWTC session notes 101-150.md,72,83,art_folly|pers_newberry|pers_alivyre|pers_faeryne|pers_fulbert|pers_garrick|loc_guldrur|pers_credus|pers_henry|pers_mercy|pers_poppy|pers_tiber|pers_unala|pers_nala|pers_sala,The Folly|Evan Newberry|Alivyre Dawntracker|Faeryne|Fulbert Highwell|Garrick|Guldrur|Credus|Henry Sleepsong|Mercy Windriver|Poppy Everhold|Tiber Nox|Unala Vortoise|Nala|Salaisha,15,The Folly|Newberry|Alivyre|Faeryne|Fulbert|Garrick|Guldrur|Credus|Henry|Mercy|Poppy|Tiber|Unala|Nala|Sala,canonical|alias
169600,_local/session_notes/IWTC session notes 101-150.md,session_notes,_local/session_notes/IWTC session notes 101-150.md,84,105,pers_macfeegle|art_folly|pers_dakgorim|pers_liavarah|pers_newberry|pers_alivyre|pers_faeryne|pers_garrick|loc_rarmal|pers_victor|loc_abbey|pers_hadar|pers_henry|pers_unala,MacFeegle|The Folly|Dakgorim|Liavarah|Evan Newberry|Alivyre Dawntracker|Faeryne|Garrick|Rarmal|Victor D Evernight|Wolfstream Abbey|Hadar|Henry Sleepsong|Unala Vortoise,14,MacFeegle|The Folly|Dakgorim|Liavarah|Newberry|Alivyre|Faeryne|Garrick|Rarmal|Victor|Abbey|Hadar|Henry|Unala,canonical|alias
169601,_local/session_notes/IWTC session notes 101-150.md,session_notes,_local/session_notes/IWTC session notes 101-150.md,106,119,pers_ungagh_bloodaxe|loc_crafthold|pers_macfeegle|art_folly|pers_alivyre|pers_faeryne|pers_garrick|loc_rarmal|pers_victor|loc_abbey|pers_henry|pers_unala,Ungagh Bloodaxe|Crafthold|MacFeegle|The Folly|Alivyre Dawntracker|Faeryne|Garrick|Rarmal|Victor D Evernight|Wolfstream Abbey|Henry Sleepsong|Unala Vortoise,12,Ungagh Bloodaxe|Crafthold|MacFeegle|The Folly|Alivyre|Faeryne|Garrick|Rarmal|Victor|Abbey|Henry|Unala,canonical|alias
169602,_local/session_notes/IWTC session notes 101-150.md,session_notes,_local/session_notes/IWTC session notes 101-150.md,120,141,pers_edda|loc_blackburn|loc_crafthold|pers_macfeegle|art_folly|pers_khagra_warhammer|pers_ungagh_bloodaxe|play_bysickle|pers_dakgorim|pers_alivyre|pers_faeryne|pers_garrick|loc_guldrur|loc_rarmal|play_venric|pers_victor|loc_abbey|play_crowe|pers_grace|org_hands|pers_henry|pers_kavar|play_scott|pers_unala,Edda MacInnis|Blackburn|Crafthold|MacFeegle|The Folly|Khagra Warhammer|Ungagh Bloodaxe|Bysickle|Dakgorim|Alivyre Dawntracker|Faeryne|Garrick|Guldrur|Rarmal|Venric|Victor D Evernight|Wolfstream Abbey|Crowe|Grace Kinneon|Hands of Liamassa|Henry Sleepsong|Kavar Protis|Scott|Unala Vortoise,24,Edda MacInnis|Blackburn|Crafthold|MacFeegle|The Folly|Warhammer|Bloodaxe|Bysickle|Dakgorim|Alivyre|Faeryne|Garrick|Guldrur|Rarmal|Venric|Victor|Abbey|Crowe|Folly|Grace|Hands|Henry|Kavar|Scott|Unala|Edda|Hand,canonical|alias
169603,_local/session_notes/IWTC session notes 101-150.md,session_notes,_local/session_notes/IWTC session notes 101-150.md,142,161,pers_cursin|loc_crafthold|org_myconids|pers_credus|play_venric|pers_aniya|pers_clara|play_crowe|creat_huana|play_scott|pers_jane,Cursin Helmaid|Crafthold|Myconids|Credus|Venric|Aniya Laccion|Clara|Crowe|Huana|Scott|Jane,11,Cursin Helmaid|Crafthold|Myconids|Credus|Cursin|Venric|Aniya|Clara|Crowe|Huana|Scott|Jane,canonical|alias
169604,_local/session_notes/IWTC session notes 101-150.md,session_notes,_local/session_notes/IWTC session notes 101-150.md,162,195,loc_crafthold|art_folly|play_bysickle|pers_liavarah|pers_alivyre|pers_faeryne|pers_liacyne|pers_luminia|pers_saphira|pers_credus|play_kalina|loc_rarmal|play_venric|pers_victor|play_crowe|pers_henry|pers_light|pers_mercy|pers_poppy|pers_tanzo|pers_unala|pers_cara|pers_edda|pers_sala,Crafthold|The Folly|Bysickle|Liavarah|Alivyre Dawntracker|Faeryne|Liacyne Heseth|Luminia|Saphira Celestia|Credus|Kalina|Rarmal|Venric|Victor D Evernight|Crowe|Henry Sleepsong|Light of Ironfang|Mercy Windriver|Poppy Everhold|Tanzo|Unala Vortoise|Cara Windsoul|Edda MacInnis|Salaisha,24,Crafthold|The Folly|Bysickle|Liavarah|Alivyre|Faeryne|Liacyne|Luminia|Saphira|Credus|Kalina|Rarmal|Venric|Victor|Crowe|Henry|Light|Mercy|Poppy|Tanzo|Unala|Cara|Edda|Sala,canonical|alias
169605,_local/session_notes/IWTC session notes 101-150.md,session_notes,_local/session_notes/IWTC session notes 101-150.md,196,218,loc_crafthold|play_bysickle|pers_faeryne|loc_guldrur|pers_saphira|pers_bixley|pers_credus|play_kalina|loc_rarmal|pers_clara|play_crowe|pers_elias|pers_henry|play_scott|pers_touya,Crafthold|Bysickle|Faeryne|Guldrur|Saphira Celestia|Bixley|Credus|Kalina|Rarmal|Clara|Crowe|Elias Stormriver|Henry Sleepsong|Scott|Touya Akira,15,Crafthold|Bysickle|Faeryne|Guldrur|Saphira|Bixley|Credus|Kalina|Rarmal|Clara|Crowe|Elias|Henry|Scott|Touya,canonical|alias
169606,_local/session_notes/IWTC session notes 101-150.md,session_notes,_local/session_notes/IWTC session notes 101-150.md,219,231,play_bysickle|pers_saphira|pers_credus|pers_cursin|play_kalina|play_venric|pers_clara|play_crowe|play_scott|pers_touya|pers_jane,Bysickle|Saphira Celestia|Credus|Cursin Helmaid|Kalina|Venric|Clara|Crowe|Scott|Touya Akira|Jane,11,Bysickle|Saphira|Credus|Cursin|Kalina|Venric|Clara|Crowe|Scott|Touya|Jane,canonical|alias
169607,_local/session_notes/IWTC session notes 101-150.md,session_notes,_local/session_notes/IWTC session notes 101-150.md,232,253,loc_wolfstream|loc_blackburn|pers_kir|art_folly|play_bysickle|pers_newberry|pers_alivyre|pers_faeryne|pers_garrick|pers_luminia|play_kalina|play_venric|pers_victor|play_crowe|pers_henry|pers_mercy|pers_sarai|art_iris,Wolfstream Village|Blackburn|Kir Selaz|The Folly|Bysickle|Evan Newberry|Alivyre Dawntracker|Faeryne|Garrick|Luminia|Kalina|Venric|Victor D Evernight|Crowe|Henry Sleepsong|Mercy Windriver|Sarai|IRIS,18,Wolfstream|Blackburn|Kir Selaz|The Folly|Bysickle|Newberry|Alivyre|Faeryne|Garrick|Luminia|Kalina|Venric|Victor|Crowe|Henry|Mercy|Sarai|IRIS,alias|canonical
169608,_local/session_notes/IWTC session notes 101-150.md,session_notes,_local/session_notes/IWTC session notes 101-150.md,254,273,org_myconids|org_academy_elysia|pers_faeryne|pers_fulbert|pers_liacyne|pers_luminia|pers_saphira|pers_credus|pers_cursin|pers_darren|loc_elysia|play_kalina|pers_urgulk|play_venric|pers_victor|pers_clara|play_delta|creat_huana|pers_mercy|play_scott|pers_tanzo|pers_tiber|pers_cara|pers_jane|pers_sala,Myconids|Elysian Academy|Faeryne|Fulbert Highwell|Liacyne Heseth|Luminia|Saphira Celestia|Credus|Cursin Helmaid|Darren Moore|Elysia|Kalina|Urgulk|Venric|Victor D Evernight|Clara|Delta|Huana|Mercy Windriver|Scott|Tanzo|Tiber Nox|Cara Windsoul|Jane|Salaisha,25,Myconids|Academy|Faeryne|Fulbert|Liacyne|Luminia|Saphira|Credus|Cursin|Darren|Elysia|Kalina|Urgulk|Venric|Victor|Clara|Delta|Huana|Mercy|Scott|Tanzo|Tiber|Cara|Jane|Sala,canonical|alias
169609,_local/session_notes/IWTC session notes 101-150.md,session_notes,_local/session_notes/IWTC session notes 101-150.md,274,301,loc_brightfield|loc_wolfstream|loc_blackburn|loc_crafthold|pers_kir|org_sleepsong|art_folly|play_bysickle|pers_caldwell|pers_alivyre|pers_faeryne|loc_thurway|pers_credus|pers_cursin|loc_dhassa|play_kalina|pers_victor|loc_abbey|pers_chuck|play_crowe|org_hands|pers_henry|pers_light|pers_poppy,Brightfields Village|Wolfstream Village|Blackburn|Crafthold|Kir Selaz|Sleepsong Clan|The Folly|Bysickle|Selis Caldwell|Alivyre Dawntracker|Faeryne|Thurway|Credus|Cursin Helmaid|Dhassa|Kalina|Victor D Evernight|Wolfstream Abbey|Chuck|Crowe|Hands of Liamassa|Henry Sleepsong|Light of Ironfang|Poppy Everhold,24,Brightfield|Wolfstream|Blackburn|Crafthold|Kir Selaz|Sleepsong|The Folly|Bysickle|Caldwell|Alivyre|Faeryne|Thurway|Credus|Cursin|Dhassa|Kalina|Victor|Abbey|Chuck|Crowe|Hands|Henry|Light|Poppy,alias|canonical
169610,_local/session_notes/IWTC session notes 101-150.md,session_notes,_local/session_notes/IWTC session notes 101-150.md,302,317,pers_shworn|creat_little_bear|loc_crafthold|play_bysickle|pers_alivyre|pers_faeryne|pers_luminia|play_kalina|play_venric|pers_victor|loc_abbey|play_crowe|pers_henry,Shworn Sleepsong|Little Bear|Crafthold|Bysickle|Alivyre Dawntracker|Faeryne|Luminia|Kalina|Venric|Victor D Evernight|Wolfstream Abbey|Crowe|Henry Sleepsong,13,Shworn Sleepsong|Little Bear|Crafthold|Bysickle|Alivyre|Faeryne|Luminia|Kalina|Shworn|Venric|Victor|Abbey|Crowe|Henry,canonical|alias
169611,_local/session_notes/IWTC session notes 101-150.md,session_notes,_local/session_notes/IWTC session notes 101-150.md,318,339,pers_jareth_heartarm|loc_crafthold|pers_kir|art_folly|play_bysickle|org_myconids|pers_newberry|pers_alivyre|pers_faeryne|pers_fulbert|pers_luminia|pers_saphira|loc_thurway|pers_bixley|pers_credus|pers_cursin|play_kalina|pers_victor|loc_abbey|play_crowe|pers_grace|pers_henry|pers_mercy|pers_touya|pers_jane,Jareth Heartarm|Crafthold|Kir Selaz|The Folly|Bysickle|Myconids|Evan Newberry|Alivyre Dawntracker|Faeryne|Fulbert Highwell|Luminia|Saphira Celestia|Thurway|Bixley|Credus|Cursin Helmaid|Kalina|Victor D Evernight|Wolfstream Abbey|Crowe|Grace Kinneon|Henry Sleepsong|Mercy Windriver|Touya Akira|Jane,25,Jareth Heartarm|Crafthold|Kir Selaz|The Folly|Bysickle|Myconids|Newberry|Alivyre|Faeryne|Fulbert|Luminia|Saphira|Thurway|Bixley|Credus|Cursin|Kalina|Victor|Abbey|Crowe|Grace|Henry|Mercy|Touya|Jane|Kir,canonical|alias
169613,_local/session_notes/IWTC session notes 101-150.md,session_notes,_local/session_notes/IWTC session notes 101-150.md,342,345,pers_kir|factn_wolf_clan|play_bysickle|loc_thurway|loc_dhassa|play_kalina|play_crowe,Kir Selaz|Wolf Clan|Bysickle|Thurway|Dhassa|Kalina|Crowe,7,Kir Selaz|Wolf Clan|Bysickle|Thurway|Dhassa|Kalina|Crowe,canonical
169614,_local/session_notes/IWTC session notes 101-150.md,session_notes,_local/session_notes/IWTC session notes 101-150.md,346,387,loc_sadies_leatherworking|org_ravencrest|pers_kir|factn_wolf_clan|play_bysickle|pers_alivyre|pers_braydon|pers_faeryne|pers_luminia|loc_thurway|pers_gerard|play_kalina|pers_roland|pers_shworn|play_venric|pers_victor|play_crowe|pers_henry|pers_nolan|pers_towne|org_hands|pers_jane,Sadie's Leatherworking|Ravencrest Merchant Family|Kir Selaz|Wolf Clan|Bysickle|Alivyre Dawntracker|Braydon|Faeryne|Luminia|Thurway|Gerard|Kalina|Roland|Shworn Sleepsong|Venric|Victor D Evernight|Crowe|Henry Sleepsong|Nolan|Towne|Hands of Liamassa|Jane,22,Sadie's Leatherworking|Ravencrest|Kir Selaz|Wolf Clan|Bysickle|Alivyre|Braydon|Faeryne|Luminia|Thurway|Gerard|Kalina|Roland|Shworn|Venric|Victor|Crowe|Henry|Nolan|Towne|Hand|Jane|Kir,canonical|alias
169615,_local/session_notes/IWTC session notes 101-150.md,session_notes,_local/session_notes/IWTC session notes 101-150.md,388,427,pers_bill_harrington|org_ravencrest|play_bysickle|pers_alivyre|pers_braydon|pers_faeryne|loc_killeth|pers_luminia|loc_thurway|loc_dhassa|play_kalina|pers_shworn|play_venric|pers_victor|play_crowe|org_hands|pers_henry|pers_nolan,Bill Harrington|Ravencrest Merchant Family|Bysickle|Alivyre Dawntracker|Braydon|Faeryne|Killeth|Luminia|Thurway|Dhassa|Kalina|Shworn Sleepsong|Venric|Victor D Evernight|Crowe|Hands of Liamassa|Henry Sleepsong|Nolan,18,Bill Harrington|Ravencrest|Bysickle|Alivyre|Braydon|Faeryne|Killeth|Luminia|Thurway|Dhassa|Kalina|Shworn|Venric|Victor|Crowe|Hands|Henry|Nolan,canonical|alias
169616,_local/session_notes/IWTC session notes 101-150.md,session_notes,_local/session_notes/IWTC session notes 101-150.md,428,455,org_ravencrest|loc_crafthold|play_bysickle|pers_liavarah|org_myconids|pers_alivyre|pers_braydon|pers_faeryne|loc_killeth|pers_luminia|pers_saphira|pers_bixley|pers_credus|loc_dhassa|play_kalina|pers_shworn|play_venric|pers_victor|pers_abram|play_crowe|org_hands|pers_henry|creat_huana|pers_mercy|pers_poppy|pers_touya|pers_jane|pers_sala|pers_lou,Ravencrest Merchant Family|Crafthold|Bysickle|Liavarah|Myconids|Alivyre Dawntracker|Braydon|Faeryne|Killeth|Luminia|Saphira Celestia|Bixley|Credus|Dhassa|Kalina|Shworn Sleepsong|Venric|Victor D Evernight|Abram|Crowe|Hands of Liamassa|Henry Sleepsong|Huana|Mercy Windriver|Poppy Everhold|Touya Akira|Jane|Salaisha|Lou,29,Ravencrest|Crafthold|Bysickle|Liavarah|Myconids|Alivyre|Braydon|Faeryne|Killeth|Luminia|Saphira|Bixley|Credus|Dhassa|Kalina|Shworn|Venric|Victor|Abram|Crowe|Hands|Henry|Huana|Mercy|Poppy|Touya|Jane|Sala|Lou,alias|canonical
169617,_local/session_notes/IWTC session notes 101-150.md,session_notes,_local/session_notes/IWTC session notes 101-150.md,456,479,pers_liavarah|pers_hammer|play_kalina|play_crowe|pers_eghad|pers_hadar|org_hands|pers_light|pers_mercy|pers_cara|creat_mine,Liavarah|Hammer of Ironfang|Kalina|Crowe|Eghad|Hadar|Hands of Liamassa|Light of Ironfang|Mercy Windriver|Cara Windsoul|Mine,11,Liavarah|Hammer|Kalina|Crowe|Eghad|Hadar|Hands|Light|Mercy|Varah|Cara|Mine,canonical|alias
169618,_local/session_notes/IWTC session notes 101-150.md,session_notes,_local/session_notes/IWTC session notes 101-150.md,480,509,play_bysickle|pers_alivyre|pers_faeryne|loc_killeth|pers_luminia|loc_thurway|pers_avarna|loc_dhassa|play_kalina|pers_roland|pers_shworn|play_venric|pers_victor|pers_abram|play_crowe|pers_henry|pers_aren|pers_lou,Bysickle|Alivyre Dawntracker|Faeryne|Killeth|Luminia|Thurway|Avarna|Dhassa|Kalina|Roland|Shworn Sleepsong|Venric|Victor D Evernight|Abram|Crowe|Henry Sleepsong|Aren|Lou,18,Bysickle|Alivyre|Faeryne|Killeth|Luminia|Thurway|Avarna|Dhassa|Kalina|Roland|Shworn|Venric|Victor|Abram|Crowe|Henry|Aren|Lou,canonical|alias
169619,_local/session_notes/IWTC session notes 101-150.md,session_notes,_local/session_notes/IWTC session notes 101-150.md,510,539,pers_loris|org_ravencrest|loc_crafthold|play_bysickle|pers_alivyre|loc_elulind|pers_faeryne|pers_luminia|pers_avarna|loc_dhassa|play_kalina|pers_shworn|play_venric|pers_victor|play_crowe|pers_henry|pers_aren|pers_sala,Edmund Loris|Ravencrest Merchant Family|Crafthold|Bysickle|Alivyre Dawntracker|Kingdom of Elulind|Faeryne|Luminia|Avarna|Dhassa|Kalina|Shworn Sleepsong|Venric|Victor D Evernight|Crowe|Henry Sleepsong|Aren|Salaisha,18,Edmund Loris|Ravencrest|Crafthold|Bysickle|Alivyre|Elulind|Faeryne|Luminia|Avarna|Dhassa|Kalina|Shworn|Venric|Victor|Crowe|Henry|Aren|Sala,canonical|alias
169620,_local/session_notes/IWTC session notes 101-150.md,session_notes,_local/session_notes/IWTC session notes 101-150.md,540,567,pers_william|loc_crafthold|org_sleepsong|play_bysickle|pers_alivyre|pers_braydon|pers_faeryne|loc_killeth|pers_luminia|loc_thurway|loc_torenth|pers_avarna|loc_elysia|play_kalina|pers_roland|pers_shworn|play_venric|pers_victor|play_crowe|pers_henry|pers_towne,William Sleepsong|Crafthold|Sleepsong Clan|Bysickle|Alivyre Dawntracker|Braydon|Faeryne|Killeth|Luminia|Thurway|Torenth|Avarna|Elysia|Kalina|Roland|Shworn Sleepsong|Venric|Victor D Evernight|Crowe|Henry Sleepsong|Towne,21,William Sleepsong|Crafthold|Sleepsong|Bysickle|Alivyre|Braydon|Faeryne|Killeth|Luminia|Thurway|Torenth|Avarna|Elysia|Kalina|Roland|Shworn|Venric|Victor|Crowe|Henry|Towne,canonical|alias
169621,_local/session_notes/IWTC session notes 101-150.md,session_notes,_local/session_notes/IWTC session notes 101-150.md,568,589,loc_crafthold|pers_newberry|pers_braydon|pers_faeryne|pers_luminia|loc_torenth|pers_credus|loc_dhassa|loc_elysia|pers_roland|pers_shworn|pers_victor|loc_abbey|pers_elias|org_hands|pers_terry|pers_towne,Crafthold|Evan Newberry|Braydon|Faeryne|Luminia|Torenth|Credus|Dhassa|Elysia|Roland|Shworn Sleepsong|Victor D Evernight|Wolfstream Abbey|Elias Stormriver|Hands of Liamassa|Terry|Towne,17,Crafthold|Newberry|Braydon|Faeryne|Luminia|Torenth|Credus|Dhassa|Elysia|Roland|Shworn|Victor|Abbey|Elias|Hands|Terry|Towne,canonical|alias
169622,_local/session_notes/IWTC session notes 101-150.md,session_notes,_local/session_notes/IWTC session notes 101-150.md,590,609,creat_little_bear|org_ravencrest|play_bysickle|factn_tolanites|pers_alivyre|pers_anthony|pers_avarna|pers_credus|pers_cullen|loc_dhassa|play_kalina|pers_shworn|play_venric|pers_victor|play_crowe|pers_henry|pers_loris|pers_aren|pers_moon,Little Bear|Ravencrest Merchant Family|Bysickle|Tolanites|Alivyre Dawntracker|Anthony Haldane|Avarna|Credus|Alister Cullen|Dhassa|Kalina|Shworn Sleepsong|Venric|Victor D Evernight|Crowe|Henry Sleepsong|Edmund Loris|Aren|Moon,19,Little Bear|Ravencrest|Bysickle|Tolanite|Alivyre|Anthony|Avarna|Credus|Cullen|Dhassa|Kalina|Shworn|Venric|Victor|Crowe|Henry|Loris|Aren|Moon,canonical|alias
169623,_local/session_notes/IWTC session notes 101-150.md,session_notes,_local/session_notes/IWTC session notes 101-150.md,610,641,org_diamond|org_ravencrest|loc_crafthold|loc_eth_aldur|org_sleepsong|factn_tolanites|pers_alivyre|pers_faeryne|pers_luminia|loc_thurway|pers_avarna|loc_dhassa|loc_elysia|pers_shworn|pers_victor|org_hands|pers_henry|pers_terry|play_phil|pers_rhys,Black Diamond|Ravencrest Merchant Family|Crafthold|Eth Aldur|Sleepsong Clan|Tolanites|Alivyre Dawntracker|Faeryne|Luminia|Thurway|Avarna|Dhassa|Elysia|Shworn Sleepsong|Victor D Evernight|Hands of Liamassa|Henry Sleepsong|Terry|Phil|Rhys Thuryn,20,Black Diamond|Ravencrest|Crafthold|Eth Aldur|Sleepsong|Tolanite|Alivyre|Faeryne|Luminia|Thurway|Avarna|Dhassa|Elysia|Shworn|Victor|Hands|Henry|Terry|Phil|Rhys,canonical|alias
169624,_local/session_notes/IWTC session notes 101-150.md,session_notes,_local/session_notes/IWTC session notes 101-150.md,642,684,loc_eth_aldur|play_bysickle|pers_liavarah|pers_fulbert|pers_saphira|pers_bixley|pers_darren|pers_jamfyr|play_kalina|pers_aniya|play_crowe|pers_draug|pers_poppy|pers_rhona|pers_soren|pers_aren|pers_cara,Eth Aldur|Bysickle|Liavarah|Fulbert Highwell|Saphira Celestia|Bixley|Darren Moore|Jamfyr|Kalina|Aniya Laccion|Crowe|Draug|Poppy Everhold|Rhona|Soren|Aren|Cara Windsoul,17,Eth Aldur|Bysickle|Liavarah|Fulbert|Saphira|Bixley|Darren|Jamfyr|Kalina|Aniya|Crowe|Draug|Poppy|Rhona|Soren|Aren|Cara,canonical|alias
169625,_local/session_notes/IWTC session notes 101-150.md,session_notes,_local/session_notes/IWTC session notes 101-150.md,685,690,pers_alivyre|pers_fenrir|pers_shworn|pers_henry|pers_kavar,Alivyre Dawntracker|Fenrir|Shworn Sleepsong|Henry Sleepsong|Kavar Protis,5,Alivyre|Fenrir|Shworn|Henry|Kavar,alias|canonical
169626,_local/session_notes/IWTC session notes 101-150.md,session_notes,_local/session_notes/IWTC session notes 101-150.md,691,708,org_sleepsong|pers_alivyre|pers_faeryne|pers_luminia|pers_avarna|pers_fenrir|pers_shworn|pers_victor|pers_henry|pers_kavar|pers_terry,Sleepsong Clan|Alivyre Dawntracker|Faeryne|Luminia|Avarna|Fenrir|Shworn Sleepsong|Victor D Evernight|Henry Sleepsong|Kavar Protis|Terry,11,Sleepsong|Alivyre|Faeryne|Luminia|Avarna|Fenrir|Shworn|Victor|Henry|Kavar|Terry,alias|canonical
169627,_local/session_notes/IWTC session notes 101-150.md,session_notes,_local/session_notes/IWTC session notes 101-150.md,709,730,pers_zohra|factn_tolanites|pers_alivyre|pers_faeryne|pers_luminia|pers_avarna|loc_dhassa|pers_fenrir|pers_shworn|pers_victor|pers_henry|pers_terry|org_hands,Master Zohra|Tolanites|Alivyre Dawntracker|Faeryne|Luminia|Avarna|Dhassa|Fenrir|Shworn Sleepsong|Victor D Evernight|Henry Sleepsong|Terry|Hands of Liamassa,13,Master Zohra|Tolanites|Alivyre|Faeryne|Luminia|Avarna|Dhassa|Fenrir|Shworn|Victor|Henry|Terry|Hand,canonical|alias
169628,_local/session_notes/IWTC session notes 101-150.md,session_notes,_local/session_notes/IWTC session notes 101-150.md,731,756,org_diamond|creat_little_bear|org_michaeline|org_ravencrest|factn_tolanites|pers_alivyre|pers_faeryne|pers_luminia|pers_avarna|loc_dhassa|org_remedy|pers_shworn|pers_victor|pers_henry|pers_kavar|pers_terry|pers_aren,Black Diamond|Little Bear|Order of St Michael|Ravencrest Merchant Family|Tolanites|Alivyre Dawntracker|Faeryne|Luminia|Avarna|Dhassa|Airmid's Remedy|Shworn Sleepsong|Victor D Evernight|Henry Sleepsong|Kavar Protis|Terry|Aren,17,Black Diamond|Little Bear|Michaelines|Ravencrest|Tolanites|Tolanite|Alivyre|Faeryne|Luminia|Avarna|Dhassa|Remedy|Shworn|Victor|Henry|Kavar|Terry|Aren,canonical|alias
169629,_local/session_notes/IWTC session notes 101-150.md,session_notes,_local/session_notes/IWTC session notes 101-150.md,757,801,factn_spencer|pers_piers|creat_little_bear|factn_tolanites|pers_alivyre|pers_faeryne|org_remedy|pers_shworn|pers_victor|pers_emily|pers_henry|pers_terry|pers_rhys,The Spencer Heir|Piers Ashton|Little Bear|Tolanites|Alivyre Dawntracker|Faeryne|Airmid's Remedy|Shworn Sleepsong|Victor D Evernight|Emily Ashton|Henry Sleepsong|Terry|Rhys Thuryn,13,The Spencer Heir|Piers Ashton|Little Bear|Tolanites|Alivyre|Faeryne|Spencer|Remedy|Shworn|Victor|Emily|Henry|Piers|Terry|Rhys,canonical|alias
169630,_local/session_notes/IWTC session notes 101-150.md,session_notes,_local/session_notes/IWTC session notes 101-150.md,802,807,pers_liavarah|pers_faeryne|pers_fulbert|pers_bixley|pers_credus|art_folly,Liavarah|Faeryne|Fulbert Highwell|Bixley|Credus|The Folly,6,Liavarah|Faeryne|Fulbert|Bixley|Credus|Folly,canonical|alias
169631,_local/session_notes/IWTC session notes 101-150.md,session_notes,_local/session_notes/IWTC session notes 101-150.md,808,815,pers_liavarah|pers_garrick|pers_saphira|pers_bixley|pers_darren|pers_poppy|pers_cara,Liavarah|Garrick|Saphira Celestia|Bixley|Darren Moore|Poppy Everhold|Cara Windsoul,7,Liavarah|Garrick|Saphira|Bixley|Darren|Poppy|Cara,canonical|alias
169632,_local/session_notes/IWTC session notes 101-150.md,session_notes,_local/session_notes/IWTC session notes 101-150.md,816,825,pers_liavarah|pers_garrick|pers_saphira|pers_darren|pers_aniya|pers_poppy|pers_cara,Liavarah|Garrick|Saphira Celestia|Darren Moore|Aniya Laccion|Poppy Everhold|Cara Windsoul,7,Liavarah|Garrick|Saphira|Darren|Aniya|Poppy|Cara,canonical|alias
169633,_local/session_notes/IWTC session notes 101-150.md,session_notes,_local/session_notes/IWTC session notes 101-150.md,826,839,loc_eth_aldur|pers_liavarah|pers_garrick|pers_bixley|pers_darren|play_kalina|play_venric|pers_aniya|play_crowe|pers_poppy|pers_cara,Eth Aldur|Liavarah|Garrick|Bixley|Darren Moore|Kalina|Venric|Aniya Laccion|Crowe|Poppy Everhold|Cara Windsoul,11,Eth Aldur|Liavarah|Garrick|Bixley|Darren|Kalina|Venric|Aniya|Crowe|Poppy|Cara,canonical|alias
169634,_local/session_notes/IWTC session notes 101-150.md,session_notes,_local/session_notes/IWTC session notes 101-150.md,840,867,loc_brightfield|loc_blackburn|loc_crafthold|loc_stonehome|pers_dakgorim|pers_eardwulf|pers_newberry|pers_alivyre|pers_faeryne|loc_guldrur|pers_luminia|factn_modrons|pers_credus|loc_dhassa|loc_rarmal|pers_shworn|loc_abbey|art_glory|pers_henry|pers_melba|pers_soren|pers_terry|pers_tiber|pers_unala|creat_mine|creat_pet,Brightfields Village|Blackburn|Crafthold|Stonehome|Dakgorim|Eardwulf Harland|Evan Newberry|Alivyre Dawntracker|Faeryne|Guldrur|Luminia|Modrons|Credus|Dhassa|Rarmal|Shworn Sleepsong|Wolfstream Abbey|Unala's Glory|Henry Sleepsong|Melba Harland|Soren|Terry|Tiber Nox|Unala Vortoise|Mine|Pet,26,Brightfield|Blackburn|Crafthold|Stonehome|Dakgorim|Eardwulf|Newberry|Alivyre|Faeryne|Guldrur|Luminia|Modrons|Credus|Dhassa|Rarmal|Shworn|Abbey|Glory|Henry|Melba|Soren|Terry|Tiber|Unala|Mine|Pet,alias|canonical
169635,_local/session_notes/IWTC session notes 101-150.md,session_notes,_local/session_notes/IWTC session notes 101-150.md,868,889,loc_brightfield|loc_crafthold|pers_alivyre|pers_faeryne|pers_luminia|pers_credus|org_hands|creat_huana|pers_light|pers_mercy|pers_soren|pers_terry|pers_unala,Brightfields Village|Crafthold|Alivyre Dawntracker|Faeryne|Luminia|Credus|Hands of Liamassa|Huana|Light of Ironfang|Mercy Windriver|Soren|Terry|Unala Vortoise,13,Brightfield|Crafthold|Alivyre|Faeryne|Luminia|Credus|Hands|Huana|Light|Mercy|Soren|Terry|Unala|Hand,alias|canonical
169636,_local/session_notes/IWTC session notes 101-150.md,session_notes,_local/session_notes/IWTC session notes 101-150.md,890,917,loc_brightfield|pers_alivyre|pers_faeryne|pers_luminia|pers_credus|play_venric|pers_elias|org_hands|creat_huana|pers_jemmy|pers_tanzo,Brightfields Village|Alivyre Dawntracker|Faeryne|Luminia|Credus|Venric|Elias Stormriver|Hands of Liamassa|Huana|Jemmy|Tanzo,11,Brightfield|Alivyre|Faeryne|Luminia|Credus|Venric|Elias|Hands|Huana|Jemmy|Tanzo,alias|canonical
169637,_local/session_notes/IWTC session notes 101-150.md,session_notes,_local/session_notes/IWTC session notes 101-150.md,918,938,loc_brightfield|pers_alivyre|pers_faeryne|pers_credus|play_venric|pers_victor|pers_jemmy|pers_melba|org_hands|pers_katy,Brightfields Village|Alivyre Dawntracker|Faeryne|Credus|Venric|Victor D Evernight|Jemmy|Melba Harland|Hands of Liamassa|Katy,10,Brightfield|Alivyre|Faeryne|Credus|Venric|Victor|Jemmy|Melba|Hand|Katy,alias|canonical
169638,_local/session_notes/IWTC session notes 101-150.md,session_notes,_local/session_notes/IWTC session notes 101-150.md,939,962,pers_liavarah|pers_alivyre|loc_dereham|pers_faeryne|pers_credus|art_folly|org_hands|pers_holly|pers_poppy|pers_terry|pers_unala|pers_katy|creat_pet,Liavarah|Alivyre Dawntracker|Dereham|Faeryne|Credus|The Folly|Hands of Liamassa|Holly|Poppy Everhold|Terry|Unala Vortoise|Katy|Pet,13,Liavarah|Alivyre|Dereham|Faeryne|Credus|Folly|Hands|Holly|Poppy|Terry|Unala|Katy|Pet,canonical|alias
169639,_local/session_notes/IWTC session notes 101-150.md,session_notes,_local/session_notes/IWTC session notes 101-150.md,963,980,loc_brightfield|creat_little_bear|loc_crafthold|pers_alivyre|pers_faeryne|pers_luminia|pers_credus|pers_victor|pers_holly|pers_mercy|pers_katy,Brightfields Village|Little Bear|Crafthold|Alivyre Dawntracker|Faeryne|Luminia|Credus|Victor D Evernight|Holly|Mercy Windriver|Katy,11,Brightfield|Little Bear|Crafthold|Alivyre|Faeryne|Luminia|Credus|Victor|Holly|Mercy|Katy,alias|canonical
169640,_local/session_notes/IWTC session notes 101-150.md,session_notes,_local/session_notes/IWTC session notes 101-150.md,981,1012,art_folly|pers_liavarah|pers_alivyre|loc_dereham|pers_faeryne|pers_luminia|pers_saphira|pers_credus|pers_holly|pers_poppy|pers_tawyn|pers_terry|pers_unala|pers_katy|creat_pet,The Folly|Liavarah|Alivyre Dawntracker|Dereham|Faeryne|Luminia|Saphira Celestia|Credus|Holly|Poppy Everhold|Tawyn|Terry|Unala Vortoise|Katy|Pet,15,The Folly|Liavarah|Alivyre|Dereham|Faeryne|Luminia|Saphira|Credus|Holly|Poppy|Tawyn|Terry|Unala|Katy|Pet,canonical|alias
169641,_local/session_notes/IWTC session notes 101-150.md,session_notes,_local/session_notes/IWTC session notes 101-150.md,1013,1053,pers_liavarah|pers_alivyre|pers_faeryne|pers_luminia|pers_saphira|pers_credus|pers_chase|pers_hadar|pers_holly|creat_huana|pers_poppy|pers_terry|pers_unala|pers_katy|creat_pet,Liavarah|Alivyre Dawntracker|Faeryne|Luminia|Saphira Celestia|Credus|Chase|Hadar|Holly|Huana|Poppy Everhold|Terry|Unala Vortoise|Katy|Pet,15,Liavarah|Alivyre|Faeryne|Luminia|Saphira|Credus|Chase|Hadar|Holly|Huana|Poppy|Terry|Unala|Katy|Pet,canonical|alias
169642,_local/session_notes/IWTC session notes 101-150.md,session_notes,_local/session_notes/IWTC session notes 101-150.md,1054,1067,creat_little_bear|pers_liavarah|pers_alivyre|pers_faeryne|pers_luminia|pers_saphira|pers_credus|pers_elaris|play_kalina|pers_holly|pers_poppy|pers_terry|pers_unala|pers_katy|creat_pet,Little Bear|Liavarah|Alivyre Dawntracker|Faeryne|Luminia|Saphira Celestia|Credus|Elaris Thorne|Kalina|Holly|Poppy Everhold|Terry|Unala Vortoise|Katy|Pet,15,Little Bear|Liavarah|Alivyre|Faeryne|Luminia|Saphira|Credus|Elaris|Kalina|Holly|Poppy|Terry|Unala|Katy|Pet,canonical|alias
169643,_local/session_notes/IWTC session notes 101-150.md,session_notes,_local/session_notes/IWTC session notes 101-150.md,1068,1083,pers_liavarah|pers_alivyre|pers_faeryne|pers_credus|play_kalina|play_venric|pers_holly|pers_unala|pers_katy|creat_pet,Liavarah|Alivyre Dawntracker|Faeryne|Credus|Kalina|Venric|Holly|Unala Vortoise|Katy|Pet,10,Liavarah|Alivyre|Faeryne|Credus|Kalina|Venric|Holly|Unala|Katy|Pet,canonical|alias
169644,_local/session_notes/IWTC session notes 101-150.md,session_notes,_local/session_notes/IWTC session notes 101-150.md,1084,1103,pers_liavarah|pers_alivyre|pers_faeryne|pers_luminia|pers_saphira|pers_credus|pers_elaris|play_venric|pers_holly|pers_unala|pers_katy,Liavarah|Alivyre Dawntracker|Faeryne|Luminia|Saphira Celestia|Credus|Elaris Thorne|Venric|Holly|Unala Vortoise|Katy,11,Liavarah|Alivyre|Faeryne|Luminia|Saphira|Credus|Elaris|Venric|Holly|Unala|Katy,canonical|alias
169645,_local/session_notes/IWTC session notes 101-150.md,session_notes,_local/session_notes/IWTC session notes 101-150.md,1104,1117,pers_liavarah|play_kalina|pers_chase|play_crowe|play_amy,Liavarah|Kalina|Chase|Crowe|Amy,5,Liavarah|Kalina|Chase|Crowe|Amy,canonical
169646,_local/session_notes/IWTC session notes 101-150.md,session_notes,_local/session_notes/IWTC session notes 101-150.md,1118,1139,pers_liavarah|pers_alivyre|pers_faeryne|pers_luminia|pers_saphira|pers_credus|pers_elaris|play_kalina|play_crowe|pers_hadar|pers_holly|creat_huana|pers_terry|pers_unala|pers_katy|play_amy|creat_pet,Liavarah|Alivyre Dawntracker|Faeryne|Luminia|Saphira Celestia|Credus|Elaris Thorne|Kalina|Crowe|Hadar|Holly|Huana|Terry|Unala Vortoise|Katy|Amy|Pet,17,Liavarah|Alivyre|Faeryne|Luminia|Saphira|Credus|Elaris|Kalina|Crowe|Hadar|Holly|Huana|Terry|Unala|Varah|Katy|Amy|Pet,canonical|alias
169647,_local/session_notes/IWTC session notes 101-150.md,session_notes,_local/session_notes/IWTC session notes 101-150.md,1140,1174,creat_little_bear|loc_crafthold|pers_liavarah|pers_alivyre|pers_baltael|pers_faeryne|pers_luminia|pers_saphira|pers_credus|pers_elaris|play_kalina|play_crowe|pers_holly|pers_terry|pers_unala|org_hands|pers_katy|play_amy|creat_pet,Little Bear|Crafthold|Liavarah|Alivyre Dawntracker|Baltael|Faeryne|Luminia|Saphira Celestia|Credus|Elaris Thorne|Kalina|Crowe|Holly|Terry|Unala Vortoise|Hands of Liamassa|Katy|Amy|Pet,19,Little Bear|Crafthold|Liavarah|Alivyre|Baltael|Faeryne|Luminia|Saphira|Credus|Elaris|Kalina|Crowe|Holly|Terry|Unala|Varah|Hand|Katy|Amy|Pet,canonical|alias
169648,_local/session_notes/IWTC session notes 101-150.md,session_notes,_local/session_notes/IWTC session notes 101-150.md,1175,1196,loc_brightfield|pers_liavarah|pers_alivyre|pers_faeryne|pers_saphira|pers_credus|pers_elaris|play_kalina|play_crowe|pers_hadar|creat_huana|pers_terry|pers_katy|play_amy|creat_pet,Brightfields Village|Liavarah|Alivyre Dawntracker|Faeryne|Saphira Celestia|Credus|Elaris Thorne|Kalina|Crowe|Hadar|Huana|Terry|Katy|Amy|Pet,15,Brightfield|Liavarah|Alivyre|Faeryne|Saphira|Credus|Elaris|Kalina|Crowe|Hadar|Huana|Terry|Katy|Amy|Pet,alias|canonical
169649,_local/session_notes/IWTC session notes 101-150.md,session_notes,_local/session_notes/IWTC session notes 101-150.md,1197,1214,pers_liavarah|play_thon|pers_alivyre|pers_faeryne|pers_luminia|pers_saphira|pers_credus|pers_elaris|play_kalina|pers_mowser|play_crowe|pers_holly|creat_huana|pers_light|pers_terry|pers_unala|pers_katy|play_amy|creat_pet,Liavarah|Thonatmo|Alivyre Dawntracker|Faeryne|Luminia|Saphira Celestia|Credus|Elaris Thorne|Kalina|Mowser|Crowe|Holly|Huana|Light of Ironfang|Terry|Unala Vortoise|Katy|Amy|Pet,19,Liavarah|Thonatmo|Alivyre|Faeryne|Luminia|Saphira|Credus|Elaris|Kalina|Mowser|Crowe|Holly|Huana|Light|Terry|Unala|Katy|Amy|Pet,canonical|alias
169650,_local/session_notes/IWTC session notes 101-150.md,session_notes,_local/session_notes/IWTC session notes 101-150.md,1215,1226,loc_crafthold|pers_liavarah|pers_faeryne|ref_kwalish|pers_credus|play_kalina|pers_mowser|play_crowe|pers_holly|play_amy,Crafthold|Liavarah|Faeryne|Kwalish|Credus|Kalina|Mowser|Crowe|Holly|Amy,10,Crafthold|Liavarah|Faeryne|Kwalish|Credus|Kalina|Mowser|Crowe|Holly|Amy,canonical
169651,_local/session_notes/IWTC session notes 101-150.md,session_notes,_local/session_notes/IWTC session notes 101-150.md,1227,1237,pers_liavarah|pers_alivyre|pers_faeryne|pers_luminia|pers_saphira|pers_credus|pers_elaris|play_kalina|pers_mowser|play_crowe|pers_holly|pers_terry|pers_unala|pers_katy|play_amy,Liavarah|Alivyre Dawntracker|Faeryne|Luminia|Saphira Celestia|Credus|Elaris Thorne|Kalina|Mowser|Crowe|Holly|Terry|Unala Vortoise|Katy|Amy,15,Liavarah|Alivyre|Faeryne|Luminia|Saphira|Credus|Elaris|Kalina|Mowser|Crowe|Holly|Terry|Unala|Katy|Amy,canonical|alias
169840,_local/session_notes/IWTC session notes 51-100.md,session_notes,_local/session_notes/IWTC session notes 51-100.md,3,24,loc_brightfield|loc_crafthold|pers_alivyre|pers_liacyne|pers_gremze|pers_henry|pers_soren|pers_unala|pers_jane|pers_bre|creat_pet,Brightfields Village|Crafthold|Alivyre Dawntracker|Liacyne Heseth|Gremze|Henry Sleepsong|Soren|Unala Vortoise|Jane|Breanna Arch|Pet,11,Brightfield|Crafthold|Alivyre|Liacyne|Gremze|Henry|Soren|Unala|Jane|Bre|Pet,alias|canonical
169841,_local/session_notes/IWTC session notes 51-100.md,session_notes,_local/session_notes/IWTC session notes 51-100.md,25,53,loc_crafthold|pers_alivyre|pers_faeryne|loc_guldrur|pers_liacyne|pers_credus|pers_gremze|pers_aniya|pers_soren|pers_unala|pers_bre|creat_pet,Crafthold|Alivyre Dawntracker|Faeryne|Guldrur|Liacyne Heseth|Credus|Gremze|Aniya Laccion|Soren|Unala Vortoise|Breanna Arch|Pet,12,Crafthold|Alivyre|Faeryne|Guldrur|Liacyne|Credus|Gremze|Aniya|Soren|Unala|Bre|Pet,canonical|alias
169842,_local/session_notes/IWTC session notes 51-100.md,session_notes,_local/session_notes/IWTC session notes 51-100.md,54,59,org_cavekeepers|loc_crafthold|factn_krach-ul|play_spartan|factn_ilguz,Cave Keepers|Crafthold|Krach-ul Clan|Spartan|Ilguz Clan,5,Cave Keepers|Crafthold|Krach-ul|Spartan|Ilguz,canonical|alias
169843,_local/session_notes/IWTC session notes 51-100.md,session_notes,_local/session_notes/IWTC session notes 51-100.md,60,89,loc_northbend|creat_little_bear|loc_crafthold|pers_khagra_warhammer|pers_dakgorim|pers_alivyre|loc_guldrur|pers_liacyne|pers_idolus|loc_abbey|pers_unala|pers_bre,North Bend FOB|Little Bear|Crafthold|Khagra Warhammer|Dakgorim|Alivyre Dawntracker|Guldrur|Liacyne Heseth|Idolus|Wolfstream Abbey|Unala Vortoise|Breanna Arch,12,North Bend FOB|Little Bear|Crafthold|Warhammer|Dakgorim|Alivyre|Guldrur|Liacyne|Idolus|Abbey|Unala|Bre,canonical|alias
169844,_local/session_notes/IWTC session notes 51-100.md,session_notes,_local/session_notes/IWTC session notes 51-100.md,90,113,pers_alivyre|loc_guldrur|pers_liacyne|pers_idolus|pers_unala|pers_bear|pers_drib|pers_bre,Alivyre Dawntracker|Guldrur|Liacyne Heseth|Idolus|Unala Vortoise|Bear|Drib Gnoss|Breanna Arch,8,Alivyre|Guldrur|Liacyne|Idolus|Unala|Bear|Drib|Bre,alias|canonical
169845,_local/session_notes/IWTC session notes 51-100.md,session_notes,_local/session_notes/IWTC session notes 51-100.md,114,126,loc_northbend|creat_little_bear|loc_crafthold|pers_alivyre|pers_baltael|pers_faeryne|play_spartan|play_crowe|pers_unala|pers_jane|creat_mine|pers_bre|creat_pet,North Bend FOB|Little Bear|Crafthold|Alivyre Dawntracker|Baltael|Faeryne|Spartan|Crowe|Unala Vortoise|Jane|Mine|Breanna Arch|Pet,13,North Bend FOB|Little Bear|Crafthold|Alivyre|Baltael|Faeryne|Spartan|Crowe|Unala|Jane|Mine|Bre|Pet,canonical|alias
169846,_local/session_notes/IWTC session notes 51-100.md,session_notes,_local/session_notes/IWTC session notes 51-100.md,127,140,pers_david_bowie|play_charis|pers_hammer|play_kalina|play_crowe|pers_eghad|pers_light|pers_poppy|pers_claw|play_ana,David Bowie|Charis|Hammer of Ironfang|Kalina|Crowe|Eghad|Light of Ironfang|Poppy Everhold|Claw of Ironfang|Ana,10,David Bowie|Charis|Hammer|Kalina|Crowe|Eghad|Light|Poppy|Claw|Ana,canonical|alias
169847,_local/session_notes/IWTC session notes 51-100.md,session_notes,_local/session_notes/IWTC session notes 51-100.md,141,155,pers_faeryne|pers_fulbert|pers_credus|pers_azaar,Faeryne|Fulbert Highwell|Credus|Azaar,4,Faeryne|Fulbert|Credus|Azaar,canonical|alias
169848,_local/session_notes/IWTC session notes 51-100.md,session_notes,_local/session_notes/IWTC session notes 51-100.md,156,225,pers_brigitte_ware|loc_abbey|pers_cullen|pers_norris|loc_northbend|pers_caldwell|org_jackals|pers_newberry|pers_karsen|org_ravens|pers_jessie_hobbs|pers_taylor_ochoa|pers_olivia_rios|loc_crafthold|pers_dakgorim|pers_alivyre|pers_faeryne|pers_fulbert|loc_guldrur|pers_liacyne|pers_luminia|pers_credus|pers_darren|pers_idolus|pers_azaar|pers_goren|pers_mercy|pers_soren|pers_unala|pers_bear|pers_cara|org_hands|pers_bre,Mother Brigitte Ware|Wolfstream Abbey|Alister Cullen|Brother Norris|North Bend FOB|Selis Caldwell|Silver Jackals|Evan Newberry|Sister Karsen|Death Ravens|Jessie Hobbs|Taylor Ochoa|Olivia Rios|Crafthold|Dakgorim|Alivyre Dawntracker|Faeryne|Fulbert Highwell|Guldrur|Liacyne Heseth|Luminia|Credus|Darren Moore|Idolus|Azaar|Goren|Mercy Windriver|Soren|Unala Vortoise|Bear|Cara Windsoul|Hands of Liamassa|Breanna Arch,33,Mother Brigitte Ware|Wolfstream Abbey|Alister Cullen|Brother Norris|North Bend FOB|Selis Caldwell|Silver Jackals|Evan Newberry|Sister Karsen|Death Ravens|Jessie Hobbs|Taylor Ochoa|Olivia Rios|Crafthold|Dakgorim|Alivyre|Faeryne|Fulbert|Guldrur|Liacyne|Luminia|Credus|Darren|Idolus|Abbey|Azaar|Goren|Mercy|Soren|Unala|Bear|Cara|Hand|Bre,canonical|alias
169850,_local/session_notes/IWTC session notes 51-100.md,session_notes,_local/session_notes/IWTC session notes 51-100.md,230,243,loc_crafthold|pers_victor|pers_aniya|pers_tanzo,Crafthold|Victor D Evernight|Aniya Laccion|Tanzo,4,Crafthold|Victor|Aniya|Tanzo,canonical|alias
169851,_local/session_notes/IWTC session notes 51-100.md,session_notes,_local/session_notes/IWTC session notes 51-100.md,244,269,pers_baltael|pers_faeryne|pers_luminia|pers_light,Baltael|Faeryne|Luminia|Light of Ironfang,4,Baltael|Faeryne|Luminia|Light,canonical|alias
169852,_local/session_notes/IWTC session notes 51-100.md,session_notes,_local/session_notes/IWTC session notes 51-100.md,270,281,loc_crafthold|factn_modrons|pers_credus|pers_mercy,Crafthold|Modrons|Credus|Mercy Windriver,4,Crafthold|Modrons|Credus|Mercy,canonical|alias
169854,_local/session_notes/IWTC session notes 51-100.md,session_notes,_local/session_notes/IWTC session notes 51-100.md,284,297,loc_crafthold|pers_faeryne|pers_fulbert|pers_credus|pers_azaar|pers_henry|pers_jane|pers_moon,Crafthold|Faeryne|Fulbert Highwell|Credus|Azaar|Henry Sleepsong|Jane|Moon,8,Crafthold|Faeryne|Fulbert|Credus|Azaar|Henry|Jane|Moon,canonical|alias
169855,_local/session_notes/IWTC session notes 51-100.md,session_notes,_local/session_notes/IWTC session notes 51-100.md,298,319,loc_crafthold|factn_modrons|pers_credus,Crafthold|Modrons|Credus,3,Crafthold|Modrons|Credus,canonical
169856,_local/session_notes/IWTC session notes 51-100.md,session_notes,_local/session_notes/IWTC session notes 51-100.md,320,331,pers_faeryne|pers_fulbert|ref_kwalish|pers_luminia|factn_modrons|pers_cergad|pers_credus|pers_azaar|pers_henry|creat_huana|pers_poppy|art_iris,Faeryne|Fulbert Highwell|Kwalish|Luminia|Modrons|Cergad|Credus|Azaar|Henry Sleepsong|Huana|Poppy Everhold|IRIS,12,Faeryne|Fulbert|Kwalish|Luminia|Modrons|Cergad|Credus|Azaar|Henry|Huana|Poppy|IRIS,canonical|alias
169859,_local/session_notes/IWTC session notes 51-100.md,session_notes,_local/session_notes/IWTC session notes 51-100.md,338,363,org_orcs|play_bysickle|org_hands|pers_moon,Orc Nation|Bysickle|Hands of Liamassa|Moon,4,Orc Nation|Bysickle|Hand|Moon,canonical|alias
169860,_local/session_notes/IWTC session notes 51-100.md,session_notes,_local/session_notes/IWTC session notes 51-100.md,364,396,loc_crafthold|play_bysickle|pers_alivyre|pers_liacyne|pers_idolus|pers_urgulk|pers_henry|pers_unala|pers_bear|pers_bre,Crafthold|Bysickle|Alivyre Dawntracker|Liacyne Heseth|Idolus|Urgulk|Henry Sleepsong|Unala Vortoise|Bear|Breanna Arch,10,Crafthold|Bysickle|Alivyre|Liacyne|Idolus|Urgulk|Henry|Unala|Bear|Bre,canonical|alias
169862,_local/session_notes/IWTC session notes 51-100.md,session_notes,_local/session_notes/IWTC session notes 51-100.md,405,451,loc_crafthold|pers_shargaas|pers_alivyre|pers_faeryne|loc_guldrur|pers_luminia|pers_cergad|pers_urgulk|org_hands|pers_henry|pers_light|pers_unala|pers_aren|creat_mine|creat_pet,Crafthold|Shargaas|Alivyre Dawntracker|Faeryne|Guldrur|Luminia|Cergad|Urgulk|Hands of Liamassa|Henry Sleepsong|Light of Ironfang|Unala Vortoise|Aren|Mine|Pet,15,Crafthold|Shargaas|Alivyre|Faeryne|Guldrur|Luminia|Cergad|Urgulk|Hands|Henry|Light|Unala|Aren|Hand|Mine|Pet,canonical|alias
169863,_local/session_notes/IWTC session notes 51-100.md,session_notes,_local/session_notes/IWTC session notes 51-100.md,452,473,loc_crafthold|pers_sala|pers_faeryne|pers_fulbert|pers_liacyne|pers_luminia|factn_modrons|pers_credus|pers_idolus|play_venric|pers_aniya|creat_berry|pers_mercy|pers_poppy|pers_sarai|pers_tanzo|pers_unala|pers_bear|art_iris,Crafthold|Salaisha|Faeryne|Fulbert Highwell|Liacyne Heseth|Luminia|Modrons|Credus|Idolus|Venric|Aniya Laccion|Berry|Mercy Windriver|Poppy Everhold|Sarai|Tanzo|Unala Vortoise|Bear|IRIS,19,Crafthold|Salaisha|Faeryne|Fulbert|Liacyne|Luminia|Modrons|Credus|Idolus|Venric|Aniya|Berry|Mercy|Poppy|Sarai|Tanzo|Unala|Bear|IRIS|Sala,canonical|alias
169864,_local/session_notes/IWTC session notes 51-100.md,session_notes,_local/session_notes/IWTC session notes 51-100.md,474,529,loc_brightfield|loc_trollhills|loc_blackburn|loc_crafthold|pers_liavarah|pers_sala|pers_faeryne|pers_luminia|pers_cergad|pers_credus|pers_bella|creat_berry|play_crowe|pers_light|pers_mercy|pers_tanzo|pers_unala|pers_jane|creat_pet,Brightfields Village|Trollhills|Blackburn|Crafthold|Liavarah|Salaisha|Faeryne|Luminia|Cergad|Credus|Bella|Berry|Crowe|Light of Ironfang|Mercy Windriver|Tanzo|Unala Vortoise|Jane|Pet,19,Brightfield|Trollhills|Blackburn|Crafthold|Liavarah|Salaisha|Faeryne|Luminia|Cergad|Credus|Bella|Berry|Crowe|Light|Mercy|Tanzo|Unala|Jane|Sala|Pet,alias|canonical
169865,_local/session_notes/IWTC session notes 51-100.md,session_notes,_local/session_notes/IWTC session notes 51-100.md,530,550,loc_brightfield|loc_blackburn|loc_crafthold|pers_cergad|pers_bella|pers_unala|pers_jane|creat_pet,Brightfields Village|Blackburn|Crafthold|Cergad|Bella|Unala Vortoise|Jane|Pet,8,Brightfield|Blackburn|Crafthold|Cergad|Bella|Unala|Jane|Pet,alias|canonical
169866,_local/session_notes/IWTC session notes 51-100.md,session_notes,_local/session_notes/IWTC session notes 51-100.md,551,584,loc_trollhills|loc_blackburn|loc_crafthold|pers_liavarah|pers_alivyre|loc_guldrur|pers_kaitlyn|pers_connor|pers_gremze|pers_urgulk|loc_abbey|pers_henry|factn_ilguz|pers_mercy|pers_poppy|pers_tanzo,Trollhills|Blackburn|Crafthold|Liavarah|Alivyre Dawntracker|Guldrur|Kaitlyn|Connor|Gremze|Urgulk|Wolfstream Abbey|Henry Sleepsong|Ilguz Clan|Mercy Windriver|Poppy Everhold|Tanzo,16,Trollhills|Blackburn|Crafthold|Liavarah|Alivyre|Guldrur|Kaitlyn|Connor|Gremze|Urgulk|Abbey|Henry|Ilguz|Mercy|Poppy|Tanzo,canonical|alias
169867,_local/session_notes/IWTC session notes 51-100.md,session_notes,_local/session_notes/IWTC session notes 51-100.md,585,624,org_myconids|pers_liavarah|pers_fulbert|pers_liacyne|pers_urgulk|pers_henry|pers_mercy|art_iris,Myconids|Liavarah|Fulbert Highwell|Liacyne Heseth|Urgulk|Henry Sleepsong|Mercy Windriver|IRIS,8,Myconid Colony|Liavarah|Myconids|Fulbert|Liacyne|Urgulk|Henry|Mercy|IRIS,alias|canonical
169868,_local/session_notes/IWTC session notes 51-100.md,session_notes,_local/session_notes/IWTC session notes 51-100.md,625,655,loc_crafthold|play_bysickle|org_myconids|pers_fulbert|pers_urgulk|pers_henry|org_hands,Crafthold|Bysickle|Myconids|Fulbert Highwell|Urgulk|Henry Sleepsong|Hands of Liamassa,7,Crafthold|Bysickle|Myconids|Fulbert|Urgulk|Henry|Hand,canonical|alias
169869,_local/session_notes/IWTC session notes 51-100.md,session_notes,_local/session_notes/IWTC session notes 51-100.md,656,666,loc_blackburn|loc_crafthold|pers_liavarah|pers_alivyre|pers_faeryne|pers_fulbert|pers_liacyne|pers_luminia|pers_idolus|pers_urgulk|loc_abbey|pers_aniya|pers_fritz|pers_henry|pers_mercy|pers_tanzo|pers_unala|pers_addy|pers_bear|pers_drib|pers_jane|pers_sala|pers_bre,Blackburn|Crafthold|Liavarah|Alivyre Dawntracker|Faeryne|Fulbert Highwell|Liacyne Heseth|Luminia|Idolus|Urgulk|Wolfstream Abbey|Aniya Laccion|Fritz|Henry Sleepsong|Mercy Windriver|Tanzo|Unala Vortoise|Addy|Bear|Drib Gnoss|Jane|Salaisha|Breanna Arch,23,Blackburn|Crafthold|Liavarah|Alivyre|Faeryne|Fulbert|Liacyne|Luminia|Idolus|Urgulk|Abbey|Aniya|Fritz|Henry|Mercy|Tanzo|Unala|Addy|Bear|Drib|Jane|Sala|Bre,canonical|alias
169871,_local/session_notes/IWTC session notes 51-100.md,session_notes,_local/session_notes/IWTC session notes 51-100.md,669,708,loc_crafthold|play_bysickle|pers_liavarah|org_myconids|pers_fulbert|pers_liacyne|pers_urgulk|pers_henry|pers_mercy|pers_poppy|pers_tanzo|pers_claw|art_iris|pers_jane,Crafthold|Bysickle|Liavarah|Myconids|Fulbert Highwell|Liacyne Heseth|Urgulk|Henry Sleepsong|Mercy Windriver|Poppy Everhold|Tanzo|Claw of Ironfang|IRIS|Jane,14,Crafthold|Bysickle|Liavarah|Myconids|Fulbert|Liacyne|Urgulk|Henry|Mercy|Poppy|Tanzo|Claw|IRIS|Jane,canonical|alias
169872,_local/session_notes/IWTC session notes 51-100.md,session_notes,_local/session_notes/IWTC session notes 51-100.md,709,726,loc_druwen|pers_david_bowie|loc_crafthold|loc_abbey|pers_aniya|pers_goren|pers_soren|pers_bear|pers_bre,Duchy of Druwen|David Bowie|Crafthold|Wolfstream Abbey|Aniya Laccion|Goren|Soren|Bear|Breanna Arch,9,Duchy of Druwen|David Bowie|Crafthold|Abbey|Aniya|Goren|Soren|Bear|Bre,canonical|alias
169874,_local/session_notes/IWTC session notes 51-100.md,session_notes,_local/session_notes/IWTC session notes 51-100.md,731,734,loc_crafthold|pers_tanzo|pers_drib|org_iwtc,Crafthold|Tanzo|Drib Gnoss|Iron Wolf Trading Company,4,Crafthold|Tanzo|Drib|IWTC,canonical|alias
169875,_local/session_notes/IWTC session notes 51-100.md,session_notes,_local/session_notes/IWTC session notes 51-100.md,735,740,org_academy_elysia,Elysian Academy,1,Academy,alias
169876,_local/session_notes/IWTC session notes 51-100.md,session_notes,_local/session_notes/IWTC session notes 51-100.md,741,752,loc_blackburn|loc_crafthold|pers_alivyre|pers_cergad|pers_hammer|pers_eghad|pers_tanzo|pers_drib,Blackburn|Crafthold|Alivyre Dawntracker|Cergad|Hammer of Ironfang|Eghad|Tanzo|Drib Gnoss,8,Blackburn|Crafthold|Alivyre|Cergad|Hammer|Eghad|Tanzo|Drib,canonical|alias
169877,_local/session_notes/IWTC session notes 51-100.md,session_notes,_local/session_notes/IWTC session notes 51-100.md,753,780,loc_crafthold|pers_liavarah|pers_faeryne|pers_fulbert|pers_liacyne|play_spartan|pers_idolus|play_kalina|pers_urgulk|play_venric|pers_aniya|play_crowe|org_hands|pers_light|pers_bear|pers_bre,Crafthold|Liavarah|Faeryne|Fulbert Highwell|Liacyne Heseth|Spartan|Idolus|Kalina|Urgulk|Venric|Aniya Laccion|Crowe|Hands of Liamassa|Light of Ironfang|Bear|Breanna Arch,16,Crafthold|Liavarah|Faeryne|Fulbert|Liacyne|Spartan|Idolus|Kalina|Urgulk|Venric|Aniya|Crowe|Hands|Light|Bear|Bre,canonical|alias
169878,_local/session_notes/IWTC session notes 51-100.md,session_notes,_local/session_notes/IWTC session notes 51-100.md,781,786,pers_liavarah|pers_mercy|pers_bre,Liavarah|Mercy Windriver|Breanna Arch,3,Liavarah|Mercy|Bre,canonical|alias
169881,_local/session_notes/IWTC session notes 51-100.md,session_notes,_local/session_notes/IWTC session notes 51-100.md,791,800,loc_blackburn|loc_crafthold|pers_liavarah|pers_alivyre|pers_faeryne|pers_fulbert|pers_liacyne|pers_idolus|pers_urgulk|pers_aniya|pers_henry|pers_tanzo|pers_unala|pers_bear|pers_drib|pers_jane|pers_sala|pers_bre,Blackburn|Crafthold|Liavarah|Alivyre Dawntracker|Faeryne|Fulbert Highwell|Liacyne Heseth|Idolus|Urgulk|Aniya Laccion|Henry Sleepsong|Tanzo|Unala Vortoise|Bear|Drib Gnoss|Jane|Salaisha|Breanna Arch,18,Blackburn|Crafthold|Liavarah|Alivyre|Faeryne|Fulbert|Liacyne|Idolus|Urgulk|Aniya|Henry|Tanzo|Unala|Bear|Drib|Jane|Sala|Bre,canonical|alias
169882,_local/session_notes/IWTC session notes 51-100.md,session_notes,_local/session_notes/IWTC session notes 51-100.md,801,815,pers_david_herder|loc_trollhills|loc_blackburn|loc_crafthold|pers_connor|pers_aniya|pers_mercy,David Herder|Trollhills|Blackburn|Crafthold|Connor|Aniya Laccion|Mercy Windriver,7,David Herder|Trollhills|Blackburn|Crafthold|Connor|Aniya|Mercy,canonical|alias
169883,_local/session_notes/IWTC session notes 51-100.md,session_notes,_local/session_notes/IWTC session notes 51-100.md,816,854,loc_trollhills|loc_blackburn|loc_crafthold|org_sleepsong|pers_liavarah|pers_faeryne|pers_fulbert|pers_kaitlyn|pers_luminia|loc_dhassa|pers_hadar|pers_henry|pers_kavar|pers_mercy|pers_soren|pers_unala|pers_aren|pers_bear|pers_sala|pers_bre,Trollhills|Blackburn|Crafthold|Sleepsong Clan|Liavarah|Faeryne|Fulbert Highwell|Kaitlyn|Luminia|Dhassa|Hadar|Henry Sleepsong|Kavar Protis|Mercy Windriver|Soren|Unala Vortoise|Aren|Bear|Salaisha|Breanna Arch,20,Trollhills|Blackburn|Crafthold|Sleepsong|Liavarah|Faeryne|Fulbert|Kaitlyn|Luminia|Dhassa|Hadar|Henry|Kavar|Mercy|Soren|Unala|Varah|Aren|Bear|Sala|Bre,canonical|alias
169884,_local/session_notes/IWTC session notes 51-100.md,session_notes,_local/session_notes/IWTC session notes 51-100.md,855,860,loc_blackburn|loc_crafthold|pers_liavarah|pers_alivyre|pers_henry|pers_kavar|pers_tanzo,Blackburn|Crafthold|Liavarah|Alivyre Dawntracker|Henry Sleepsong|Kavar Protis|Tanzo,7,Blackburn|Crafthold|Liavarah|Alivyre|Henry|Kavar|Tanzo,canonical|alias
169885,_local/session_notes/IWTC session notes 51-100.md,session_notes,_local/session_notes/IWTC session notes 51-100.md,861,871,loc_trollhills|loc_blackburn|loc_crafthold|org_academy_elysia|pers_baltael|pers_faeryne|pers_luminia|pers_cergad|pers_urgulk|pers_henry|pers_jemmy|pers_kavar|pers_mercy|pers_tanzo|pers_unala|pers_sala,Trollhills|Blackburn|Crafthold|Elysian Academy|Baltael|Faeryne|Luminia|Cergad|Urgulk|Henry Sleepsong|Jemmy|Kavar Protis|Mercy Windriver|Tanzo|Unala Vortoise|Salaisha,16,Trollhills|Blackburn|Crafthold|Academy|Baltael|Faeryne|Luminia|Cergad|Urgulk|Henry|Jemmy|Kavar|Mercy|Tanzo|Unala|Sala,canonical|alias
169886,_local/session_notes/IWTC session notes 51-100.md,session_notes,_local/session_notes/IWTC session notes 51-100.md,872,877,pers_david_bowie|loc_crafthold|pers_henry|pers_poppy,David Bowie|Crafthold|Henry Sleepsong|Poppy Everhold,4,David Bowie|Crafthold|Henry|Poppy,canonical|alias
169887,_local/session_notes/IWTC session notes 51-100.md,session_notes,_local/session_notes/IWTC session notes 51-100.md,878,883,pers_victor|pers_mercy|pers_bre,Victor D Evernight|Mercy Windriver|Breanna Arch,3,Victor|Mercy|Bre,alias
169888,_local/session_notes/IWTC session notes 51-100.md,session_notes,_local/session_notes/IWTC session notes 51-100.md,884,889,loc_crafthold|org_academy_elysia|pers_baltael|pers_faeryne|pers_darren|pers_spike|pers_cara,Crafthold|Elysian Academy|Baltael|Faeryne|Darren Moore|Spike of Ironfang|Cara Windsoul,7,Crafthold|Academy|Baltael|Faeryne|Darren|Spike|Cara,canonical|alias
169889,_local/session_notes/IWTC session notes 51-100.md,session_notes,_local/session_notes/IWTC session notes 51-100.md,890,900,loc_druwen|pers_henry|loc_wolfstream|pers_liavarah|pers_faeryne|pers_mercy|pers_cara,Duchy of Druwen|Henry Sleepsong|Wolfstream Village|Liavarah|Faeryne|Mercy Windriver|Cara Windsoul,7,Duchy of Druwen|Henry Sleepsong|Wolfstream|Liavarah|Faeryne|Henry|Mercy|Cara,canonical|alias
169890,_local/session_notes/IWTC session notes 51-100.md,session_notes,_local/session_notes/IWTC session notes 51-100.md,901,904,org_myconids|loc_crafthold|pers_luminia|pers_darren|pers_mercy|pers_cara|pers_jane|pers_sala,Myconids|Crafthold|Luminia|Darren Moore|Mercy Windriver|Cara Windsoul|Jane|Salaisha,8,Myconid Colony|Crafthold|Luminia|Darren|Mercy|Cara|Jane|Sala,alias|canonical
169891,_local/session_notes/IWTC session notes 51-100.md,session_notes,_local/session_notes/IWTC session notes 51-100.md,905,942,loc_trollhills|loc_blackburn|loc_crafthold|org_sleepsong|play_bysickle|pers_liavarah|pers_baltael|pers_faeryne|pers_liacyne|pers_darren|play_kalina|pers_urgulk|play_venric|play_crowe|pers_henry|pers_mercy|pers_unala|org_iwtc|pers_sala|pers_bre,Trollhills|Blackburn|Crafthold|Sleepsong Clan|Bysickle|Liavarah|Baltael|Faeryne|Liacyne Heseth|Darren Moore|Kalina|Urgulk|Venric|Crowe|Henry Sleepsong|Mercy Windriver|Unala Vortoise|Iron Wolf Trading Company|Salaisha|Breanna Arch,20,Trollhills|Blackburn|Crafthold|Sleepsong|Bysickle|Liavarah|Baltael|Faeryne|Liacyne|Darren|Kalina|Urgulk|Venric|Crowe|Henry|Mercy|Unala|IWTC|Sala|Bre,canonical|alias
169892,_local/session_notes/IWTC session notes 51-100.md,session_notes,_local/session_notes/IWTC session notes 51-100.md,943,1004,pers_ungagh_bloodaxe|loc_crafthold|loc_stonehome|pers_dakgorim|pers_liavarah|pers_newberry|pers_alivyre|loc_guldrur|pers_liacyne|pers_gremze|loc_rarmal|pers_urgulk|pers_victor|pers_henry|factn_ilguz|pers_mercy|pers_tanzo|pers_beni|pers_edda|org_iwtc,Ungagh Bloodaxe|Crafthold|Stonehome|Dakgorim|Liavarah|Evan Newberry|Alivyre Dawntracker|Guldrur|Liacyne Heseth|Gremze|Rarmal|Urgulk|Victor D Evernight|Henry Sleepsong|Ilguz Clan|Mercy Windriver|Tanzo|Beni Tinkerlaugh|Edda MacInnis|Iron Wolf Trading Company,20,Ungagh Bloodaxe|Crafthold|Stonehome|Dakgorim|Liavarah|Newberry|Alivyre|Guldrur|Liacyne|Gremze|Rarmal|Urgulk|Victor|Henry|Ilguz|Mercy|Tanzo|Beni|Edda|IWTC,canonical|alias
169893,_local/session_notes/IWTC session notes 51-100.md,session_notes,_local/session_notes/IWTC session notes 51-100.md,1005,1061,loc_blackburn|loc_crafthold|play_bysickle|pers_liavarah|pers_fulbert|pers_liacyne|pers_credus|pers_darren|pers_idolus|play_kalina|play_venric|pers_aniya|pers_azaar|play_crowe|pers_eghad|pers_mercy|pers_tanzo|pers_unala|pers_bear|pers_jane|creat_mine|pers_sala|pers_bre,Blackburn|Crafthold|Bysickle|Liavarah|Fulbert Highwell|Liacyne Heseth|Credus|Darren Moore|Idolus|Kalina|Venric|Aniya Laccion|Azaar|Crowe|Eghad|Mercy Windriver|Tanzo|Unala Vortoise|Bear|Jane|Mine|Salaisha|Breanna Arch,23,Blackburn|Crafthold|Bysickle|Liavarah|Fulbert|Liacyne|Credus|Darren|Idolus|Kalina|Venric|Aniya|Azaar|Crowe|Eghad|Mercy|Tanzo|Unala|Bear|Jane|Mine|Sala|Bre,canonical|alias
169894,_local/session_notes/IWTC session notes 51-100.md,session_notes,_local/session_notes/IWTC session notes 51-100.md,1062,1069,pers_aniya,Aniya Laccion,1,Aniya,alias
169895,_local/session_notes/IWTC session notes 51-100.md,session_notes,_local/session_notes/IWTC session notes 51-100.md,1070,1092,pers_zanlen|pers_ylola|pers_kendel|loc_cliffborough|loc_crafthold|loc_stonehome|pers_alivyre|pers_faeryne|pers_liacyne|loc_druwen|pers_gremze|loc_rarmal|pers_urgulk|pers_victor|loc_abbey|pers_henry|pers_tanzo|pers_beni|pers_drib,Zanlen Broadstitch|Ylola Toggleblock|Kendel Shamaris|Cliffborough|Crafthold|Stonehome|Alivyre Dawntracker|Faeryne|Liacyne Heseth|Duchy of Druwen|Gremze|Rarmal|Urgulk|Victor D Evernight|Wolfstream Abbey|Henry Sleepsong|Tanzo|Beni Tinkerlaugh|Drib Gnoss,19,Zanlen Broadstitch|Ylola Toggleblock|Kendel Shamaris|Cliffborough|Crafthold|Stonehome|Alivyre|Faeryne|Liacyne|Druwen|Gremze|Rarmal|Urgulk|Victor|Abbey|Henry|Tanzo|Beni|Drib,canonical|alias
169896,_local/session_notes/IWTC session notes 51-100.md,session_notes,_local/session_notes/IWTC session notes 51-100.md,1093,1184,loc_wolfstream|loc_druwen|loc_brightfield|loc_blackwood|loc_crafthold|org_sleepsong|loc_stonehome|pers_ungagh_bloodaxe|pers_caldwell|pers_liavarah|pers_baltael|loc_brechin|pers_faeryne|loc_guldrur|org_jackals|pers_luminia|loc_dhassa|loc_rarmal|pers_urgulk|loc_abbey|pers_henry|pers_soren|org_iwtc,Wolfstream Village|Duchy of Druwen|Brightfields Village|Blackwood|Crafthold|Sleepsong Clan|Stonehome|Ungagh Bloodaxe|Selis Caldwell|Liavarah|Baltael|Brechin|Faeryne|Guldrur|Silver Jackals|Luminia|Dhassa|Rarmal|Urgulk|Wolfstream Abbey|Henry Sleepsong|Soren|Iron Wolf Trading Company,23,Wolfstream Village|Duchy of Druwen|Brightfield|Wolfstream|Blackwood|Crafthold|Sleepsong|Stonehome|Bloodaxe|Caldwell|Liavarah|Baltael|Brechin|Faeryne|Guldrur|Jackals|Luminia|Dhassa|Druwen|Rarmal|Urgulk|Abbey|Henry|Soren|IWTC,canonical|alias
169897,_local/session_notes/IWTC session notes 51-100.md,session_notes,_local/session_notes/IWTC session notes 51-100.md,1185,1202,pers_liavarah|pers_faeryne|pers_luminia|pers_urgulk|pers_henry|pers_light,Liavarah|Faeryne|Luminia|Urgulk|Henry Sleepsong|Light of Ironfang,6,Liavarah|Faeryne|Luminia|Urgulk|Henry|Light|Varah,canonical|alias
169899,_local/session_notes/IWTC session notes 51-100.md,session_notes,_local/session_notes/IWTC session notes 51-100.md,1205,1258,loc_brightfield|loc_trollhills|loc_blackburn|loc_crafthold|pers_newberry|pers_faeryne|pers_liacyne|pers_darren|pers_urgulk|pers_chuck|pers_poppy|pers_soren|pers_unala|pers_bear|pers_sala|pers_bre|creat_pet,Brightfields Village|Trollhills|Blackburn|Crafthold|Evan Newberry|Faeryne|Liacyne Heseth|Darren Moore|Urgulk|Chuck|Poppy Everhold|Soren|Unala Vortoise|Bear|Salaisha|Breanna Arch|Pet,17,Brightfield|Trollhills|Blackburn|Crafthold|Newberry|Faeryne|Liacyne|Darren|Urgulk|Chuck|Poppy|Soren|Unala|Bear|Sala|Bre|Pet,alias|canonical
169901,_local/session_notes/IWTC session notes 51-100.md,session_notes,_local/session_notes/IWTC session notes 51-100.md,1261,1290,loc_trollhills|loc_crafthold|pers_faeryne|pers_liacyne|pers_cergad|pers_darren|pers_light|pers_unala|pers_bear|creat_mine|pers_sala|pers_bre|creat_pet,Trollhills|Crafthold|Faeryne|Liacyne Heseth|Cergad|Darren Moore|Light of Ironfang|Unala Vortoise|Bear|Mine|Salaisha|Breanna Arch|Pet,13,Trollhills|Crafthold|Faeryne|Liacyne|Cergad|Darren|Light|Unala|Bear|Mine|Sala|Bre|Pet,canonical|alias
169903,_local/session_notes/IWTC session notes 51-100.md,session_notes,_local/session_notes/IWTC session notes 51-100.md,1293,1319,org_ch_greenhouse|loc_trollhills|pers_faeryne|pers_garrick|pers_liacyne|pers_cergad|pers_darren|pers_unala|pers_bear|pers_sala|pers_bre|creat_pet,Crafthold Greenhouse|Trollhills|Faeryne|Garrick|Liacyne Heseth|Cergad|Darren Moore|Unala Vortoise|Bear|Salaisha|Breanna Arch|Pet,12,Crafthold Greenhouse|Trollhills|Faeryne|Garrick|Liacyne|Cergad|Darren|Unala|Bear|Sala|Bre|Pet,canonical|alias
169905,_local/session_notes/IWTC session notes 51-100.md,session_notes,_local/session_notes/IWTC session notes 51-100.md,1322,1363,loc_trollhills|pers_garrick|pers_liacyne|pers_darren|pers_horrom|pers_ebele|pers_light|pers_unala|pers_venfi|pers_bear|creat_mine|pers_bre|creat_pet,Trollhills|Garrick|Liacyne Heseth|Darren Moore|Horrom|Ebele|Light of Ironfang|Unala Vortoise|Venfi|Bear|Mine|Breanna Arch|Pet,13,Trollhills|Garrick|Liacyne|Darren|Horrom|Ebele|Light|Unala|Venfi|Bear|Mine|Bre|Pet,canonical|alias
169907,_local/session_notes/IWTC session notes 51-100.md,session_notes,_local/session_notes/IWTC session notes 51-100.md,1366,1378,loc_trollhills|art_folly|pers_garrick|pers_liacyne|pers_andrei|pers_darren|pers_horrom|pers_josiah|pers_katia|pers_unala|pers_bear|pers_kate|creat_mine|pers_bre,Trollhills|The Folly|Garrick|Liacyne Heseth|Andrei|Darren Moore|Horrom|Josiah|Katia|Unala Vortoise|Bear|Kate|Mine|Breanna Arch,14,Trollhills|The Folly|Garrick|Liacyne|Andrei|Darren|Horrom|Josiah|Katia|Unala|Bear|Kate|Mine|Bre,canonical|alias
169909,_local/session_notes/IWTC session notes 51-100.md,session_notes,_local/session_notes/IWTC session notes 51-100.md,1381,1449,loc_trollhills|art_folly|pers_charlie|pers_garrick|pers_liacyne|pers_andrei|pers_darren|pers_horrom|pers_jamfyr|pers_josiah|pers_robbie|pers_sekani|pers_taylor|pers_draug|pers_ebele|pers_grace|pers_hrafn|pers_katia|pers_malou|pers_quave|pers_quinn|pers_tawyn|pers_unala|pers_venfi|pers_aren|pers_bear|pers_kate|creat_mine|pers_nala|pers_obby|pers_rami|pers_sens|pers_bre|creat_pet,Trollhills|The Folly|Charlie|Garrick|Liacyne Heseth|Andrei|Darren Moore|Horrom|Jamfyr|Josiah|Robbie|Sekani|Taylor|Draug|Ebele|Grace Kinneon|Hrafn|Katia|Malou|Quave|Quinn|Tawyn|Unala Vortoise|Venfi|Aren|Bear|Kate|Mine|Nala|Obby|Rami|Sens|Breanna Arch|Pet,34,Trollhills|The Folly|Charlie|Garrick|Liacyne|Andrei|Darren|Horrom|Jamfyr|Josiah|Robbie|Sekani|Taylor|Draug|Ebele|Folly|Grace|Hrafn|Katia|Malou|Quave|Quinn|Tawyn|Unala|Venfi|Aren|Bear|Kate|Mine|Nala|Obby|Rami|Sens|Bre|Pet,canonical|alias
169910,_local/session_notes/IWTC session notes 51-100.md,session_notes,_local/session_notes/IWTC session notes 51-100.md,1450,1480,loc_cameth|pers_charlie|pers_garrick|pers_liacyne|pers_andrei|pers_cergad|pers_darren|pers_horrom|pers_jamfyr|pers_josiah|pers_sekani|pers_taylor|pers_draug|pers_ebele|pers_grace|pers_hrafn|pers_katia|pers_malou|pers_quave|pers_tawyn|pers_unala|pers_venfi|pers_aren|pers_bear|pers_kate|pers_nala|pers_rami|pers_sens|pers_bre,Cameth Brin|Charlie|Garrick|Liacyne Heseth|Andrei|Cergad|Darren Moore|Horrom|Jamfyr|Josiah|Sekani|Taylor|Draug|Ebele|Grace Kinneon|Hrafn|Katia|Malou|Quave|Tawyn|Unala Vortoise|Venfi|Aren|Bear|Kate|Nala|Rami|Sens|Breanna Arch,29,Cameth Brin|Charlie|Garrick|Liacyne|Andrei|Cergad|Darren|Horrom|Jamfyr|Josiah|Sekani|Taylor|Draug|Ebele|Grace|Hrafn|Katia|Malou|Quave|Tawyn|Unala|Venfi|Aren|Bear|Kate|Nala|Rami|Sens|Bre,canonical|alias
169911,_local/session_notes/IWTC session notes 51-100.md,session_notes,_local/session_notes/IWTC session notes 51-100.md,1481,1506,loc_cameth|loc_crafthold|art_folly|play_bysickle|pers_garrick|pers_liacyne|pers_cergad|pers_darren|pers_horrom|pers_taylor|pers_grace|pers_quave|pers_unala|pers_bear|org_hands|pers_bre,Cameth Brin|Crafthold|The Folly|Bysickle|Garrick|Liacyne Heseth|Cergad|Darren Moore|Horrom|Taylor|Grace Kinneon|Quave|Unala Vortoise|Bear|Hands of Liamassa|Breanna Arch,16,Cameth Brin|Crafthold|The Folly|Bysickle|Garrick|Liacyne|Cergad|Darren|Horrom|Taylor|Grace|Quave|Unala|Bear|Hand|Bre,canonical|alias
169912,_local/session_notes/IWTC session notes 51-100.md,session_notes,_local/session_notes/IWTC session notes 51-100.md,1507,1555,pers_liavarah|pers_faeryne|pers_luminia|pers_urgulk|pers_hadar|pers_henry|creat_mine,Liavarah|Faeryne|Luminia|Urgulk|Hadar|Henry Sleepsong|Mine,7,Liavarah|Faeryne|Luminia|Urgulk|Hadar|Henry|Varah|Mine,canonical|alias
169913,_local/session_notes/IWTC session notes 51-100.md,session_notes,_local/session_notes/IWTC session notes 51-100.md,1556,1595,org_sleepsong|pers_liavarah|pers_faeryne|pers_luminia|pers_urgulk|pers_hadar|pers_henry,Sleepsong Clan|Liavarah|Faeryne|Luminia|Urgulk|Hadar|Henry Sleepsong,7,Sleepsong|Liavarah|Faeryne|Luminia|Urgulk|Hadar|Henry|Varah,alias|canonical
169914,_local/session_notes/IWTC session notes 51-100.md,session_notes,_local/session_notes/IWTC session notes 51-100.md,1596,1623,org_sleepsong|pers_liavarah|pers_baltael|pers_faeryne|pers_luminia|pers_urgulk|pers_hadar|pers_henry|pers_light,Sleepsong Clan|Liavarah|Baltael|Faeryne|Luminia|Urgulk|Hadar|Henry Sleepsong|Light of Ironfang,9,Sleepsong|Liavarah|Baltael|Faeryne|Luminia|Urgulk|Hadar|Henry|Light,alias|canonical
169915,_local/session_notes/IWTC session notes 51-100.md,session_notes,_local/session_notes/IWTC session notes 51-100.md,1624,1657,pers_liavarah|pers_faeryne|pers_luminia|pers_urgulk|pers_henry,Liavarah|Faeryne|Luminia|Urgulk|Henry Sleepsong,5,Liavarah|Faeryne|Luminia|Urgulk|Henry|Varah,canonical|alias
169916,_local/session_notes/IWTC session notes 51-100.md,session_notes,_local/session_notes/IWTC session notes 51-100.md,1658,1664,loc_crafthold|org_academy_elysia|pers_mercy|org_iwtc,Crafthold|Elysian Academy|Mercy Windriver|Iron Wolf Trading Company,4,Crafthold|Academy|Mercy|IWTC,canonical|alias
169917,_local/session_notes/IWTC session notes 51-100.md,session_notes,_local/session_notes/IWTC session notes 51-100.md,1665,1684,loc_cameth|loc_wolfstream|loc_crafthold|art_folly|factn_krach-ul|pers_garrick|pers_liacyne|pers_cergad|pers_darren|pers_horrom|loc_abbey|pers_ebele|pers_tanzo|pers_unala|pers_sala|pers_bre|creat_pet,Cameth Brin|Wolfstream Village|Crafthold|The Folly|Krach-ul Clan|Garrick|Liacyne Heseth|Cergad|Darren Moore|Horrom|Wolfstream Abbey|Ebele|Tanzo|Unala Vortoise|Salaisha|Breanna Arch|Pet,17,Cameth Brin|Wolfstream|Crafthold|The Folly|Krach-ul|Garrick|Liacyne|Cergad|Darren|Horrom|Abbey|Ebele|Tanzo|Unala|Sala|Bre|Pet,canonical|alias
169918,_local/session_notes/IWTC session notes 51-100.md,session_notes,_local/session_notes/IWTC session notes 51-100.md,1685,1690,loc_crafthold|pers_garrick|pers_liacyne|pers_darren|pers_unala|pers_bre,Crafthold|Garrick|Liacyne Heseth|Darren Moore|Unala Vortoise|Breanna Arch,6,Crafthold|Garrick|Liacyne|Darren|Unala|Bre,canonical|alias
169919,_local/session_notes/IWTC session notes 51-100.md,session_notes,_local/session_notes/IWTC session notes 51-100.md,1691,1704,pers_liavarah|pers_faeryne|pers_luminia|pers_urgulk|pers_henry,Liavarah|Faeryne|Luminia|Urgulk|Henry Sleepsong,5,Liavarah|Faeryne|Luminia|Urgulk|Henry,canonical|alias
169920,_local/session_notes/IWTC session notes 51-100.md,session_notes,_local/session_notes/IWTC session notes 51-100.md,1705,1730,pers_liavarah|pers_baltael|pers_faeryne|pers_luminia|pers_urgulk|pers_hadar|pers_henry,Liavarah|Baltael|Faeryne|Luminia|Urgulk|Hadar|Henry Sleepsong,7,Liavarah|Baltael|Faeryne|Luminia|Urgulk|Hadar|Henry|Varah,canonical|alias
169921,_local/session_notes/IWTC session notes 51-100.md,session_notes,_local/session_notes/IWTC session notes 51-100.md,1731,1750,pers_liavarah|pers_baltael|pers_faeryne|pers_luminia|pers_urgulk|play_venric|pers_henry,Liavarah|Baltael|Faeryne|Luminia|Urgulk|Venric|Henry Sleepsong,7,Liavarah|Baltael|Faeryne|Luminia|Urgulk|Venric|Henry|Varah,canonical|alias
169922,_local/session_notes/IWTC session notes 51-100.md,session_notes,_local/session_notes/IWTC session notes 51-100.md,1751,1787,loc_brightfield|loc_trollhills|loc_blackburn|loc_crafthold|art_folly|pers_liavarah|pers_faeryne|pers_garrick|pers_luminia|factn_modrons|pers_credus|pers_sekani|pers_urgulk|pers_victor|loc_abbey|pers_grace|pers_hadar|pers_henry|creat_huana|pers_mercy|pers_poppy|pers_quave|pers_tanzo|pers_aren|pers_bear|pers_bre,Brightfields Village|Trollhills|Blackburn|Crafthold|The Folly|Liavarah|Faeryne|Garrick|Luminia|Modrons|Credus|Sekani|Urgulk|Victor D Evernight|Wolfstream Abbey|Grace Kinneon|Hadar|Henry Sleepsong|Huana|Mercy Windriver|Poppy Everhold|Quave|Tanzo|Aren|Bear|Breanna Arch,26,Brightfield|Trollhills|Blackburn|Crafthold|The Folly|Liavarah|Faeryne|Garrick|Luminia|Modrons|Credus|Sekani|Urgulk|Victor|Abbey|Grace|Hadar|Henry|Huana|Mercy|Poppy|Quave|Tanzo|Varah|Aren|Bear|Bre,alias|canonical
169923,_local/session_notes/IWTC session notes 51-100.md,session_notes,_local/session_notes/IWTC session notes 51-100.md,1788,1838,off_lead_glimmerwell|pers_getkleblish|off_lead_cliffborough|off_lead_stonehome|pers_zanlen|pers_emlin|pers_ylola|pers_beni|pers_lannji|pers_kendel|loc_cliffborough|pers_david_bowie|loc_blackburn|loc_crafthold|loc_stonehome|art_folly|play_bysickle|pers_liavarah|org_red_fang|pers_alivyre|pers_faeryne|pers_liacyne|pers_luminia|pers_saphira|pers_cergad|pers_credus|pers_darren|play_kalina|pers_aniya|play_crowe|pers_eghad|pers_fritz|pers_henry|creat_huana|pers_mercy|pers_tanzo|pers_unala|pers_addy|pers_bear|pers_jane|pers_bre,Leader of Glimmerwell Shrine|Getkleblish Shorttwist|Leader of Cliffborough|Leader of Stonehome|Zanlen Broadstitch|Emlin Fuzzyneedle|Ylola Toggleblock|Beni Tinkerlaugh|Lannji Wildstone|Kendel Shamaris|Cliffborough|David Bowie|Blackburn|Crafthold|Stonehome|The Folly|Bysickle|Liavarah|Red Fang|Alivyre Dawntracker|Faeryne|Liacyne Heseth|Luminia|Saphira Celestia|Cergad|Credus|Darren Moore|Kalina|Aniya Laccion|Crowe|Eghad|Fritz|Henry Sleepsong|Huana|Mercy Windriver|Tanzo|Unala Vortoise|Addy|Bear|Jane|Breanna Arch,41,Leader of Glimmerwell Shrine|Getkleblish Shorttwist|Leader of Cliffborough|Leader of Stonehome|Zanlen Broadstitch|Emlin Fuzzyneedle|Ylola Toggleblock|Beni Tinkerlaugh|Lannji Wildstone|Kendel Shamaris|Cliffborough|David Bowie|Blackburn|Crafthold|Stonehome|The Folly|Bysickle|Liavarah|Red Fang|Alivyre|Faeryne|Liacyne|Luminia|Saphira|Cergad|Credus|Darren|Kalina|Aniya|Crowe|Eghad|Fritz|Henry|Huana|Mercy|Tanzo|Unala|Addy|Bear|Jane|Bre,canonical|alias
169924,_local/session_notes/IWTC session notes 51-100.md,session_notes,_local/session_notes/IWTC session notes 51-100.md,1839,1858,creat_little_bear|loc_crafthold|loc_stonehome|pers_caldwell|pers_alivyre|pers_liacyne|factn_modrons|pers_credus|pers_gremze|loc_rarmal|loc_abbey|pers_aniya|pers_henry|creat_huana|pers_bear|pers_bre,Little Bear|Crafthold|Stonehome|Selis Caldwell|Alivyre Dawntracker|Liacyne Heseth|Modrons|Credus|Gremze|Rarmal|Wolfstream Abbey|Aniya Laccion|Henry Sleepsong|Huana|Bear|Breanna Arch,16,Little Bear|Crafthold|Stonehome|Caldwell|Alivyre|Liacyne|Modrons|Credus|Gremze|Rarmal|Abbey|Aniya|Henry|Huana|Bear|Bre,canonical|alias
169925,_local/session_notes/IWTC session notes 51-100.md,session_notes,_local/session_notes/IWTC session notes 51-100.md,1859,1882,org_cavekeepers|loc_blackburn|loc_crafthold|pers_alivyre|pers_faeryne|pers_liacyne|pers_luminia|factn_modrons|pers_bixley|pers_credus|loc_druwen|pers_elias|pers_henry|pers_kavar|pers_mercy|pers_tanzo,Cave Keepers|Blackburn|Crafthold|Alivyre Dawntracker|Faeryne|Liacyne Heseth|Luminia|Modrons|Bixley|Credus|Duchy of Druwen|Elias Stormriver|Henry Sleepsong|Kavar Protis|Mercy Windriver|Tanzo,16,Cave Keepers|Blackburn|Crafthold|Alivyre|Faeryne|Liacyne|Luminia|Modrons|Bixley|Credus|Druwen|Elias|Henry|Kavar|Mercy|Tanzo,canonical|alias
169926,_local/session_notes/IWTC session notes 51-100.md,session_notes,_local/session_notes/IWTC session notes 51-100.md,1883,1900,creat_little_bear|loc_blackburn|loc_crafthold|pers_macfeegle|pers_caldwell|pers_newberry|pers_baltael|pers_faeryne|pers_kierton|pers_credus|pers_darren|pers_victor|pers_mercy|pers_rhona|pers_tanzo|pers_unala|pers_jane,Little Bear|Blackburn|Crafthold|MacFeegle|Selis Caldwell|Evan Newberry|Baltael|Faeryne|Kierton|Credus|Darren Moore|Victor D Evernight|Mercy Windriver|Rhona|Tanzo|Unala Vortoise|Jane,17,Little Bear|Blackburn|Crafthold|MacFeegle|Caldwell|Newberry|Baltael|Faeryne|Kierton|Credus|Darren|Victor|Mercy|Rhona|Tanzo|Unala|Jane,canonical|alias
169927,_local/session_notes/IWTC session notes 51-100.md,session_notes,_local/session_notes/IWTC session notes 51-100.md,1901,1914,pers_faeryne|pers_garrick|pers_kierton|pers_luminia|pers_saphira|pers_darren|pers_sekani|pers_victor|art_folly|pers_grace|pers_hrafn|pers_rhona|pers_unala|pers_kate|creat_mine|creat_pet,Faeryne|Garrick|Kierton|Luminia|Saphira Celestia|Darren Moore|Sekani|Victor D Evernight|The Folly|Grace Kinneon|Hrafn|Rhona|Unala Vortoise|Kate|Mine|Pet,16,Faeryne|Garrick|Kierton|Luminia|Saphira|Darren|Sekani|Victor|Folly|Grace|Hrafn|Rhona|Unala|Kate|Mine|Pet,canonical|alias
169928,_local/session_notes/IWTC session notes 51-100.md,session_notes,_local/session_notes/IWTC session notes 51-100.md,1915,1946,loc_brightfield|loc_crafthold|art_folly|pers_newberry|pers_faeryne|pers_luminia|pers_saphira|pers_cergad|pers_darren|loc_rarmal|pers_victor|loc_abbey|pers_clara|pers_ebele|pers_grace|pers_henry|pers_mercy|pers_tanzo|pers_unala|pers_edda|pers_jane,Brightfields Village|Crafthold|The Folly|Evan Newberry|Faeryne|Luminia|Saphira Celestia|Cergad|Darren Moore|Rarmal|Victor D Evernight|Wolfstream Abbey|Clara|Ebele|Grace Kinneon|Henry Sleepsong|Mercy Windriver|Tanzo|Unala Vortoise|Edda MacInnis|Jane,21,Brightfield|Crafthold|The Folly|Newberry|Faeryne|Luminia|Saphira|Cergad|Darren|Rarmal|Victor|Abbey|Clara|Ebele|Grace|Henry|Mercy|Tanzo|Unala|Edda|Jane,alias|canonical
169929,_local/session_notes/IWTC session notes 51-100.md,session_notes,_local/session_notes/IWTC session notes 51-100.md,1947,1974,factn_burzath|loc_blackburn|loc_crafthold|loc_stonehome|pers_tiber|pers_alivyre|pers_liacyne|pers_saphira|pers_credus|pers_gremze|pers_clara|play_delta|pers_mercy|pers_unala|pers_jane|pers_sala|pers_bre|creat_pet,Burzath Clan|Blackburn|Crafthold|Stonehome|Tiber Nox|Alivyre Dawntracker|Liacyne Heseth|Saphira Celestia|Credus|Gremze|Clara|Delta|Mercy Windriver|Unala Vortoise|Jane|Salaisha|Breanna Arch|Pet,18,Burzath Clan|Blackburn|Crafthold|Stonehome|Tiber Nox|Alivyre|Liacyne|Saphira|Credus|Gremze|Clara|Delta|Mercy|Tiber|Unala|Jane|Sala|Bre|Pet,canonical|alias
169930,_local/session_notes/IWTC session notes 51-100.md,session_notes,_local/session_notes/IWTC session notes 51-100.md,1975,2027,loc_crafthold|pers_faeryne|pers_garrick|pers_saphira|pers_darren|pers_gremze|pers_victor|art_folly|pers_mercy|pers_jane|play_amy|pers_lou,Crafthold|Faeryne|Garrick|Saphira Celestia|Darren Moore|Gremze|Victor D Evernight|The Folly|Mercy Windriver|Jane|Amy|Lou,12,Crafthold|Faeryne|Garrick|Saphira|Darren|Gremze|Victor|Folly|Mercy|Jane|Amy|Lou,canonical|alias
169652,_local/session_notes/Kavar notes.md,session_notes,_local/session_notes/Kavar notes.md,1,4,org_iwtc|pers_kavar|play_bysickle|play_charis,Iron Wolf Trading Company|Kavar Protis|Bysickle|Charis,4,Iron Wolf Trading Company|Kavar Protis|Bysickle|Charis,canonical
169654,_local/session_notes/Kavar notes.md,session_notes,_local/session_notes/Kavar notes.md,7,8,play_charis,Charis,1,Charis,canonical
169655,_local/session_notes/Kavar notes.md,session_notes,_local/session_notes/Kavar notes.md,9,15,pers_torchholder|org_diamond|loc_elulind|loc_dhassa,Kama Torchholder|Black Diamond|Kingdom of Elulind|Dhassa,4,Kama Torchholder|Black Diamond|Elulind|Dhassa,canonical|alias
169656,_local/session_notes/Kavar notes.md,session_notes,_local/session_notes/Kavar notes.md,16,17,play_phil,Phil,1,Phil,canonical
169657,_local/session_notes/Kavar notes.md,session_notes,_local/session_notes/Kavar notes.md,18,26,pers_kavar,Kavar Protis,1,Kavar,alias
169658,_local/session_notes/Kavar notes.md,session_notes,_local/session_notes/Kavar notes.md,27,28,play_charis,Charis,1,Charis,canonical
169659,_local/session_notes/Kavar notes.md,session_notes,_local/session_notes/Kavar notes.md,29,34,pers_kavar,Kavar Protis,1,Kavar,alias
169660,_local/session_notes/Kavar notes.md,session_notes,_local/session_notes/Kavar notes.md,35,36,play_phil,Phil,1,Phil,canonical
169661,_local/session_notes/Kavar notes.md,session_notes,_local/session_notes/Kavar notes.md,37,41,pers_kavar,Kavar Protis,1,Kavar,alias
169662,_local/session_notes/Kavar notes.md,session_notes,_local/session_notes/Kavar notes.md,42,43,play_charis,Charis,1,Charis,canonical
169663,_local/session_notes/Kavar notes.md,session_notes,_local/session_notes/Kavar notes.md,44,50,org_hands,Hands of Liamassa,1,Hands,alias
169664,_local/session_notes/Kavar notes.md,session_notes,_local/session_notes/Kavar notes.md,51,52,play_phil,Phil,1,Phil,canonical
169665,_local/session_notes/Kavar notes.md,session_notes,_local/session_notes/Kavar notes.md,53,57,pers_kavar,Kavar Protis,1,Kavar,alias
169666,_local/session_notes/Kavar notes.md,session_notes,_local/session_notes/Kavar notes.md,58,59,play_charis,Charis,1,Charis,canonical
169667,_local/session_notes/Kavar notes.md,session_notes,_local/session_notes/Kavar notes.md,60,64,loc_abbey|loc_torenth,Wolfstream Abbey|Torenth,2,Wolfstream Abbey|Torenth,canonical
169668,_local/session_notes/Kavar notes.md,session_notes,_local/session_notes/Kavar notes.md,65,66,play_phil,Phil,1,Phil,canonical
169669,_local/session_notes/Kavar notes.md,session_notes,_local/session_notes/Kavar notes.md,67,71,pers_kavar,Kavar Protis,1,Kavar,alias
169670,_local/session_notes/Kavar notes.md,session_notes,_local/session_notes/Kavar notes.md,72,73,play_charis,Charis,1,Charis,canonical
169672,_local/session_notes/Kavar notes.md,session_notes,_local/session_notes/Kavar notes.md,79,80,play_phil,Phil,1,Phil,canonical
169673,_local/session_notes/Kavar notes.md,session_notes,_local/session_notes/Kavar notes.md,81,89,loc_torenth|loc_abbey|pers_kavar|org_hands,Torenth|Wolfstream Abbey|Kavar Protis|Hands of Liamassa,4,Torenth|Abbey|Kavar|Hand,canonical|alias
169674,_local/session_notes/Kavar notes.md,session_notes,_local/session_notes/Kavar notes.md,90,91,play_charis,Charis,1,Charis,canonical
169676,_local/session_notes/Kavar notes.md,session_notes,_local/session_notes/Kavar notes.md,97,98,play_phil,Phil,1,Phil,canonical
169677,_local/session_notes/Kavar notes.md,session_notes,_local/session_notes/Kavar notes.md,99,105,org_diamond|loc_torenth|pers_kavar,Black Diamond|Torenth|Kavar Protis,3,Black Diamond|Torenth|Kavar,canonical|alias
169679,_local/session_notes/Kavar notes.md,session_notes,_local/session_notes/Kavar notes.md,108,109,play_charis,Charis,1,Charis,canonical
169681,_local/session_notes/Kavar notes.md,session_notes,_local/session_notes/Kavar notes.md,115,116,play_phil,Phil,1,Phil,canonical
169682,_local/session_notes/Kavar notes.md,session_notes,_local/session_notes/Kavar notes.md,117,121,loc_torenth|pers_kavar,Torenth|Kavar Protis,2,Torenth|Kavar,canonical|alias
169683,_local/session_notes/Kavar notes.md,session_notes,_local/session_notes/Kavar notes.md,122,123,play_charis,Charis,1,Charis,canonical
169685,_local/session_notes/Kavar notes.md,session_notes,_local/session_notes/Kavar notes.md,130,131,play_phil,Phil,1,Phil,canonical
169686,_local/session_notes/Kavar notes.md,session_notes,_local/session_notes/Kavar notes.md,132,136,pers_kavar,Kavar Protis,1,Kavar,alias
169687,_local/session_notes/Kavar notes.md,session_notes,_local/session_notes/Kavar notes.md,137,138,play_charis,Charis,1,Charis,canonical
169688,_local/session_notes/Kavar notes.md,session_notes,_local/session_notes/Kavar notes.md,139,144,loc_torenth,Torenth,1,Torenth,canonical
169689,_local/session_notes/Kavar notes.md,session_notes,_local/session_notes/Kavar notes.md,145,146,play_phil,Phil,1,Phil,canonical
169690,_local/session_notes/Kavar notes.md,session_notes,_local/session_notes/Kavar notes.md,147,151,pers_kavar,Kavar Protis,1,Kavar,alias
169691,_local/session_notes/Kavar notes.md,session_notes,_local/session_notes/Kavar notes.md,152,153,play_charis,Charis,1,Charis,canonical
169693,_local/session_notes/Kavar notes.md,session_notes,_local/session_notes/Kavar notes.md,159,160,play_phil,Phil,1,Phil,canonical
169695,_local/session_notes/Kavar notes.md,session_notes,_local/session_notes/Kavar notes.md,167,168,play_charis,Charis,1,Charis,canonical
169697,_local/session_notes/Kavar notes.md,session_notes,_local/session_notes/Kavar notes.md,174,175,play_phil,Phil,1,Phil,canonical
169698,_local/session_notes/Kavar notes.md,session_notes,_local/session_notes/Kavar notes.md,176,180,pers_kavar,Kavar Protis,1,Kavar,alias
169699,_local/session_notes/Kavar notes.md,session_notes,_local/session_notes/Kavar notes.md,181,182,play_charis,Charis,1,Charis,canonical
169701,_local/session_notes/Kavar notes.md,session_notes,_local/session_notes/Kavar notes.md,193,194,play_phil,Phil,1,Phil,canonical
169702,_local/session_notes/Kavar notes.md,session_notes,_local/session_notes/Kavar notes.md,195,203,pers_kavar,Kavar Protis,1,Kavar,alias
169703,_local/session_notes/Kavar notes.md,session_notes,_local/session_notes/Kavar notes.md,204,205,play_charis,Charis,1,Charis,canonical
169705,_local/session_notes/Kavar notes.md,session_notes,_local/session_notes/Kavar notes.md,216,217,play_phil,Phil,1,Phil,canonical
169707,_local/session_notes/Kavar notes.md,session_notes,_local/session_notes/Kavar notes.md,223,224,play_charis,Charis,1,Charis,canonical
169709,_local/session_notes/Kavar notes.md,session_notes,_local/session_notes/Kavar notes.md,230,231,play_phil,Phil,1,Phil,canonical
169711,_local/session_notes/Kavar notes.md,session_notes,_local/session_notes/Kavar notes.md,237,238,play_charis,Charis,1,Charis,canonical
169713,_local/session_notes/Kavar notes.md,session_notes,_local/session_notes/Kavar notes.md,244,245,play_phil,Phil,1,Phil,canonical
169714,_local/session_notes/Kavar notes.md,session_notes,_local/session_notes/Kavar notes.md,246,250,pers_kavar,Kavar Protis,1,Kavar,alias
169715,_local/session_notes/Kavar notes.md,session_notes,_local/session_notes/Kavar notes.md,251,252,play_charis,Charis,1,Charis,canonical
169717,_local/session_notes/Kavar notes.md,session_notes,_local/session_notes/Kavar notes.md,258,259,play_phil,Phil,1,Phil,canonical
169718,_local/session_notes/Kavar notes.md,session_notes,_local/session_notes/Kavar notes.md,260,264,org_hands|pers_kavar,Hands of Liamassa|Kavar Protis,2,Hands|Kavar,alias
169719,_local/session_notes/Kavar notes.md,session_notes,_local/session_notes/Kavar notes.md,265,266,play_charis,Charis,1,Charis,canonical
169720,_local/session_notes/Kavar notes.md,session_notes,_local/session_notes/Kavar notes.md,267,279,pers_kavar,Kavar Protis,1,Kavar,alias
169721,_local/session_notes/Kavar notes.md,session_notes,_local/session_notes/Kavar notes.md,280,281,play_phil,Phil,1,Phil,canonical
169723,_local/session_notes/Kavar notes.md,session_notes,_local/session_notes/Kavar notes.md,287,288,play_charis,Charis,1,Charis,canonical
169725,_local/session_notes/Kavar notes.md,session_notes,_local/session_notes/Kavar notes.md,294,295,play_phil,Phil,1,Phil,canonical
169726,_local/session_notes/Kavar notes.md,session_notes,_local/session_notes/Kavar notes.md,296,300,pers_kavar,Kavar Protis,1,Kavar,alias
169727,_local/session_notes/Kavar notes.md,session_notes,_local/session_notes/Kavar notes.md,301,302,play_charis,Charis,1,Charis,canonical
169728,_local/session_notes/Kavar notes.md,session_notes,_local/session_notes/Kavar notes.md,303,307,pers_aren,Aren,1,Aren,canonical
169729,_local/session_notes/Kavar notes.md,session_notes,_local/session_notes/Kavar notes.md,308,309,play_phil,Phil,1,Phil,canonical
169730,_local/session_notes/Kavar notes.md,session_notes,_local/session_notes/Kavar notes.md,310,314,pers_kavar|pers_aren,Kavar Protis|Aren,2,Kavar|Aren,alias|canonical
169731,_local/session_notes/Kavar notes.md,session_notes,_local/session_notes/Kavar notes.md,315,316,play_charis,Charis,1,Charis,canonical
169732,_local/session_notes/Kavar notes.md,session_notes,_local/session_notes/Kavar notes.md,317,321,pers_kavar,Kavar Protis,1,Kavar,alias
169733,_local/session_notes/Kavar notes.md,session_notes,_local/session_notes/Kavar notes.md,322,323,play_phil,Phil,1,Phil,canonical
169734,_local/session_notes/Kavar notes.md,session_notes,_local/session_notes/Kavar notes.md,324,332,pers_kavar,Kavar Protis,1,Kavar,alias
169735,_local/session_notes/Kavar notes.md,session_notes,_local/session_notes/Kavar notes.md,333,334,play_charis,Charis,1,Charis,canonical
169736,_local/session_notes/Kavar notes.md,session_notes,_local/session_notes/Kavar notes.md,335,340,pers_moon,Moon,1,Moon,canonical
169737,_local/session_notes/Kavar notes.md,session_notes,_local/session_notes/Kavar notes.md,341,342,play_charis,Charis,1,Charis,canonical
169738,_local/session_notes/Kavar notes.md,session_notes,_local/session_notes/Kavar notes.md,343,348,pers_kavar,Kavar Protis,1,Kavar,alias
169739,_local/session_notes/Kavar notes.md,session_notes,_local/session_notes/Kavar notes.md,349,350,play_phil,Phil,1,Phil,canonical
169740,_local/session_notes/Kavar notes.md,session_notes,_local/session_notes/Kavar notes.md,351,356,pers_kavar,Kavar Protis,1,Kavar,alias
169741,_local/session_notes/Kavar notes.md,session_notes,_local/session_notes/Kavar notes.md,357,358,play_charis,Charis,1,Charis,canonical
169743,_local/session_notes/Kavar notes.md,session_notes,_local/session_notes/Kavar notes.md,365,366,play_phil,Phil,1,Phil,canonical
169744,_local/session_notes/Kavar notes.md,session_notes,_local/session_notes/Kavar notes.md,367,371,pers_aren,Aren,1,Aren,canonical
169745,_local/session_notes/Kavar notes.md,session_notes,_local/session_notes/Kavar notes.md,372,373,play_charis,Charis,1,Charis,canonical
169747,_local/session_notes/Kavar notes.md,session_notes,_local/session_notes/Kavar notes.md,379,380,play_charis,Charis,1,Charis,canonical
169749,_local/session_notes/Kavar notes.md,session_notes,_local/session_notes/Kavar notes.md,386,387,play_phil,Phil,1,Phil,canonical
169750,_local/session_notes/Kavar notes.md,session_notes,_local/session_notes/Kavar notes.md,388,392,loc_torenth|pers_kavar,Torenth|Kavar Protis,2,Torenth|Kavar,canonical|alias
169751,_local/session_notes/Kavar notes.md,session_notes,_local/session_notes/Kavar notes.md,393,394,play_charis,Charis,1,Charis,canonical
169752,_local/session_notes/Kavar notes.md,session_notes,_local/session_notes/Kavar notes.md,395,400,pers_kavar,Kavar Protis,1,Kavar,alias
169753,_local/session_notes/Kavar notes.md,session_notes,_local/session_notes/Kavar notes.md,401,402,play_phil,Phil,1,Phil,canonical
169754,_local/session_notes/Kavar notes.md,session_notes,_local/session_notes/Kavar notes.md,403,411,pers_kavar,Kavar Protis,1,Kavar,alias
169755,_local/session_notes/Kavar notes.md,session_notes,_local/session_notes/Kavar notes.md,412,413,play_charis,Charis,1,Charis,canonical
169757,_local/session_notes/Kavar notes.md,session_notes,_local/session_notes/Kavar notes.md,419,420,play_phil,Phil,1,Phil,canonical
169758,_local/session_notes/Kavar notes.md,session_notes,_local/session_notes/Kavar notes.md,421,425,pers_kavar,Kavar Protis,1,Kavar,alias
169759,_local/session_notes/Kavar notes.md,session_notes,_local/session_notes/Kavar notes.md,426,427,play_charis,Charis,1,Charis,canonical
169761,_local/session_notes/Kavar notes.md,session_notes,_local/session_notes/Kavar notes.md,433,434,play_phil,Phil,1,Phil,canonical
169762,_local/session_notes/Kavar notes.md,session_notes,_local/session_notes/Kavar notes.md,435,439,pers_kavar,Kavar Protis,1,Kavar,alias
169763,_local/session_notes/Kavar notes.md,session_notes,_local/session_notes/Kavar notes.md,440,441,play_charis,Charis,1,Charis,canonical
169765,_local/session_notes/Kavar notes.md,session_notes,_local/session_notes/Kavar notes.md,452,453,play_phil,Phil,1,Phil,canonical
169766,_local/session_notes/Kavar notes.md,session_notes,_local/session_notes/Kavar notes.md,454,458,pers_kavar,Kavar Protis,1,Kavar,alias
169767,_local/session_notes/Kavar notes.md,session_notes,_local/session_notes/Kavar notes.md,459,460,play_charis,Charis,1,Charis,canonical
169769,_local/session_notes/Kavar notes.md,session_notes,_local/session_notes/Kavar notes.md,467,468,play_phil,Phil,1,Phil,canonical
169771,_local/session_notes/Kavar notes.md,session_notes,_local/session_notes/Kavar notes.md,474,475,play_charis,Charis,1,Charis,canonical
169773,_local/session_notes/Kavar notes.md,session_notes,_local/session_notes/Kavar notes.md,481,482,play_phil,Phil,1,Phil,canonical
169774,_local/session_notes/Kavar notes.md,session_notes,_local/session_notes/Kavar notes.md,483,487,pers_kavar,Kavar Protis,1,Kavar,alias
169775,_local/session_notes/Kavar notes.md,session_notes,_local/session_notes/Kavar notes.md,488,489,play_charis,Charis,1,Charis,canonical
169776,_local/session_notes/Kavar notes.md,session_notes,_local/session_notes/Kavar notes.md,490,495,org_hands,Hands of Liamassa,1,Hands,alias
169777,_local/session_notes/Kavar notes.md,session_notes,_local/session_notes/Kavar notes.md,496,497,play_phil,Phil,1,Phil,canonical
169778,_local/session_notes/Kavar notes.md,session_notes,_local/session_notes/Kavar notes.md,498,506,pers_kavar,Kavar Protis,1,Kavar,alias
169779,_local/session_notes/Kavar notes.md,session_notes,_local/session_notes/Kavar notes.md,507,508,play_charis,Charis,1,Charis,canonical
169780,_local/session_notes/Kavar notes.md,session_notes,_local/session_notes/Kavar notes.md,509,514,pers_kavar,Kavar Protis,1,Kavar,alias
169781,_local/session_notes/Kavar notes.md,session_notes,_local/session_notes/Kavar notes.md,515,516,play_phil,Phil,1,Phil,canonical
169782,_local/session_notes/Kavar notes.md,session_notes,_local/session_notes/Kavar notes.md,517,521,pers_kavar,Kavar Protis,1,Kavar,alias
169783,_local/session_notes/Kavar notes.md,session_notes,_local/session_notes/Kavar notes.md,522,523,play_charis,Charis,1,Charis,canonical
169785,_local/session_notes/Kavar notes.md,session_notes,_local/session_notes/Kavar notes.md,530,531,play_phil,Phil,1,Phil,canonical
169786,_local/session_notes/Kavar notes.md,session_notes,_local/session_notes/Kavar notes.md,532,536,pers_kavar,Kavar Protis,1,Kavar,alias
169787,_local/session_notes/Kavar notes.md,session_notes,_local/session_notes/Kavar notes.md,537,538,play_charis,Charis,1,Charis,canonical
169788,_local/session_notes/Kavar notes.md,session_notes,_local/session_notes/Kavar notes.md,539,544,pers_kavar,Kavar Protis,1,Kavar,alias
169789,_local/session_notes/Kavar notes.md,session_notes,_local/session_notes/Kavar notes.md,545,546,play_phil,Phil,1,Phil,canonical
169790,_local/session_notes/Kavar notes.md,session_notes,_local/session_notes/Kavar notes.md,547,551,pers_kavar,Kavar Protis,1,Kavar,alias
169791,_local/session_notes/Kavar notes.md,session_notes,_local/session_notes/Kavar notes.md,552,553,play_charis,Charis,1,Charis,canonical
169793,_local/session_notes/Kavar notes.md,session_notes,_local/session_notes/Kavar notes.md,560,561,play_phil,Phil,1,Phil,canonical
169795,_local/session_notes/Kavar notes.md,session_notes,_local/session_notes/Kavar notes.md,567,568,play_charis,Charis,1,Charis,canonical
169797,_local/session_notes/Kavar notes.md,session_notes,_local/session_notes/Kavar notes.md,575,576,play_phil,Phil,1,Phil,canonical
169798,_local/session_notes/Kavar notes.md,session_notes,_local/session_notes/Kavar notes.md,577,581,pers_kavar,Kavar Protis,1,Kavar,alias
169799,_local/session_notes/Kavar notes.md,session_notes,_local/session_notes/Kavar notes.md,582,583,play_charis,Charis,1,Charis,canonical
169801,_local/session_notes/Kavar notes.md,session_notes,_local/session_notes/Kavar notes.md,590,591,play_phil,Phil,1,Phil,canonical
169803,_local/session_notes/Kavar notes.md,session_notes,_local/session_notes/Kavar notes.md,597,598,play_charis,Charis,1,Charis,canonical
169805,_local/session_notes/Kavar notes.md,session_notes,_local/session_notes/Kavar notes.md,605,606,play_phil,Phil,1,Phil,canonical
169807,_local/session_notes/Kavar notes.md,session_notes,_local/session_notes/Kavar notes.md,612,613,play_charis,Charis,1,Charis,canonical
169809,_local/session_notes/Kavar notes.md,session_notes,_local/session_notes/Kavar notes.md,619,620,play_phil,Phil,1,Phil,canonical
169810,_local/session_notes/Kavar notes.md,session_notes,_local/session_notes/Kavar notes.md,621,626,pers_kavar,Kavar Protis,1,Kavar,alias
169811,_local/session_notes/Kavar notes.md,session_notes,_local/session_notes/Kavar notes.md,627,628,play_charis,Charis,1,Charis,canonical
169813,_local/session_notes/Kavar notes.md,session_notes,_local/session_notes/Kavar notes.md,639,640,play_phil,Phil,1,Phil,canonical
169814,_local/session_notes/Kavar notes.md,session_notes,_local/session_notes/Kavar notes.md,641,645,pers_kavar,Kavar Protis,1,Kavar,alias
169815,_local/session_notes/Kavar notes.md,session_notes,_local/session_notes/Kavar notes.md,646,669,loc_blackburn|loc_crafthold|pers_liavarah|pers_faeryne|pers_fulbert|pers_kaitlyn|pers_luminia|loc_dhassa|pers_hadar|pers_henry|pers_kavar|pers_mercy|pers_soren|pers_unala|pers_aren|pers_bear|pers_sala|pers_bre,Blackburn|Crafthold|Liavarah|Faeryne|Fulbert Highwell|Kaitlyn|Luminia|Dhassa|Hadar|Henry Sleepsong|Kavar Protis|Mercy Windriver|Soren|Unala Vortoise|Aren|Bear|Salaisha|Breanna Arch,18,Blackburn|Crafthold|Liavarah|Faeryne|Fulbert|Kaitlyn|Luminia|Dhassa|Hadar|Henry|Kavar|Mercy|Soren|Unala|Aren|Bear|Sala|Bre,canonical|alias
169816,_local/session_notes/Kavar notes.md,session_notes,_local/session_notes/Kavar notes.md,670,682,org_diamond|loc_crafthold|org_sleepsong|pers_cullen|loc_dhassa|pers_henry|pers_kavar|org_hands,Black Diamond|Crafthold|Sleepsong Clan|Alister Cullen|Dhassa|Henry Sleepsong|Kavar Protis|Hands of Liamassa,8,Black Diamond|Crafthold|Sleepsong|Cullen|Dhassa|Henry|Kavar|Hand,canonical|alias
169818,_local/session_notes/Kavar notes.md,session_notes,_local/session_notes/Kavar notes.md,685,690,org_diamond,Black Diamond,1,Black Diamond,canonical
169820,_local/session_notes/Kavar notes.md,session_notes,_local/session_notes/Kavar notes.md,693,701,pers_kavar,Kavar Protis,1,Kavar,alias
169822,_local/session_notes/Kavar notes.md,session_notes,_local/session_notes/Kavar notes.md,704,708,org_sleepsong,Sleepsong Clan,1,Sleepsong,alias
169828,_local/session_notes/Kavar notes.md,session_notes,_local/session_notes/Kavar notes.md,725,735,org_diamond|loc_dhassa|pers_henry|pers_kavar,Black Diamond|Dhassa|Henry Sleepsong|Kavar Protis,4,Black Diamond|Dhassa|Henry|Kavar,canonical|alias
169833,_local/session_notes/Kavar notes.md,session_notes,_local/session_notes/Kavar notes.md,747,750,org_ravencrest|off_ops_sleepsong_enforcer|pers_thalia|org_sleepsong|pers_henry|pers_kavar,Ravencrest Merchant Family|Sleepsong Enforcer|Thalia Ravencrest|Sleepsong Clan|Henry Sleepsong|Kavar Protis,6,Ravencrest Merchant Family|Sleepsong Enforcer|Thalia Ravencrest|Sleepsong|Henry|Kavar,canonical|alias
169835,_local/session_notes/Kavar notes.md,session_notes,_local/session_notes/Kavar notes.md,753,766,pers_henry|pers_kavar,Henry Sleepsong|Kavar Protis,2,Henry|Kavar,alias
169837,_local/session_notes/Kavar notes.md,session_notes,_local/session_notes/Kavar notes.md,769,775,pers_henry,Henry Sleepsong,1,Henry,alias
169838,_local/session_notes/Kavar notes.md,session_notes,_local/session_notes/Kavar notes.md,776,788,pers_shworn|play_bysickle|pers_alivyre|play_charis|pers_fenrir|play_venric|pers_henry|pers_kavar,Shworn Sleepsong|Bysickle|Alivyre Dawntracker|Charis|Fenrir|Venric|Henry Sleepsong|Kavar Protis,8,Shworn Sleepsong|Bysickle|Alivyre|Charis|Fenrir|Shworn|Venric|Henry|Kavar,canonical|alias
169581,_local/session_notes/current_IWTC session notes.md,session_notes,_local/session_notes/current_IWTC session notes.md,1,14,pers_liavarah|pers_alivyre|pers_faeryne|pers_luminia|pers_credus|pers_elaris|play_kalina|pers_mowser|play_crowe|pers_elias|pers_henry|pers_holly|pers_unala|pers_aren|play_amy|creat_pet,Liavarah|Alivyre Dawntracker|Faeryne|Luminia|Credus|Elaris Thorne|Kalina|Mowser|Crowe|Elias Stormriver|Henry Sleepsong|Holly|Unala Vortoise|Aren|Amy|Pet,16,Liavarah|Alivyre|Faeryne|Luminia|Credus|Elaris|Kalina|Mowser|Crowe|Elias|Henry|Holly|Unala|Aren|Amy|Pet,canonical|alias
169582,_local/session_notes/current_IWTC session notes.md,session_notes,_local/session_notes/current_IWTC session notes.md,15,61,pers_liavarah|pers_alivyre|pers_faeryne|pers_luminia|pers_saphira|pers_bixley|pers_credus|pers_elaris|play_kalina|pers_mowser|play_venric|play_crowe|pers_cunai|pers_holly|creat_huana|pers_poppy|pers_terry|pers_unala|org_hands|pers_katy|pers_sala|play_amy|creat_pet,Liavarah|Alivyre Dawntracker|Faeryne|Luminia|Saphira Celestia|Bixley|Credus|Elaris Thorne|Kalina|Mowser|Venric|Crowe|Cunai la Diara|Holly|Huana|Poppy Everhold|Terry|Unala Vortoise|Hands of Liamassa|Katy|Salaisha|Amy|Pet,23,Liavarah|Alivyre|Faeryne|Luminia|Saphira|Bixley|Credus|Elaris|Kalina|Mowser|Venric|Crowe|Cunai|Holly|Huana|Poppy|Terry|Unala|Varah|Hand|Katy|Sala|Amy|Pet,canonical|alias
169583,_local/session_notes/current_IWTC session notes.md,session_notes,_local/session_notes/current_IWTC session notes.md,62,96,loc_crafthold|pers_liavarah|org_academy_elysia|pers_alivyre|pers_faeryne|pers_luminia|pers_saphira|pers_credus|pers_elaris|play_kalina|pers_mowser|play_venric|play_crowe|pers_cunai|pers_holly|creat_huana|pers_poppy|pers_terry|pers_unala|pers_katy|pers_sala|play_amy|creat_pet,Crafthold|Liavarah|Elysian Academy|Alivyre Dawntracker|Faeryne|Luminia|Saphira Celestia|Credus|Elaris Thorne|Kalina|Mowser|Venric|Crowe|Cunai la Diara|Holly|Huana|Poppy Everhold|Terry|Unala Vortoise|Katy|Salaisha|Amy|Pet,23,Crafthold|Liavarah|Academy|Alivyre|Faeryne|Luminia|Saphira|Credus|Elaris|Kalina|Mowser|Venric|Crowe|Cunai|Holly|Huana|Poppy|Terry|Unala|Katy|Sala|Amy|Pet,canonical|alias
169584,_local/session_notes/current_IWTC session notes.md,session_notes,_local/session_notes/current_IWTC session notes.md,97,142,factn_tolanites|pers_alivyre|pers_faeryne|pers_luminia|pers_saphira|pers_credus|pers_elaris|pers_hammer|play_kalina|play_venric|play_crowe|pers_cunai|pers_holly|pers_poppy|pers_terry|pers_unala|org_hands|pers_katy|pers_sala|play_amy,Tolanites|Alivyre Dawntracker|Faeryne|Luminia|Saphira Celestia|Credus|Elaris Thorne|Hammer of Ironfang|Kalina|Venric|Crowe|Cunai la Diara|Holly|Poppy Everhold|Terry|Unala Vortoise|Hands of Liamassa|Katy|Salaisha|Amy,20,Tolanite|Alivyre|Faeryne|Luminia|Saphira|Credus|Elaris|Hammer|Kalina|Venric|Crowe|Cunai|Holly|Poppy|Terry|Unala|Hand|Katy|Sala|Amy,alias|canonical
169585,_local/session_notes/current_IWTC session notes.md,session_notes,_local/session_notes/current_IWTC session notes.md,143,160,pers_liavarah|pers_alivyre|pers_faeryne|pers_luminia|pers_credus|play_kalina|pers_mowser|play_crowe|pers_cunai|pers_holly|pers_light|pers_sala|play_amy,Liavarah|Alivyre Dawntracker|Faeryne|Luminia|Credus|Kalina|Mowser|Crowe|Cunai la Diara|Holly|Light of Ironfang|Salaisha|Amy,13,Liavarah|Alivyre|Faeryne|Luminia|Credus|Kalina|Mowser|Crowe|Cunai|Holly|Light|Sala|Amy,canonical|alias
169586,_local/session_notes/current_IWTC session notes.md,session_notes,_local/session_notes/current_IWTC session notes.md,161,175,loc_crafthold|pers_alivyre|pers_faeryne|pers_saphira|pers_bixley|pers_credus|pers_elaris|play_kalina|pers_mowser|play_venric|pers_victor|play_crowe|pers_cunai|pers_holly|pers_poppy|pers_katy|play_amy,Crafthold|Alivyre Dawntracker|Faeryne|Saphira Celestia|Bixley|Credus|Elaris Thorne|Kalina|Mowser|Venric|Victor D Evernight|Crowe|Cunai la Diara|Holly|Poppy Everhold|Katy|Amy,17,Crafthold|Alivyre|Faeryne|Saphira|Bixley|Credus|Elaris|Kalina|Mowser|Venric|Victor|Crowe|Cunai|Holly|Poppy|Katy|Amy,canonical|alias
169587,_local/session_notes/current_IWTC session notes.md,session_notes,_local/session_notes/current_IWTC session notes.md,176,191,org_cavekeepers|pers_david_herder|org_ironfang|pers_faeryne|loc_guldrur|pers_liacyne|pers_luminia|pers_elaris|play_kalina|pers_holly|factn_ilguz|pers_spike|pers_tanzo|pers_unala|creat_mine|play_amy|creat_pet,Cave Keepers|David Herder|Ironfang|Faeryne|Guldrur|Liacyne Heseth|Luminia|Elaris Thorne|Kalina|Holly|Ilguz Clan|Spike of Ironfang|Tanzo|Unala Vortoise|Mine|Amy|Pet,17,Cave Keepers|David Herder|Ironfang|Faeryne|Guldrur|Liacyne|Luminia|Elaris|Kalina|Holly|Ilguz|Spike|Tanzo|Unala|Mine|Amy|Pet,canonical|alias
169588,_local/session_notes/current_IWTC session notes.md,session_notes,_local/session_notes/current_IWTC session notes.md,192,205,pers_arthur|pers_cergad|pers_elaris|play_kalina|pers_victor|pers_aniya|play_crowe|pers_holly|pers_soren|pers_terry|pers_jane|pers_katy|play_amy,Arthur Coldstone|Cergad|Elaris Thorne|Kalina|Victor D Evernight|Aniya Laccion|Crowe|Holly|Soren|Terry|Jane|Katy|Amy,13,Arthur Coldstone|Cergad|Elaris|Kalina|Victor|Aniya|Crowe|Holly|Soren|Terry|Jane|Katy|Amy,canonical|alias
169589,_local/session_notes/current_IWTC session notes.md,session_notes,_local/session_notes/current_IWTC session notes.md,206,263,org_ch_square|pers_liavarah|pers_alivyre|pers_faeryne|pers_liacyne|pers_arthur|pers_bixley|pers_credus|pers_elaris|play_kalina|pers_mowser|pers_victor|pers_aniya|play_crowe|pers_cunai|pers_hadar|pers_holly|pers_kluta|pers_poppy|pers_tanzo|pers_terry|pers_unala|pers_zedna|pers_aren|pers_cara|pers_katy|play_amy,Crafthold Town Square|Liavarah|Alivyre Dawntracker|Faeryne|Liacyne Heseth|Arthur Coldstone|Bixley|Credus|Elaris Thorne|Kalina|Mowser|Victor D Evernight|Aniya Laccion|Crowe|Cunai la Diara|Hadar|Holly|Kluta|Poppy Everhold|Tanzo|Terry|Unala Vortoise|Zedna Hresvelg|Aren|Cara Windsoul|Katy|Amy,27,Crafthold Town Square|Liavarah|Alivyre|Faeryne|Liacyne|Arthur|Bixley|Credus|Elaris|Kalina|Mowser|Victor|Aniya|Crowe|Cunai|Hadar|Holly|Kluta|Poppy|Tanzo|Terry|Unala|Zedna|Aren|Cara|Katy|Amy,canonical|alias
169590,_local/session_notes/current_IWTC session notes.md,session_notes,_local/session_notes/current_IWTC session notes.md,264,296,pers_faeryne|pers_saphira|pers_elaris|play_kalina|play_crowe|pers_kluta|pers_zedna|pers_katy|play_amy,Faeryne|Saphira Celestia|Elaris Thorne|Kalina|Crowe|Kluta|Zedna Hresvelg|Katy|Amy,9,Faeryne|Saphira|Elaris|Kalina|Crowe|Kluta|Zedna|Katy|Amy,canonical|alias
169591,_local/session_notes/current_IWTC session notes.md,session_notes,_local/session_notes/current_IWTC session notes.md,297,311,pers_credus|play_kalina|pers_victor|play_crowe|pers_holly|pers_kluta|pers_light|pers_katy|play_amy,Credus|Kalina|Victor D Evernight|Crowe|Holly|Kluta|Light of Ironfang|Katy|Amy,9,Credus|Kalina|Victor|Crowe|Holly|Kluta|Light|Katy|Amy,canonical|alias
169592,_local/session_notes/current_IWTC session notes.md,session_notes,_local/session_notes/current_IWTC session notes.md,312,359,loc_crafthold|org_academy_elysia|pers_alivyre|pers_faeryne|pers_liacyne|pers_luminia|pers_saphira|pers_credus|play_kalina|pers_victor|pers_aniya|play_crowe|pers_cunai|pers_holly|pers_kluta|pers_zedna|pers_aren|pers_katy|play_amy,Crafthold|Elysian Academy|Alivyre Dawntracker|Faeryne|Liacyne Heseth|Luminia|Saphira Celestia|Credus|Kalina|Victor D Evernight|Aniya Laccion|Crowe|Cunai la Diara|Holly|Kluta|Zedna Hresvelg|Aren|Katy|Amy,19,Crafthold|Academy|Alivyre|Faeryne|Liacyne|Luminia|Saphira|Credus|Kalina|Victor|Aniya|Crowe|Cunai|Holly|Kluta|Zedna|Aren|Katy|Amy,canonical|alias
169593,_local/session_notes/current_IWTC session notes.md,session_notes,_local/session_notes/current_IWTC session notes.md,360,369,pers_faeryne|pers_arthur|pers_elaris|play_kalina|play_crowe|play_amy,Faeryne|Arthur Coldstone|Elaris Thorne|Kalina|Crowe|Amy,6,Faeryne|Arthur|Elaris|Kalina|Crowe|Amy,canonical|alias
169594,_local/session_notes/current_IWTC session notes.md,session_notes,_local/session_notes/current_IWTC session notes.md,370,401,loc_crafthold|pers_alivyre|pers_faeryne|pers_liacyne|pers_luminia|factn_modrons|pers_credus|play_kalina|pers_victor|pers_aniya|pers_clara|play_crowe|pers_holly|pers_kluta|pers_mercy|pers_zedna|pers_moon|play_amy,Crafthold|Alivyre Dawntracker|Faeryne|Liacyne Heseth|Luminia|Modrons|Credus|Kalina|Victor D Evernight|Aniya Laccion|Clara|Crowe|Holly|Kluta|Mercy Windriver|Zedna Hresvelg|Moon|Amy,18,Crafthold|Alivyre|Faeryne|Liacyne|Luminia|Modrons|Credus|Kalina|Victor|Aniya|Clara|Crowe|Holly|Kluta|Mercy|Zedna|Moon|Amy,canonical|alias
169596,_local/session_notes/current_IWTC session notes.md,session_notes,_local/session_notes/current_IWTC session notes.md,411,455,loc_crafthold|loc_eth_aldur|loc_jotunheim|pers_macfeegle|loc_stonehome|pers_liavarah|pers_sala|factn_tolanites|pers_alivyre|pers_faeryne|pers_fulbert|pers_garrick|pers_liacyne|pers_saphira|pers_credus|pers_cursin|pers_darren|loc_dhassa|pers_idolus|pers_shworn|pers_urgulk|pers_victor|loc_abbey|pers_aniya|pers_azaar|pers_clara|pers_elias|pers_henry|pers_kavar|pers_mercy|pers_tanzo|pers_terry|pers_tiber|pers_touya|pers_unala|pers_bear|pers_beni|pers_cara|pers_drib|org_hands|pers_jane|pers_katy|pers_moon|pers_bre,Crafthold|Eth Aldur|Jotunheim Peaks|MacFeegle|Stonehome|Liavarah|Salaisha|Tolanites|Alivyre Dawntracker|Faeryne|Fulbert Highwell|Garrick|Liacyne Heseth|Saphira Celestia|Credus|Cursin Helmaid|Darren Moore|Dhassa|Idolus|Shworn Sleepsong|Urgulk|Victor D Evernight|Wolfstream Abbey|Aniya Laccion|Azaar|Clara|Elias Stormriver|Henry Sleepsong|Kavar Protis|Mercy Windriver|Tanzo|Terry|Tiber Nox|Touya Akira|Unala Vortoise|Bear|Beni Tinkerlaugh|Cara Windsoul|Drib Gnoss|Hands of Liamassa|Jane|Katy|Moon|Breanna Arch,44,Crafthold|Eth Aldur|Jotunheim|MacFeegle|Stonehome|Liavarah|Salaisha|Tolanite|Alivyre|Faeryne|Fulbert|Garrick|Liacyne|Saphira|Credus|Cursin|Darren|Dhassa|Idolus|Shworn|Urgulk|Victor|Abbey|Aniya|Azaar|Clara|Elias|Henry|Kavar|Mercy|Tanzo|Terry|Tiber|Touya|Unala|Bear|Beni|Cara|Drib|Hand|Jane|Katy|Moon|Bre,canonical|alias
